id,title,company_display_name,location_display,location_area,salary_min,salary_max,salary_is_predicted,contract_type,contract_time,category_label,created,description,redirect_url,search_query,search_location
5811069889,Founding Software Engineer,Trunorth Limited,"South East London, London","UK, London, South East London",100000,100000,0,permanent,,IT Jobs,2026-07-22T17:52:19Z,"Founding Software Engineer | AI Agents | San Francisco or London Location: San Francisco, CA or London, UK (London-based candidates must be willing to relocate to San Francisco in 2026) This is a genuine Founding Engineer opportunity to join an Andreessen Horowitz-backed AI startup as Engineer 2/3. Already trusted by Fortune 500 customers including a trillion-dollar enterprise you'll help build enterprise-grade AI agents that solve one of the most challenging problems in business automation: tr…",https://www.adzuna.co.uk/jobs/land/ad/5811069889?se=fGE_jQ6G8RGJg-uPs_L7lA&utm_medium=api&utm_source=c0698c3f&v=2C1E61B563850B946606C128CB6A26C4BE913D1C,software engineer,London
5794392860,Software Engineer,TradingHub,"London, UK","UK, London",52176.01,52176.01,1,contract,,IT Jobs,2026-07-09T19:45:34Z,"hackajob is collaborating with TradingHub to connect them with exceptional professionals for this role. Compensation: Competitive (Financial Services) About TradingHub Founded in 2010, TradingHub delivers uniquely intelligent trade surveillance software to world leading financial institutions. Developed by market professionals, our solutions use sophisticated modelling techniques to detect single and cross-product market manipulation. With a team of over 150 experts worldwide, TradingHub combin…",https://www.adzuna.co.uk/jobs/land/ad/5794392860?se=fGE_jQ6G8RGJg-uPs_L7lA&utm_medium=api&utm_source=c0698c3f&v=90F2A0A043D4557B5AEE8BF1EDEDFE7DA1BA1BE1,software engineer,London
5789987467,Software Engineer,Gemba Advantage,"London, UK","UK, London",64247.4,64247.4,1,,,IT Jobs,2026-07-06T16:39:16Z,"hackajob is collaborating with Gemba Advantage to connect them with exceptional professionals for this role. Please note: This role requires applicants to be willing and eligible to obtain SC and DV security clearance. This role also requires applicants to be willing to work on-site up to 4 days per week. At Gemba Advantage, we build secure, user-centred digital products for critical public sector organisations across the UK. Our teams work on complex, high-impact systems, the kind that have to…",https://www.adzuna.co.uk/jobs/land/ad/5789987467?se=fGE_jQ6G8RGJg-uPs_L7lA&utm_medium=api&utm_source=c0698c3f&v=5963824459D2601B63DC1E9A238BA5ADA084C638,software engineer,London
5809635180,Software Engineer,BAE Systems Digital Intelligence,"London, UK","UK, London",47480.75,47480.75,1,permanent,part_time,IT Jobs,2026-07-21T20:41:21Z,"hackajob is collaborating with BAE Systems Digital Intelligence to connect them with exceptional professionals for this role. Location(s): UK, Europe & Africa : UK : London BAE Systems Digital Intelligence is home to 4,500 digital, cyber and intelligence experts. We work collaboratively across 10 countries to collect, connect and understand complex data, so that governments, nation states, armed forces and commercial businesses can unlock digital advantage in the most demanding environments. . …",https://www.adzuna.co.uk/jobs/land/ad/5809635180?se=fGE_jQ6G8RGJg-uPs_L7lA&utm_medium=api&utm_source=c0698c3f&v=95899E7F7C710A27582016AFD119074DEA2426E6,software engineer,London
5809545819,Cyber Software Engineer,Anson Mccade,"London, UK","UK, London",80000,80000,0,permanent,part_time,IT Jobs,2026-07-21T17:55:34Z,"Cyber Software Engineer Locations: London, Manchester and Gloucester Work Model: On Site Salary: £60,000 - £80,000 Package Are you a Software Engineer looking to work on some of the UKs most complex cyber security challenges? This is an opportunity to join a highly skilled Operational Cyber team, developing innovative solutions that support critical national security missions. Youll work alongside experts in high-assurance development, vulnerability research, and cyber operations, applying you…",https://www.adzuna.co.uk/jobs/details/5809545819?utm_medium=api&utm_source=c0698c3f,software engineer,London
5808284300,Senior Software Engineer,Permax Recruitment Limited,"London, UK","UK, London",100000,100000,0,permanent,,IT Jobs,2026-07-20T18:07:46Z,"Senior Software Engineer (Cloud Infrastructure & DevOps) Location: London (Three days in office, two days wfh) Salary: £80,000 to £100,000 Bonus My client is seeking a Senior Software Engineer to lead our cloud infrastructure and DevOps practices within the Developers' Team. They are primarily a Professional Services firm serving customers in the Blockchain space, where technology enables greater efficiency and delivers solutions that arent feasible otherwise. While our team builds data pipeli…",https://www.adzuna.co.uk/jobs/details/5808284300?utm_medium=api&utm_source=c0698c3f,software engineer,London
5789988787,Principal Software Engineer,BAE Critical Skills,"New Malden, South West London","UK, London, South West London, New Malden",51229.63,51229.63,1,,,IT Jobs,2026-07-06T16:39:35Z,"hackajob is collaborating with BAE Critical Skills to connect them with exceptional professionals for this role. Principal Software Engineer Salary: Up to £65,500 (DOE) Location: New Malden. Hybrid 3 days / week on site. We offer a range of hybrid and flexible working arrangements - please speak to your recruiter about the options for this particular role. Who we are Join BAE Systems and you’ll be part of something bigger. As a valued member of our global colleague network, you’ll bring your un…",https://www.adzuna.co.uk/jobs/land/ad/5789988787?se=fGE_jQ6G8RGJg-uPs_L7lA&utm_medium=api&utm_source=c0698c3f&v=39EE4BAC1B582E091A53084FEFFB35CCFA8111AF,software engineer,London
5797714587,Lead Software Engineer,Kingfisher,"London, UK","UK, London",74578.91,74578.91,1,,,Engineering Jobs,2026-07-12T07:56:13Z,"hackajob is collaborating with Kingfisher to connect them with exceptional professionals for this role. About us We’re Kingfisher, A team made up of over 74,000 passionate people who bring Kingfisher - and all our other brands: B&Q, Screwfix, Brico Depot, Castorama and Koctas to life. Guided by our purpose Better Homes. Better Lives. For Everyone. We believe a better world starts with better homes, and we work every day to make that a reality. Join us and help shape the future of home improveme…",https://www.adzuna.co.uk/jobs/land/ad/5797714587?se=fGE_jQ6G8RGJg-uPs_L7lA&utm_medium=api&utm_source=c0698c3f&v=29BF4FC695270C6A406188C6B4443A004C01D801,software engineer,London
5789988654,Senior Software Engineer,Barclays,"London, UK","UK, London",61645.75,61645.75,1,,,IT Jobs,2026-07-06T16:39:34Z,"hackajob is collaborating with Barclays to connect them with exceptional professionals for this role. Join Barclays as a Senior Software Engineer, where you will design and build scalable C# (.NET/.NET Core) and Python-based calculation engines to drive efficiency and enable dynamic client billing. You will develop robust data models in SQL Server, implement complex business logic, and deliver low-latency REST APIs and React-based user interfaces for internal teams. Leveraging Python for analyt…",https://www.adzuna.co.uk/jobs/land/ad/5789988654?se=fGE_jQ6G8RGJg-uPs_L7lA&utm_medium=api&utm_source=c0698c3f&v=6D207901EE468B330A372890DA6A27D6834A08F4,software engineer,London
5789988925,Principal Software Engineer,loveholidays,"London, UK","UK, London",60414.97,60414.97,1,,,IT Jobs,2026-07-06T16:39:37Z,"hackajob is collaborating with loveholidays to connect them with exceptional professionals for this role. Why Technology at loveholidays? At loveholidays - we trailblaze together . We’re on a mission to open the world to everyone, giving our customers’ unlimited choice, unmatched ease and unmissable value for their next getaway. Our team is the driving force behind our role as our customers’ personal holiday expert - the smart way to get away. Technology at loveholidays underpins our vision to …",https://www.adzuna.co.uk/jobs/land/ad/5789988925?se=fGE_jQ6G8RGJg-uPs_L7lA&utm_medium=api&utm_source=c0698c3f&v=D28B8C66C2176517F12FFFB33CC965DDBB4C569D,software engineer,London
5789989454,Software Engineer (Market Data),TradingHub,"London, UK","UK, London",60673.7,60673.7,1,contract,,IT Jobs,2026-07-06T16:39:42Z,"hackajob is collaborating with TradingHub to connect them with exceptional professionals for this role. Compensation: Competitive (Financial Services) About TradingHub Founded in 2010, TradingHub delivers uniquely intelligent trade surveillance software to world leading financial institutions. Developed by market professionals, our solutions use sophisticated modelling techniques to detect single and cross-product market manipulation. With a team of over 150 experts worldwide, TradingHub combin…",https://www.adzuna.co.uk/jobs/land/ad/5789989454?se=fGE_jQ6G8RGJg-uPs_L7lA&utm_medium=api&utm_source=c0698c3f&v=E3625F3B63AA7C662D6B565FBD2D1C4EECA9FBA4,software engineer,London
5789989509,Lead Software Engineer - React,J.P. Morgan,"London, UK","UK, London",50379.57,50379.57,1,,,IT Jobs,2026-07-06T16:39:42Z,"hackajob is collaborating with J.P. Morgan to connect them with exceptional professionals for this role. Out of the successful launch of Chase in 2021, we’re a new team, with a new mission. We’re creating products that solve real world problems and put customers at the center - all in an environment that nurtures skills and helps you realize your potential. Our team is key to our success. We’re people-first. We value collaboration, curiosity and commitment. As a Lead Software Engineer at JPMorg…",https://www.adzuna.co.uk/jobs/land/ad/5789989509?se=fGE_jQ6G8RGJg-uPs_L7lA&utm_medium=api&utm_source=c0698c3f&v=495D2E63EEF15A07929685DF559CE5DF6F356D96,software engineer,London
5789989713,Staff Software Engineer - BPL,Barclays,"London, UK","UK, London",66424.85,66424.85,1,,,IT Jobs,2026-07-06T16:39:45Z,"hackajob is collaborating with Barclays to connect them with exceptional professionals for this role. A fantastic opportunity to join us as we create a standalone Payments Acquiring business embracing a fintech culture from our new London offices alongside our Brookfield partners. As a Staff Software Engineer, you’ll play a key role in improving how we build, deploy and run software. You’ll lead technical delivery, support and guide other engineers, and help establish practical standards that m…",https://www.adzuna.co.uk/jobs/land/ad/5789989713?se=fGE_jQ6G8RGJg-uPs_L7lA&utm_medium=api&utm_source=c0698c3f&v=3C86911E138F979A50395551E39EFB0ECE101FF3,software engineer,London
5805889335,Lead Software Engineering - C++,J.P. Morgan,"London, UK","UK, London",74370.67,74370.67,1,,,IT Jobs,2026-07-18T08:20:15Z,"hackajob is collaborating with J.P. Morgan to connect them with exceptional professionals for this role. JOB DESCRIPTION Join us to shape the future of electronic trading technology, where your expertise in C++ and hardware acceleration will make a global impact. You'll collaborate with talented engineers to deliver market-leading solutions that power high-speed trading across global markets. We value creativity, technical excellence, and a passion for continuous improvement. At JPMorganChase, …",https://www.adzuna.co.uk/jobs/land/ad/5805889335?se=fGE_jQ6G8RGJg-uPs_L7lA&utm_medium=api&utm_source=c0698c3f&v=3070278B359C0B5F2AC7047333C6037CB955EF0F,software engineer,London
5805889389,Principal Software Engineer (Hybrid),8th Light,"London, UK","UK, London",98192.23,98192.23,1,,,Engineering Jobs,2026-07-18T08:20:16Z,"hackajob is collaborating with 8th Light to connect them with exceptional professionals for this role. Principal Engineer Location : Waterloo, London, England, UK | Hybrid (1 day per week in office) Who We Are At 8th Light, we bring life to the best ideas. Founded in 2006 and headquartered in Chicago, we are a technology solutions consultancy that partners with organisations from early-stage startups to the world's largest companies. We take on hard software challenges and turn them into durabl…",https://www.adzuna.co.uk/jobs/land/ad/5805889389?se=fGE_jQ6G8RGJg-uPs_L7lA&utm_medium=api&utm_source=c0698c3f&v=66670CBA02BD9B0EE6C2C9A0B04E7AE1E7319548,software engineer,London
5802388947,Principal Software Engineer (London),8th Light,"London, UK","UK, London",95856.8,95856.8,1,,,Engineering Jobs,2026-07-16T08:12:19Z,"hackajob is collaborating with 8th Light to connect them with exceptional professionals for this role. Principal Engineer Location : Waterloo, London, England, UK | Hybrid (1 day per week in office) Who We Are At 8th Light, we bring life to the best ideas. Founded in 2006 and headquartered in Chicago, we are a technology solutions consultancy that partners with organisations from early-stage startups to the world's largest companies. We take on hard software challenges and turn them into durabl…",https://www.adzuna.co.uk/jobs/land/ad/5802388947?se=fGE_jQ6G8RGJg-uPs_L7lA&utm_medium=api&utm_source=c0698c3f&v=6D366493F8CD43D4A3296C9BDB1E281A459155C8,software engineer,London
5789988317,Senior/Principal Software Engineer,Gemba Advantage,"London, UK","UK, London",59694.32,59694.32,1,,,IT Jobs,2026-07-06T16:39:30Z,"hackajob is collaborating with Gemba Advantage to connect them with exceptional professionals for this role. block Please note: This role requires applicants to hold active, or recently active, SC or DV clearance. block This role also requires applicants to be willing to work on-site up to 4 days per week. block At Gemba Advantage, we build secure, user-centred digital products for critical public sector organisations across the UK. Our teams work on complex, high-impact systems, the kind that …",https://www.adzuna.co.uk/jobs/land/ad/5789988317?se=fGE_jQ6G8RGJg-uPs_L7lA&utm_medium=api&utm_source=c0698c3f&v=DD5453982BBDEBCDF831A963A1F2E65C32E23EDE,software engineer,London
5805889367,Lead Software Engineer (Hybrid),8th Light,"London, UK","UK, London",73167.05,73167.05,1,,,Engineering Jobs,2026-07-18T08:20:16Z,"hackajob is collaborating with 8th Light to connect them with exceptional professionals for this role. Lead Engineer Location : Waterloo, London, England, UK | Hybrid (1 day per week in office) Who We Are At 8th Light, we bring life to the best ideas. Founded in 2006 and headquartered in Chicago, we are a technology solutions consultancy that partners with organisations from early-stage startups to the world's largest companies. We take on hard software challenges and turn them into durable res…",https://www.adzuna.co.uk/jobs/land/ad/5805889367?se=fGE_jQ6G8RGJg-uPs_L7lA&utm_medium=api&utm_source=c0698c3f&v=CE4844D78BFF2EEA00668FF9482CF2ACCA49B200,software engineer,London
5789988604,Software Engineer III- React,J.P. Morgan,"London, UK","UK, London",50609.71,50609.71,1,,,IT Jobs,2026-07-06T16:39:33Z,"hackajob is collaborating with J.P. Morgan to connect them with exceptional professionals for this role. We know that people want great value combined with an excellent experience from a bank they can trust, so we launched our digital bank, Chase UK We know that people want great value combined with an excellent experience from a bank they can trust, so we launched our digital bank, Chase UK, to revolutionise mobile banking with seamless journeys that our customers love. We're already trusted b…",https://www.adzuna.co.uk/jobs/land/ad/5789988604?se=fGE_jQ6G8RGJg-uPs_L7lA&utm_medium=api&utm_source=c0698c3f&v=DDE5C23EB0B43B219A310D53B566F5312621072E,software engineer,London
5789988761,Software Engineer II - Applied AI,J.P. Morgan,"London, UK","UK, London",50902.61,50902.61,1,,,IT Jobs,2026-07-06T16:39:35Z,"hackajob is collaborating with J.P. Morgan to connect them with exceptional professionals for this role. JOB DESCRIPTION As a Software Engineer II - Applied AI in the AI/ML for Engineering team at JPMorganChase, you'll be at the forefront of AI innovation, combining cutting-edge techniques with unique data assets to optimise business decisions and automate processes. This role offers a unique blend of artificial intelligence and software engineering, allowing you to advance engineering processe…",https://www.adzuna.co.uk/jobs/land/ad/5789988761?se=fGE_jQ6G8RGJg-uPs_L7lA&utm_medium=api&utm_source=c0698c3f&v=7F788FCAC700DD417BA2CF0B7D7532E4DBEB9CDC,software engineer,London
5789988462,Senior Full Stack Software Engineer,Baringa Partners,"London, UK","UK, London",66765.39,66765.39,1,,,IT Jobs,2026-07-06T16:39:31Z,"hackajob is collaborating with Baringa Partners to connect them with exceptional professionals for this role. Our Solutions and AI Lab Team are looking for an experienced Senior Full Stack Software Engineer to join the team. Our Solutions & AI Labs (SAIL) practice focuses on helping clients control their data, turn them into actionable insights and better leverage them through the use of Machine Learning solutions directly embedded into businesses processes. We support clients across a number o…",https://www.adzuna.co.uk/jobs/land/ad/5789988462?se=fGE_jQ6G8RGJg-uPs_L7lA&utm_medium=api&utm_source=c0698c3f&v=84520313B46FB34044349A42A01B3629794223EC,software engineer,London
5795902401,Software Engineer - AI Platform & Agents,Moody's Corporation,"London, UK","UK, London",86458.95,86458.95,1,,,IT Jobs,2026-07-10T19:49:44Z,"hackajob is collaborating with Moody's Corporation to connect them with exceptional professionals for this role. At Moody's, we unite the brightest minds to turn today’s risks into tomorrow’s opportunities. We do this by striving to create an inclusive environment where everyone feels welcome to be who they are—with the freedom to exchange ideas, think innovatively, and listen to each other and customers in meaningful ways. Moody’s is transforming how the world sees risk. As a global leader in …",https://www.adzuna.co.uk/jobs/land/ad/5795902401?se=fGE_jQ6G8RGJg-uPs_L7lA&utm_medium=api&utm_source=c0698c3f&v=23BFBFD9D44B5385E778A12BAA15829723225E1A,software engineer,London
5789988753,Lead Software Engineer for COMMODITIES UK,J.P. Morgan,"London, UK","UK, London",52347.81,52347.81,1,,,IT Jobs,2026-07-06T16:39:35Z,"hackajob is collaborating with J.P. Morgan to connect them with exceptional professionals for this role. JOB DESCRIPTION We have an opportunity to impact your career and provide an adventure where you can push the limits of what's possible. As a Python Lead Software Engineer (Athena platform) at JPMorganChase within the Commodities Derisking Team, you are an integral part of an agile team that works to enhance, build, and deliver trusted market-leading technology products in a secure, stable, a…",https://www.adzuna.co.uk/jobs/land/ad/5789988753?se=fGE_jQ6G8RGJg-uPs_L7lA&utm_medium=api&utm_source=c0698c3f&v=F48F197EB09988A927E86A57B3BF8027CC146C59,software engineer,London
5789989540,Software Engineer III (Python & C#),LexisNexis,"London, UK","UK, London",48468.93,48468.93,1,,,IT Jobs,2026-07-06T16:39:43Z,"hackajob is collaborating with LexisNexis to connect them with exceptional professionals for this role. Software Engineer III (Python & C#) Excited to architect, build, and elevate complex systems? Do you thrive in solving challenging problems with Python and C#, while driving engineering excellence across teams? About the team: LexisNexis Intellectual Property, with 11,300 employees worldwide and serving customers in more than 150 countries, is part of RELX, a global provider of information-ba…",https://www.adzuna.co.uk/jobs/land/ad/5789989540?se=fGE_jQ6G8RGJg-uPs_L7lA&utm_medium=api&utm_source=c0698c3f&v=9B3071F8BE4F95591978F3A9C23C37B26A16AEFA,software engineer,London
5806940165,Software Engineer - Fincrime - Scam Prevention,Wise,"London, UK","UK, London",75709.02,75709.02,1,,,Engineering Jobs,2026-07-19T08:24:57Z,"hackajob is collaborating with Wise to connect them with exceptional professionals for this role. Company Description Wise is a global technology company, building the best way to move and manage the world’s money. Min fees. Max ease. Full speed. Whether people and businesses are sending money to another country, spending abroad, or making and receiving international payments, Wise is on a mission to make their lives easier and save them money. As part of our team, you will be helping us create…",https://www.adzuna.co.uk/jobs/land/ad/5806940165?se=fGE_jQ6G8RGJg-uPs_L7lA&utm_medium=api&utm_source=c0698c3f&v=D181090E161E55AA6D105FA61D9EC2D5EDD4C6E7,software engineer,London
5794392850,Lead Risk Software Engineer LDN,J.P. Morgan,"London, UK","UK, London",68958.5,68958.5,1,,,IT Jobs,2026-07-09T19:45:34Z,"hackajob is collaborating with J.P. Morgan to connect them with exceptional professionals for this role. JOB DESCRIPTION We are seeking an experienced Senior Python Developer to join our Athena Rates development team to work on Risk and PnL framework in Rates LOB. In this role, you will architect, design, develop, and integrate sophisticated solutions that support trading desks and back office functions across rates products. You will work at the intersection of technology and finance, deliveri…",https://www.adzuna.co.uk/jobs/land/ad/5794392850?se=fGE_jQ6G8RGJg-uPs_L7lA&utm_medium=api&utm_source=c0698c3f&v=28726F6461A16B1FF225E678722F2967086C9EAE,software engineer,London
5796621087,Senior Software Engineer - Marketing Platform,Wise,"London, UK","UK, London",67693.89,67693.89,1,,,Engineering Jobs,2026-07-11T07:54:07Z,"hackajob is collaborating with Wise to connect them with exceptional professionals for this role. Company Description Wise is a global technology company, building the best way to move and manage the world’s money. Min fees. Max ease. Full speed Whether people and businesses are sending money to another country, spending abroad, or making and receiving international payments, Wise is on a mission to make their lives easier and save them money. As part of our team, you will be helping us create …",https://www.adzuna.co.uk/jobs/land/ad/5796621087?se=fGE_jQ6G8RGJg-uPs_L7lA&utm_medium=api&utm_source=c0698c3f&v=C6A65A8AAC72446B3C87A23EA5C101C77B97EB63,software engineer,London
5789988485,Senior Software Engineer II - Assets,Wise,"London, UK","UK, London",63669.17,63669.17,1,,,IT Jobs,2026-07-06T16:39:32Z,"hackajob is collaborating with Wise to connect them with exceptional professionals for this role. Company Description Wise is a global technology company, building the best way to move and manage the world’s money. Min fees. Max ease. Full speed. Whether people and businesses are sending money to another country, spending abroad, or making and receiving international payments, Wise is on a mission to make their lives easier and save them money. As part of our team, you will be helping us create…",https://www.adzuna.co.uk/jobs/land/ad/5789988485?se=fGE_jQ6G8RGJg-uPs_L7lA&utm_medium=api&utm_source=c0698c3f&v=8EC0503828AD85AFF917E70B254994E2FBF437BF,software engineer,London
5789988393,"Software Engineer, Agent (Arabic speaking)",Sierra,"London, UK","UK, London",53993.13,53993.13,1,,full_time,IT Jobs,2026-07-06T16:39:31Z,"hackajob is collaborating with Sierra to connect them with exceptional professionals for this role. About us At Sierra, we’re creating a platform to help businesses build better, more human customer experiences with AI. We are primarily an in-person company based in San Francisco, with growing offices in Atlanta, New York, London, Paris, Madrid, Munich, Singapore, Japan, and Sydney. We are guided by a set of values that are at the core of our actions and define our culture: Trust, Customer Obse…",https://www.adzuna.co.uk/jobs/land/ad/5789988393?se=fGE_jQ6G8RGJg-uPs_L7lA&utm_medium=api&utm_source=c0698c3f&v=7ABE3953ED3B4096CEEE83E3BA35C73A16D61121,software engineer,London
5789988612,Senior Software Engineer I - Receive,Wise,"London, UK","UK, London",67650.39,67650.39,1,,,IT Jobs,2026-07-06T16:39:33Z,"hackajob is collaborating with Wise to connect them with exceptional professionals for this role. Company Description Wise is a global technology company, building the best way to move and manage the world’s money. Min fees. Max ease. Full speed. Whether people and businesses are sending money to another country, spending abroad, or making and receiving international payments, Wise is on a mission to make their lives easier and save them money. As part of our team, you will be helping us create…",https://www.adzuna.co.uk/jobs/land/ad/5789988612?se=fGE_jQ6G8RGJg-uPs_L7lA&utm_medium=api&utm_source=c0698c3f&v=EAB89F3E375B8B2DDEAB3056BD71E88DED6981FE,software engineer,London
5796621079,"Senior Software Engineer, Business Pricing",Wise,"London, UK","UK, London",61119.48,61119.48,1,contract,,IT Jobs,2026-07-11T07:54:06Z,"hackajob is collaborating with Wise to connect them with exceptional professionals for this role. Company Description Wise is a global technology company, building the best way to move and manage the world’s money. Min fees. Max ease. Full speed. Whether people and businesses are sending money to another country, spending abroad, or making and receiving international payments, Wise is on a mission to make their lives easier and save them money. As part of our team, you will be helping us create…",https://www.adzuna.co.uk/jobs/land/ad/5796621079?se=fGE_jQ6G8RGJg-uPs_L7lA&utm_medium=api&utm_source=c0698c3f&v=88C58E415DD43CF05F4096FCC7838697ABCA8631,software engineer,London
5789989494,Software Engineer III- Global Banking Platform,J.P. Morgan,"London, UK","UK, London",69869.11,69869.11,1,,,IT Jobs,2026-07-06T16:39:42Z,"hackajob is collaborating with J.P. Morgan to connect them with exceptional professionals for this role. JOB DESCRIPTION Be an integral part of a team that's constantly pushing the envelope to enhance, build, and deliver top-notch technology products. As a Software Engineer III at JPMorgan Chase within the Global Banking Platform (GBP), you are an integral part of a team that works to enhance, build, and deliver trusted market-leading technology products in a secure, stable, and scalable way. W…",https://www.adzuna.co.uk/jobs/land/ad/5789989494?se=fGE_jQ6G8RGJg-uPs_L7lA&utm_medium=api&utm_source=c0698c3f&v=6F859D44979B8182322DEFE0D48564550ABA8CA8,software engineer,London
5789989605,Sr Lead Software Engineer COMMODITIES UK,J.P. Morgan,"London, UK","UK, London",54073.73,54073.73,1,,,IT Jobs,2026-07-06T16:39:43Z,"hackajob is collaborating with J.P. Morgan to connect them with exceptional professionals for this role. JOB DESCRIPTION Be an integral part of an agile team that's constantly pushing the envelope to enhance, build, and deliver top-notch technology products. As a Senior Lead Software Engineer - Base Metals / Front Office / Athena at JPMorgan Chase within the Commercial and Investment Banking - Base Metals - Commodities Tech team, you will be an integral part of an agile team that works to enhan…",https://www.adzuna.co.uk/jobs/land/ad/5789989605?se=fGE_jQ6G8RGJg-uPs_L7lA&utm_medium=api&utm_source=c0698c3f&v=5B3A8F05AEF6DA9FB9677735DFBE197504AFBDF7,software engineer,London
5789989296,Sr Lead Software Engineer - KDB / Q,J.P. Morgan,"London, UK","UK, London",76452.05,76452.05,1,,,IT Jobs,2026-07-06T16:39:40Z,"hackajob is collaborating with J.P. Morgan to connect them with exceptional professionals for this role. We have an opportunity to impact your career and provide an adventure where you can push the limits of what's possible. As a Lead Software Engineer at JPMorgan Chase within the Commercial & Investment Bank you are an integral part of an agile team that works to enhance, build, and deliver trusted market-leading technology products in a secure, stable, and scalable way. As a core technical co…",https://www.adzuna.co.uk/jobs/land/ad/5789989296?se=fGE_jQ6G8RGJg-uPs_L7lA&utm_medium=api&utm_source=c0698c3f&v=D4AE58F1F6835EFD55E3047C964ACB3AAE2CE6EE,software engineer,London
5789988504,Lead Software Engineer - FIXED INCOME UK,J.P. Morgan,"London, UK","UK, London",58395.75,58395.75,1,,,IT Jobs,2026-07-06T16:39:32Z,"hackajob is collaborating with J.P. Morgan to connect them with exceptional professionals for this role. JOB DESCRIPTION We have an opportunity to impact your career and provide an adventure where you can push the limits of what's possible. As a Lead Software Engineer at JPMorganChase within the Commercial and Investment Bank - Post Trade Technology Group, you are an integral part of an agile team that works to enhance, build, and deliver trusted market-leading technology products in a secure, …",https://www.adzuna.co.uk/jobs/land/ad/5789988504?se=fGE_jQ6G8RGJg-uPs_L7lA&utm_medium=api&utm_source=c0698c3f&v=904A5B6399BF75E28F1187614A38C5A23C18164A,software engineer,London
5789988826,UI Senior Lead Software Engineer - Commodities,J.P. Morgan,"London, UK","UK, London",60739,60739,1,,,IT Jobs,2026-07-06T16:39:35Z,"hackajob is collaborating with J.P. Morgan to connect them with exceptional professionals for this role. JOB DESCRIPTION Join Digital Markets Execution Technology (DMET) to shape the future of Execute, our front-office trading platform powering Markets businesses. As a Lead Software Engineer (UI), you will set front-end technical direction and lead hands-on delivery of a latency-sensitive, real-time user experience used directly by traders and sales. You will partner closely with business stake…",https://www.adzuna.co.uk/jobs/land/ad/5789988826?se=fGE_jQ6G8RGJg-uPs_L7lA&utm_medium=api&utm_source=c0698c3f&v=9794F442F68616B94D2C472B084C12C255E28B94,software engineer,London
5809635191,Senior Cyber Software Engineer/ Technical Lead,BAE Systems Digital Intelligence,"London, UK","UK, London",57343.28,57343.28,1,,,IT Jobs,2026-07-21T20:41:21Z,"hackajob is collaborating with BAE Systems Digital Intelligence to connect them with exceptional professionals for this role. Location(s): UK, Europe & Africa : UK : London BAE Systems Digital Intelligence is home to 4,500 digital, cyber and intelligence experts. We work collaboratively across 10 countries to collect, connect and understand complex data, so that governments, nation states, armed forces and commercial businesses can unlock digital advantage in the most demanding environments. Jo…",https://www.adzuna.co.uk/jobs/land/ad/5809635191?se=fGE_jQ6G8RGJg-uPs_L7lA&utm_medium=api&utm_source=c0698c3f&v=B59A36F6908CDFE547C4BF94F7A45070D0F7D41C,software engineer,London
5799595243,Senior Lead Software Engineer - React Native,J.P. Morgan,"London, UK","UK, London",57439.34,57439.34,1,,,IT Jobs,2026-07-14T08:08:30Z,"hackajob is collaborating with J.P. Morgan to connect them with exceptional professionals for this role. JOB DESCRIPTION We know that people want great value combined with an excellent experience from a bank they can trust, so we launched our digital bank, Chase UK, to revolutionize mobile banking with seamless journeys that our customers love. We're already trusted by millions in the US and we're quickly catching up in the UK - but how we do things here is a little different. We're building th…",https://www.adzuna.co.uk/jobs/land/ad/5799595243?se=fGE_jQ6G8RGJg-uPs_L7lA&utm_medium=api&utm_source=c0698c3f&v=B4D0B382FEF17E58D7E29E204D69A17180188858,software engineer,London
5797714549,Senior Software Engineer II - Wise for Enterprise,Wise,"London, UK","UK, London",83236.17,83236.17,1,,,IT Jobs,2026-07-12T07:56:12Z,"hackajob is collaborating with Wise to connect them with exceptional professionals for this role. Company Description Wise is a global technology company, building the best way to move and manage the world’s money. Min fees. Max ease. Full speed. Whether people and businesses are sending money to another country, spending abroad, or making and receiving international payments, Wise is on a mission to make their lives easier and save them money. As part of our team, you will be helping us create…",https://www.adzuna.co.uk/jobs/land/ad/5797714549?se=fGE_jQ6G8RGJg-uPs_L7lA&utm_medium=api&utm_source=c0698c3f&v=914A6F7CC2FF0A554DCE6B9643D74461C8AC889B,software engineer,London
5789988326,Senior Software Engineer I - Onboarding Experience,Wise,"London, UK","UK, London",55276.5,55276.5,1,,,Engineering Jobs,2026-07-06T16:39:30Z,"hackajob is collaborating with Wise to connect them with exceptional professionals for this role. Company Description Wise is a global technology company, building the best way to move and manage the world’s money. Min fees. Max ease. Full speed. Whether people and businesses are sending money to another country, spending abroad, or making and receiving international payments, Wise is on a mission to make their lives easier and save them money. As part of our team, you will be helping us create…",https://www.adzuna.co.uk/jobs/land/ad/5789988326?se=fGE_jQ6G8RGJg-uPs_L7lA&utm_medium=api&utm_source=c0698c3f&v=6051943434C19AB9E772AB1BD0C7DE44D601D89A,software engineer,London
5789988768,Senior Software Engineer I - Regional Expansion,Wise,"London, UK","UK, London",61741.65,61741.65,1,,,IT Jobs,2026-07-06T16:39:35Z,"hackajob is collaborating with Wise to connect them with exceptional professionals for this role. Company Description Wise is a global technology company, building the best way to move and manage the world’s money. Min fees. Max ease. Full speed. Whether people and businesses are sending money to another country, spending abroad, or making and receiving international payments, Wise is on a mission to make their lives easier and save them money. As part of our team, you will be helping us create…",https://www.adzuna.co.uk/jobs/land/ad/5789988768?se=fGE_jQ6G8RGJg-uPs_L7lA&utm_medium=api&utm_source=c0698c3f&v=806953B2A4E9A67F2DE1FBCCC4766E73549C2A4D,software engineer,London
5789987903,Senior Software Engineer II - Investments - Java,Wise,"London, UK","UK, London",59314.45,59314.45,1,,,IT Jobs,2026-07-06T16:39:24Z,"hackajob is collaborating with Wise to connect them with exceptional professionals for this role. Company Description Wise is a global technology company, building the best way to move and manage the world’s money. Min fees. Max ease. Full speed. Whether people and businesses are sending money to another country, spending abroad, or making and receiving international payments, Wise is on a mission to make their lives easier and save them money. As part of our team, you will be helping us create…",https://www.adzuna.co.uk/jobs/land/ad/5789987903?se=fGE_jQ6G8RGJg-uPs_L7lA&utm_medium=api&utm_source=c0698c3f&v=7B09DA9E484EECB2698132043112DD70001892BD,software engineer,London
5789988812,Senior Software Engineer I – Contacts Team,Wise,"London, UK","UK, London",60231.17,60231.17,1,,,IT Jobs,2026-07-06T16:39:35Z,"hackajob is collaborating with Wise to connect them with exceptional professionals for this role. Company Description Wise is a global technology company, building the best way to move and manage the world’s money. Min fees. Max ease. Full speed. Whether people and businesses are sending money to another country, spending abroad, or making and receiving international payments, Wise is on a mission to make their lives easier and save them money. As part of our team, you will be helping us create…",https://www.adzuna.co.uk/jobs/land/ad/5789988812?se=fGE_jQ6G8RGJg-uPs_L7lA&utm_medium=api&utm_source=c0698c3f&v=5E5E1AAD27E56DF5F0723F7F53708FA375174F54,software engineer,London
5789988576,Senior Software Engineer I - Servicing Platform,Wise,"London, UK","UK, London",61938.1,61938.1,1,,,IT Jobs,2026-07-06T16:39:33Z,"hackajob is collaborating with Wise to connect them with exceptional professionals for this role. Company Description Wise is a global technology company, building the best way to move and manage the world’s money. Min fees. Max ease. Full speed. Whether people and businesses are sending money to another country, spending abroad, or making and receiving international payments, Wise is on a mission to make their lives easier and save them money. As part of our team, you will be helping us create…",https://www.adzuna.co.uk/jobs/land/ad/5789988576?se=fGE_jQ6G8RGJg-uPs_L7lA&utm_medium=api&utm_source=c0698c3f&v=3C9F24B283DDF4CF6526BD5FFE98292ED80E1477,software engineer,London
5805889374,Staff Software Engineer - Global KYC and Onboarding,Wise,"London, UK","UK, London",59534.79,59534.79,1,,,Engineering Jobs,2026-07-18T08:20:16Z,"hackajob is collaborating with Wise to connect them with exceptional professionals for this role. Company Description Wise is a global technology company, building the best way to move and manage the world’s money. Min fees. Max ease. Full speed. Whether people and businesses are sending money to another country, spending abroad, or making and receiving international payments, Wise is on a mission to make their life easier and save them money. As part of our team, you will be helping us create …",https://www.adzuna.co.uk/jobs/land/ad/5805889374?se=fGE_jQ6G8RGJg-uPs_L7lA&utm_medium=api&utm_source=c0698c3f&v=7519EE4BF960E43E2AC731C73439554301F85237,software engineer,London
5789988341,KDB / Q - Lead Software Engineer - Vice President,J.P. Morgan,"London, UK","UK, London",90463.05,90463.05,1,,,IT Jobs,2026-07-06T16:39:30Z,"hackajob is collaborating with J.P. Morgan to connect them with exceptional professionals for this role. JOB DESCRIPTION We have an opportunity to impact your career and provide an adventure where you can push the limits of what's possible. As a Lead Software Engineer at JPMorgan Chase within the Commercial & Investment Bank you are an integral part of an agile team that works to enhance, build, and deliver trusted market-leading technology products in a secure, stable, and scalable way. As a c…",https://www.adzuna.co.uk/jobs/land/ad/5789988341?se=fGE_jQ6G8RGJg-uPs_L7lA&utm_medium=api&utm_source=c0698c3f&v=4AA954B9D8B3E054DF9D17F6FE4BB74D372C1806,software engineer,London
5789988477,Lead Software Engineer - Platform Engineering - Chase UK,J.P. Morgan,"London, UK","UK, London",59358.31,59358.31,1,,,IT Jobs,2026-07-06T16:39:32Z,"hackajob is collaborating with J.P. Morgan to connect them with exceptional professionals for this role. JOB DESCRIPTION Job Description Are you ready to transform the future of banking? Join our digital bank, Chase, as a Lead Software Engineer and be part of a team that's revolutionizing mobile banking with seamless journeys that our customers love. At JPMorgan Chase, we're building the bank of the future from scratch, offering you the opportunity to make a real impact. Our Developer Experienc…",https://www.adzuna.co.uk/jobs/land/ad/5789988477?se=fGE_jQ6G8RGJg-uPs_L7lA&utm_medium=api&utm_source=c0698c3f&v=23C11E68D936B1B9FD6E8F3F0AF20D11808028F4,software engineer,London
5789988466,Lead Software Engineer - Backend Engineer - Chase UK,J.P. Morgan,"London, UK","UK, London",45996.5,45996.5,1,,,IT Jobs,2026-07-06T16:39:31Z,"hackajob is collaborating with J.P. Morgan to connect them with exceptional professionals for this role. At JP Morgan Chase, we understand that customers seek exceptional value and a seamless experience from a trusted financial institution. That's why we launched Chase UK to transform digital banking with intuitive and enjoyable customer journeys. With a strong foundation of trust established by millions of customers in the US, we have been rapidly expanding our presence in the UK and soon acro…",https://www.adzuna.co.uk/jobs/land/ad/5789988466?se=fGE_jQ6G8RGJg-uPs_L7lA&utm_medium=api&utm_source=c0698c3f&v=23B0FA226892905483F28500D09C8449E55F0BD1,software engineer,London
5789988617,Senior Lead Software Engineer - Cloud Platform Engineering,J.P. Morgan,"London, UK","UK, London",67318.18,67318.18,1,,,IT Jobs,2026-07-06T16:39:33Z,"hackajob is collaborating with J.P. Morgan to connect them with exceptional professionals for this role. JOB DESCRIPTION Out of the successful launch of Chase in 2021, we're a new team, with a new mission. We're creating products that solve real world problems and put customers at the center - all in an environment that nurtures skills and helps you realize your potential. Our team is key to our success. We're people-first. We value collaboration, curiosity and commitment. As a Senior Lead Soft…",https://www.adzuna.co.uk/jobs/land/ad/5789988617?se=fGE_jQ6G8RGJg-uPs_L7lA&utm_medium=api&utm_source=c0698c3f&v=A5C072E884782D14A15834B4A8BB24681A476152,software engineer,London
5789989878,Sr Lead Software Engineer - UI Developer - React,J.P. Morgan,"London, UK","UK, London",54655.02,54655.02,1,,,IT Jobs,2026-07-06T16:39:46Z,"hackajob is collaborating with J.P. Morgan to connect them with exceptional professionals for this role. JOB DESCRIPTION Be an integral part of an agile team that's constantly pushing the envelope to enhance, build, and deliver top-notch technology products. As a Senior Lead Software Engineer at JPMorganChase within the Equities Sales and Trading Technology, you are an integral part of an agile team that works to enhance, build, and deliver trusted market-leading technology products in a secure…",https://www.adzuna.co.uk/jobs/land/ad/5789989878?se=fGE_jQ6G8RGJg-uPs_L7lA&utm_medium=api&utm_source=c0698c3f&v=4896AF7FE4A12D20DCED91FC6B9079071767F397,software engineer,London
5805167333,Software Development Manager,Spectrum It Recruitment Limited,"South East London, London","UK, London, South East London",100000,100000,0,permanent,,IT Jobs,2026-07-17T21:49:03Z,"Lead the engineering standards behind a High-Growth UK SaaS platform Software Development Manager NestJS / NodeJS, Vue: .NET backgrounds welcome Hybrid / remote working Up to £100,000 benefits If you're a technically strong engineering leader who built your career on solid engineering foundations (whether in C# / .NET or modern JavaScript frameworks) and still care deeply about code quality, DevOps maturity, and scalable systems, this is a genuinely exciting opportunity. We're partnered with a…",https://www.adzuna.co.uk/jobs/land/ad/5805167333?se=OoRYjg6G8RGbGoMv58FbYQ&utm_medium=api&utm_source=c0698c3f&v=CDEDECEF30038033C29F153396BF7DAA6F87436F,software developer,London
5789989489,Software Development Engineer III,Tesco,"London, UK","UK, London",66420.55,66420.55,1,,,IT Jobs,2026-07-06T16:39:42Z,"hackajob is collaborating with Tesco to connect them with exceptional professionals for this role. About us Our vision at Tesco is to become every customer's favourite way to shop, whether they are at home or out on the move. Our core purpose is ‘Serving our customers, communities and planet a little better every day’. Serving means more than a transactional relationship with our customers. It means acting as a responsible and sustainable business for all stakeholders, for the communities we ar…",https://www.adzuna.co.uk/jobs/land/ad/5789989489?se=OoRYjg6G8RGbGoMv58FbYQ&utm_medium=api&utm_source=c0698c3f&v=CA1BD3B97A98DF2C91C839D94C32E15EEE36B573,software developer,London
5810132501,Software Developer Placement Programme No experience needed,IT Online Learning,"North West London, London","UK, London, North West London",65000,65000,0,permanent,,IT Jobs,2026-07-22T01:53:17Z,"Software Developer Placement Programme No experience needed From £27,000 to £65,000 per annum Trainee Software Developer £27,000£65,000 Job Programme This is a self-funded programme that leads to employment, fees apply. Job Guarantee Complete the programme and get a job, or get your course fees back. Location: UK Wide (Remote Opportunities Available) Looking to start a career in Software Development? We are offering a structured pathway into Software Development, designed to help you enter the …",https://www.adzuna.co.uk/jobs/land/ad/5810132501?se=OoRYjg6G8RGbGoMv58FbYQ&utm_medium=api&utm_source=c0698c3f&v=AA84A322FC61EB1F0A7FF676D01102F65F35FA63,software developer,London
5772890133,SC Cleared Lead Software Developer (Power Platform),Sanderson Recruitment,"South East London, London","UK, London, South East London",80149.49,80149.49,1,contract,,IT Jobs,2026-06-22T23:02:11Z,"SC Cleared Software Developer (Power Platform) - £650/day Inside IR35 - London (2 days/week) - Government We're looking for an experienced SC Cleared Lead Software Developer with strong Power Platform expertise to join a government department. This contract is paying £650 per day (Inside IR35) and will run for around 5 months, with the possibility of extension. The role requires 2 days per week on-site in Westminster, with the remaining time remote. You'll be working on the development and enha…",https://www.adzuna.co.uk/jobs/details/5772890133?utm_medium=api&utm_source=c0698c3f,software developer,London
5119755550,Software Developer,Micro IT Global,"London, UK","UK, London",79592.23,79592.23,1,,,IT Jobs,2025-03-31T12:24:55Z,"I have just received a new role for Telespazio for Software Developer, they are looking for a number of candidates, I will ask how many. They are looking for a senior profiles, probably with around 6 plus years solid software experience in similar industry. The salary will be paying up to £75k. They are really flexible on hybrid working and they are only required to go to their office based in Luton, a few times a month. If you have any initial questions, let me know I can get clarified for you…",https://www.adzuna.co.uk/jobs/land/ad/5119755550?se=OoRYjg6G8RGbGoMv58FbYQ&utm_medium=api&utm_source=c0698c3f&v=39EC45FAB6C99BA9821396548BE5D96AB0DE37FB,software developer,London
5119757712,Software Developer,Micro IT Global,"London, UK","UK, London",64261.19,64261.19,1,,,IT Jobs,2025-03-31T12:25:16Z,"The successful candidate is required to initially work on a Edge device which is a platform to manage RF layer failover, host 3rd party applications, and maintain secure communications between the shore and edge via satellite link. The position may require development of data centre based applications both on-premises and in AWS Cloud as well as developing Docker container based applications which will be deployed to and edge device over a satellite link. You will be required to work in both an…",https://www.adzuna.co.uk/jobs/land/ad/5119757712?se=OoRYjg6G8RGbGoMv58FbYQ&utm_medium=api&utm_source=c0698c3f&v=746D097D89C7CCA739E89ED7393BAD9D29CD637F,software developer,London
5781145748,Software Developer,CBSbutler Holdings Limited trading as CBSbutler,"Covent Garden, Central London","UK, London, Central London, Covent Garden",130000,140400,0,contract,,IT Jobs,2026-06-29T14:07:16Z,"Software Developer - Thermo Fisher SampleManager (LIMS) £540 per day (Inside IR35) Remote BPSS required to start. Eligible for SC clearance. We're looking for 2 experienced Lead Software Developers with strong Thermo Fisher SampleManager (LIMS) expertise to join a major public sector digital transformation programme. This is an excellent opportunity to work on the upgrade and enhancement of a critical Laboratory Information Management System (LIMS), supporting the delivery of complex technical …",https://www.adzuna.co.uk/jobs/land/ad/5781145748?se=OoRYjg6G8RGbGoMv58FbYQ&utm_medium=api&utm_source=c0698c3f&v=D2E72198922F7431D34EA2EBAF68758D5E48DB34,software developer,London
5802837670,Software Developer,Proactive Appointments,"London, UK","UK, London",40915.67,40915.67,1,permanent,full_time,IT Jobs,2026-07-16T13:39:59Z,"Software Developer London | Hybrid - 3 days on-site per week | Market Salary - Dependent on Experience | Permanent Our London-based client is seeking a Software Developer with 3–5 years' experience to join their team on a permanent basis. You'll become part of a collaborative IT function that is embracing modern technologies while maintaining a strong service-focused culture. As part of the Applications & Development team, you'll play a key role in developing, enhancing, and supporting business…",https://www.adzuna.co.uk/jobs/land/ad/5802837670?se=OoRYjg6G8RGbGoMv58FbYQ&utm_medium=api&utm_source=c0698c3f&v=E9E027E761C2F7585DF7884B12DCD34BE0E87B76,software developer,London
5791206369,Software Developer,Tiro Partners,"Farringdon, Central London","UK, London, Central London, Farringdon",69274.62,69274.62,1,contract,,IT Jobs,2026-07-07T19:16:20Z,"Software Developer- 6month contract Rate: £(Apply online only) per day Location: London hybrid working, twice a week in office Skills: Java, Go, Git, REST, Jenkins, NoSQL, Postgres We're looking for an enthusiastic, diligent Software Engineer to work with one of our well known client's fintech project. The ideal candidate will have either Java and/ or Go experience. The platform you'd be working on is built using modern tools such as Java, Go, Kafka and Docker. You'll be you will be building an…",https://www.adzuna.co.uk/jobs/land/ad/5791206369?se=OoRYjg6G8RGbGoMv58FbYQ&utm_medium=api&utm_source=c0698c3f&v=3DC2C9B69F11A2E661D80BBB2E2BD8DE7F261E4F,software developer,London
5811115377,Software Developer,Tiro Partners Limited,"London, UK","UK, London",65000,91000,0,,,IT Jobs,2026-07-22T18:25:30Z,"Software Developer (multiple hires) 6month contract insideIR35 Rate: £250-320 per day Location: London hybrid working, twice a week in office Skills: Go, Java Git, REST, Jenkins, NoSQL, Postgres We're looking for an enthusiastic, diligent Software Engineer to work with one of our well known client's fintech project. The ideal candidate will have Go experience, Java is also beneficial. The platform you'd be working on is built using modern tools such as Go, Java, Kafka and Docker. You'll be you …",https://www.adzuna.co.uk/jobs/land/ad/5811115377?se=OoRYjg6G8RGbGoMv58FbYQ&utm_medium=api&utm_source=c0698c3f&v=7FEEEA4452A3499A4BF8F101329E83B3E067B11F,software developer,London
5781156338,Software Developer,Matched Group,"London, UK","UK, London",91000,104000,0,contract,,IT Jobs,2026-06-29T14:55:11Z,"Software Engineer Tech : AWS, NodeJS, TypeScript, JavaScript, ReactJS, React Native (back end leaning) Why? start-up financial services, revolutionising the industry Start : ASAP Inside IR35 £400 day rate Location : Hybrid - 1-3 days in the office (Central London) Our Client A start-up FinTech is launching credit card, personal loans and insurance offerings aimed at delivering fair, flexible, and user-friendly financial products to consumers. The organisation is committed to empowering individu…",https://www.adzuna.co.uk/jobs/land/ad/5781156338?se=OoRYjg6G8RGbGoMv58FbYQ&utm_medium=api&utm_source=c0698c3f&v=93B246DCB24D3F6FC2080D707194851EAD18289E,software developer,London
5763606424,Software Developer,Tracsis,"Farringdon, Central London","UK, London, Central London, Farringdon",57700.18,57700.18,1,permanent,full_time,IT Jobs,2026-06-14T13:33:27Z,"Description Software Developer Hybrid - London Our talented people are creating the technology of the future From scheduling to maintenance to keeping people safe, 2.7 million people are helped by our software daily. Technology makes it possible; people make it happen and you could be part of that. The Tracsis Group has grown rapidly, diversifying into related transport technologies, and successfully executing a strategy that has seen it make a total of seventeen acquisitions. Today Tracsis is …",https://www.adzuna.co.uk/jobs/details/5763606424?utm_medium=api&utm_source=c0698c3f,software developer,London
5804708106,Software Developer,Tiro Partners,"South Wimbledon, South West London","UK, London, South West London, South Wimbledon",75000,100000,0,contract,full_time,IT Jobs,2026-07-17T10:45:39Z,"Salary: £75,000 - 100,000 per year Requirements: Experience working with Java and/or Go Experience with backend microservice architecture and communication Bachelors degree in computer science, computer engineering, or a related field 3 years of commercial experience Responsibilities: Build and enhance features on a fintech platform Work with modern tools such as Java, Go, Kafka, and Docker Coordinate and collaborate with other engineers across the platform Share knowledge and best practices wi…",https://www.adzuna.co.uk/jobs/details/5804708106?utm_medium=api&utm_source=c0698c3f,software developer,London
5487002281,Software Developer,Frontier Resourcing,"Farringdon, Central London","UK, London, Central London, Farringdon",65071.66,65071.66,1,,full_time,IT Jobs,2025-11-08T11:51:11Z,"Software Engineer | Building Intelligent Systems That Make an Impact Central London 4 or 5 days a week on site Existing SC or DV Clearance is required National Security Sector An exciting opportunity has arisen for a Software Engineer to join a cutting-edge team developing impactful, mission-driven technology. The role offers the chance to contribute to projects such as AI-powered tools for analysts and operators, secure data pipelines, and innovative prototypes that explore new frontiers in so…",https://www.adzuna.co.uk/jobs/details/5487002281?utm_medium=api&utm_source=c0698c3f,software developer,London
5627973962,Software Developer,AllianceBernstein LP,"London, UK","UK, London",56795.71,56795.71,1,,full_time,IT Jobs,2026-02-13T16:57:48Z,"Company Description As a leading global investment management firm, AB fosters diverse perspectives and embraces innovation to help our clients navigate the uncertainty of capital markets. Through high-quality research and diversified investment services, we serve institutions, individuals, and private wealth clients in major markets worldwide. Our ambition is simple: to be our clients’ most valued asset-management partner. With over 4,400 employees across 51 locations in 25 countries, our peop…",https://www.adzuna.co.uk/jobs/details/5627973962?utm_medium=api&utm_source=c0698c3f,software developer,London
5808152904,Software Development Manager,Noir,"The City, Central London","UK, London, Central London, The City",90000,110000,0,permanent,full_time,IT Jobs,2026-07-20T14:33:05Z,"Software Development Manager - Enterprise Software - London / Hybrid (Key skills: Software Development Manager, Agile, Software Engineering Leadership, Product Delivery, Application Security, Identity & Access Management, .NET 8, SQL Server, Microservices, Cloud (AWS/Azure), DevOps, CI/CD, Jenkins, Ansible, Stakeholder Engagement, Resilience Engineering, Full Stack Development) Are you an experienced and inspiring software leader who thrives on solving complex challenges, building high-performi…",https://www.adzuna.co.uk/jobs/details/5808152904?utm_medium=api&utm_source=c0698c3f,software developer,London
5711888141,Software Developer - Biology,Helical,"London, UK","UK, London",61666.04,61666.04,1,,full_time,Scientific & QA Jobs,2026-04-27T18:11:41Z,"Helical is building the in-silico labs for biology Drug discovery still relies on wet labs: slow, expensive, and constrained by physical trial-and-error. Helical is changing that. We build the application layer that makes Bio Foundation Models usable in real-world drug discovery, enabling pharma and biotech teams to run millions of virtual experiments in days, not years. Today, leading global pharma companies already use Helical, and we’re at the start of a highly ambitious growth journey. We’r…",https://www.adzuna.co.uk/jobs/details/5711888141?utm_medium=api&utm_source=c0698c3f,software developer,London
5790032797,Graduate Software Developer,Blink - The Employee App,"London, UK","UK, London",32085.29,32085.29,1,permanent,,Graduate Jobs,2026-07-06T16:55:58Z,"Location: London (Old Street office, 3 days/week) £60k equity benefits Join a high-growth, mission-driven tech company that’s transforming the future of work ️ Starts: September 2026 We’re excited to re-open our annual Graduate Software Developer Programme – an 18-month journey designed to shape the next generation of engineers through hands-on experience, impactful work, and deep exposure to the full product lifecycle. A bit about Blink We're not just closing the digital divide; we're re…",https://www.adzuna.co.uk/jobs/details/5790032797?utm_medium=api&utm_source=c0698c3f,software developer,London
5789851394,Software Developer Trainee,ITOL Recruit,"Bromley, South East London","UK, London, South East London, Bromley",28000,35000,0,permanent,full_time,IT Jobs,2026-07-06T11:34:47Z,"Are you looking to benefit from a new career in Software Development? Skills shortages in the IT sector is driving the need for qualified, entry-level career seekers and career changers. We help place graduates from this programme in top UK companies and organisations needing to employ entry-level software development staff that can hit the ground running with up-to-date skills gained from this programme. The best part is you will not need any previous experience as fully accredited training, w…",https://www.adzuna.co.uk/jobs/land/ad/5789851394?se=OoRYjg6G8RGbGoMv58FbYQ&utm_medium=api&utm_source=c0698c3f&v=BFE5802F5647ED8DEE0F529AAE31586CF1101B82,software developer,London
5790058331,Software Developer Trainee,ITOL Recruit,"London, UK","UK, London",28000,35000,0,permanent,full_time,IT Jobs,2026-07-06T17:36:04Z,"Are you looking to benefit from a new career in Software Development? Skills shortages in the IT sector is driving the need for qualified, entry-level career seekers and career changers. We help place graduates from this programme in top UK companies and organisations needing to employ entry-level software development staff that can hit the ground running with up-to-date skills gained from this programme. The best part is you will not need any previous experience as fully accredited training, w…",https://www.adzuna.co.uk/jobs/land/ad/5790058331?se=OoRYjg6G8RGbGoMv58FbYQ&utm_medium=api&utm_source=c0698c3f&v=446F0A30CB21C8DADEDE4B25F5955D24B37EC446,software developer,London
5809125819,Software Developer Trainee,ITOL Recruit,"Enfield, London","UK, London, Enfield",28000,35000,0,permanent,full_time,IT Jobs,2026-07-21T10:16:12Z,"Are you looking to benefit from a new career in Software Development? Skills shortages in the IT sector is driving the need for qualified, entry-level career seekers and career changers. We help place graduates from this programme in top UK companies and organisations needing to employ entry-level software development staff that can hit the ground running with up-to-date skills gained from this programme. The best part is you will not need any previous experience as fully accredited training, w…",https://www.adzuna.co.uk/jobs/land/ad/5809125819?se=OoRYjg6G8RGbGoMv58FbYQ&utm_medium=api&utm_source=c0698c3f&v=9FB006E080D95E1896F3A580B2710DAD74945FC5,software developer,London
5789578489,Software Development Manager,Noir,"London, UK","UK, London",90000,110000,0,permanent,full_time,IT Jobs,2026-07-06T05:10:51Z,"Software Development Manager - Enterprise Software - London / Hybrid (Key skills: Software Development Manager, Agile, Software Engineering Leadership, Product Delivery, Application Security, Identity & Access Management, .NET 8, SQL Server, Microservices, Cloud (AWS/Azure), DevOps, CI/CD, Jenkins, Ansible, Stakeholder Engagement, Resilience Engineering, Full Stack Development) Are you an experienced and inspiring software leader who thrives on solving complex challenges, building high-performi…",https://www.adzuna.co.uk/jobs/land/ad/5789578489?se=OoRYjg6G8RGbGoMv58FbYQ&utm_medium=api&utm_source=c0698c3f&v=09F91CDE32F8065B6D59DEE57B405308ECBFAC1B,software developer,London
5789852202,Trainee Software Developer,ITOL Recruit,"Croydon, London","UK, London, Croydon",30000,45000,0,permanent,full_time,IT Jobs,2026-07-06T11:36:28Z,"Trainee Coding Programme – No Experience Needed Future-proof your career in Coding – starting today. Looking for a career change? Maybe you’re already working but want a more technical role with better long-term prospects. Or you could be between jobs and ready for a fresh start in tech. The ITOL Recruit Coding Job Programme is designed to help you move into a high-demand coding role, even if you have no prior experience. Train online at your own pace and land your coding role in 1-3 months. Pl…",https://www.adzuna.co.uk/jobs/land/ad/5789852202?se=OoRYjg6G8RGbGoMv58FbYQ&utm_medium=api&utm_source=c0698c3f&v=85C63B911B9AE93DC3D45C22B939AFD3CF9CF2B0,software developer,London
5809121209,Trainee Software Developer,ITOL Recruit,"London, UK","UK, London",30000,45000,0,permanent,full_time,IT Jobs,2026-07-21T10:15:38Z,"Trainee Coding Programme – No Experience Needed Future-proof your career in Coding – starting today. Looking for a career change? Maybe you’re already working but want a more technical role with better long-term prospects. Or you could be between jobs and ready for a fresh start in tech. The ITOL Recruit Coding Job Programme is designed to help you move into a high-demand coding role, even if you have no prior experience. Train online at your own pace and land your coding role in 1-3 months. Pl…",https://www.adzuna.co.uk/jobs/land/ad/5809121209?se=OoRYjg6G8RGbGoMv58FbYQ&utm_medium=api&utm_source=c0698c3f&v=7596B7A1C7E0FCCF5DED8E2DC7141E24C17ECE01,software developer,London
5782250784,C# Software Developer,Fraser & Co. Talent Partners Limited,"Farringdon, Central London","UK, London, Central London, Farringdon",104000,130000,0,contract,,IT Jobs,2026-06-30T16:11:19Z,"Senior C# Developer – Leading FinTech | City of London | Hybrid Our client is a leading FinTech based in the City of London, now expanding their team with two Senior C# Developers on a 6 months contract basis. You’ll join a talented, collaborative Software Development team delivering cutting‑edge financial platforms used across global markets. This is an opportunity to work on complex, high‑impact projects using modern Microsoft technologies, cloud engineering, and best‑practice development sta…",https://www.adzuna.co.uk/jobs/land/ad/5782250784?se=OoRYjg6G8RGbGoMv58FbYQ&utm_medium=api&utm_source=c0698c3f&v=C0746F5C17D03AACFCF4ECB8F058D40F8E23CC92,software developer,London
5798811201,Graduate Software Developer,Spectrum IT Recruitment,"Farringdon, Central London","UK, London, Central London, Farringdon",40000,50000,0,,full_time,Graduate Jobs,2026-07-13T13:32:29Z,"We have an excellent client offering an exciting opportunity for a Graduate Software Developer to join a high-performing team building cutting-edge trading and research systems. This role is ideal for a recent graduate eager to work on real-world, high-impact applications while developing strong technical and professional skills. You'll contribute to the development of innovative, high-performance systems used in live trading environments, gaining exposure to modern software architecture and en…",https://www.adzuna.co.uk/jobs/land/ad/5798811201?se=OoRYjg6G8RGbGoMv58FbYQ&utm_medium=api&utm_source=c0698c3f&v=1D0A96FA042224DC46F8A71F96F11CF6F9AFAA64,software developer,London
5801193050,Software Developer Intern,DRW,"London, UK","UK, London",46901.55,46901.55,1,contract,,IT Jobs,2026-07-15T13:51:45Z,"Our formula for success is to hire exceptional people, encourage their ideas and reward their results. As a Software Developer Intern , you will build advanced trading and risk applications leveraging cutting-edge technology. DRW enables our Software Developer Interns to develop computationally intensive software under the guidance of senior technologists with the goal of deployment during your ten weeks. While your days will have you immersed in complex projects directly driving DRW’s progress…",https://www.adzuna.co.uk/jobs/details/5801193050?utm_medium=api&utm_source=c0698c3f,software developer,London
5810043657,Senior Software Developer,Spectrum It Recruitment Limited,"The City, Central London","UK, London, Central London, The City",100000,100000,0,,,IT Jobs,2026-07-22T00:59:37Z,"Excellent opportunity for a Senior Software Developer to play a key role in architecting, developing, and enhancing our clients in-house trading and research systems. This is an opportunity to work on greenfield projects, influence architectural decisions, and directly impact systems that support real-world trading strategies. As a senior member of the team, you will contribute both technically and strategically, helping shape development standards, performance optimisation, and system scalabil…",https://www.adzuna.co.uk/jobs/details/5810043657?utm_medium=api&utm_source=c0698c3f,software developer,London
5804709330,Senior Software Developer,Spectrum IT Recruitment,"Clerkenwell, Central London","UK, London, Central London, Clerkenwell",100000,120000,0,,full_time,IT Jobs,2026-07-17T10:45:44Z,"Salary: £100,000 - 120,000 per year Requirements: BSc or higher in Computer Science or a related scientific discipline Strong recent experience with C# and the latest .NET platform 5 years of professional software development experience Solid experience with SQL Server, Oracle, or equivalent relational databases Strong understanding of object-oriented design principles and software architecture Experience building production-grade, scalable systems Fluency in English with excellent written and …",https://www.adzuna.co.uk/jobs/details/5804709330?utm_medium=api&utm_source=c0698c3f,software developer,London
5517730111,Software Development Director,MBR Partners,"Uxbridge, London","UK, London, Uxbridge",113464.26,113464.26,1,,full_time,IT Jobs,2025-11-28T15:08:11Z,"Our client is a forward-thinking solutions provider specializing in digital transformation for the water and wastewater industry. Their mission is to help utilities, municipalities, and industrial operators harness the power of cloud technology, IoT, AI/ML, and Hybrid Digital Twins to optimize operations, ensure compliance, and achieve sustainability and ESG goals. With a strong foundation in world-leading research, SaaS innovation, and water sector expertise, our client develops platforms that…",https://www.adzuna.co.uk/jobs/details/5517730111?utm_medium=api&utm_source=c0698c3f,software developer,London
5810689105,Graduate Software Developer,Squarepoint Capital,"London, UK","UK, London",52541.02,52541.02,1,,,Graduate Jobs,2026-07-22T10:45:11Z,"Please only apply to the one job you feel best fits your skillset and experience. If our team feels you are better suited for another role, we will reach out about the alternate opportunity. Position Overview: Squarepoint is seeking smart, self-driven and inquisitive individuals who want an opportunity to apply their advanced skills and knowledge in a challenging and innovative environment. Projects within this role focus on developing and maintaining performance sensitive, reliable and scalabl…",https://www.adzuna.co.uk/jobs/details/5810689105?utm_medium=api&utm_source=c0698c3f,software developer,London
5786761745,BSS Software Developer,MBR Partners,"London, UK","UK, London",74500.79,74500.79,1,,full_time,IT Jobs,2026-07-03T12:24:00Z,"We are engaged by our telecommunications client to find a BSS Software engineer for their London Office . The role requires 2 days a week in the office, and the candidates must have the right to work in the UK ( not dependent visa ).The role is ideal for a hands-on technologist who enjoys tackling complex business challenges and delivering high-quality software solutions. The successful candidate will be responsible for technical design, development, and delivery of enhancements to the client’s…",https://www.adzuna.co.uk/jobs/details/5786761745?utm_medium=api&utm_source=c0698c3f,software developer,London
5804705452,Software Developer (.NET),Experis,"Bishopsgate, Central London","UK, London, Central London, Bishopsgate",60000,90000,0,,full_time,IT Jobs,2026-07-17T10:45:27Z,"Salary: £60,000 - 90,000 per year Requirements: 2 years of commercial experience in software development Strong experience with C#, ASP.NET MVC, and Web APIs Solid SQL Server (MSSQL) experience, including writing efficient queries A keen eye for detail and a logical approach to problem-solving Strong communication skills and a collaborative mindset Confidence working with third-party documentation and system integrations Responsibilities: Design and implement software solutions in line with bes…",https://www.adzuna.co.uk/jobs/details/5804705452?utm_medium=api&utm_source=c0698c3f,software developer,London
5710436293,Senior Software Developer,Aristocrat Technologies,"London, UK","UK, London",69548.68,69548.68,1,,full_time,IT Jobs,2026-04-25T19:21:51Z,"As a Senior Software Engineer (Backend), you will play a key role in designing and building scalable, cloud-based services using Java and Spring Boot. You’ll work closely with your manager, architecture team and teammates to deliver high-quality backend systems that power critical business functionality. In this role, you are expected to lead by example through strong technical execution, thoughtful system design, and a commitment to engineering excellence. As a senior engineer you will contrib…",https://www.adzuna.co.uk/jobs/details/5710436293?utm_medium=api&utm_source=c0698c3f,software developer,London
5329654585,Platform Software Developer,Viribus,"London, UK","UK, London",63470.44,63470.44,1,,full_time,IT Jobs,2025-07-31T12:06:12Z,"Software Developer – Central London / Hybrid Remote working Paying up to £90,000 depending on experience, plus benefits listed at the bottom of this advert Role Overview A highly regarded investment manager is seeing year-on-year growth and a big investment in their technology capabilities and are looking to hire a Developer within one of the development teams, who has a key focus on the delivery of a critical platform within the business. The company is looking to recruit a full stack develope…",https://www.adzuna.co.uk/jobs/details/5329654585?utm_medium=api&utm_source=c0698c3f,software developer,London
5753318324,Senior Software Developer,White Swan Data,"Pentonville, North London","UK, London, North London, Pentonville",66930.12,66930.12,1,,full_time,IT Jobs,2026-06-05T17:02:20Z,"About White Swan Data Technology is at the heart of our business and has produced consistent and significant results. We are a small but rapidly growing team of mathematicians, data scientists and software engineers constantly striving to refine our world class statistical models while also researching and deploying new ones. Our work bridges three domains, each challenging in its own right - iGaming, quantitative research and software development. This convergence demands a rare blend of skill…",https://www.adzuna.co.uk/jobs/details/5753318324?utm_medium=api&utm_source=c0698c3f,software developer,London
5776440613,Software Development Manager,London Stock Exchange Group,"London, UK","UK, London",45845.89,45845.89,1,,full_time,IT Jobs,2026-06-25T16:41:58Z,"About Us: LSEG (London Stock Exchange Group) is more than a diversified global financial markets infrastructure and data business. We are dedicated, open-access partners with a dedication to excellence in delivering the services our customers expect from us. With extensive experience, deep knowledge and worldwide presence across financial markets, we enable businesses and economies around the world to fund innovation, manage risk and create jobs. It’s how we’ve contributed to supporting the fin…",https://www.adzuna.co.uk/jobs/details/5776440613?utm_medium=api&utm_source=c0698c3f,software developer,London
5694403735,AI Software Developer,WorldQuant,"London, UK","UK, London",54642.56,54642.56,1,,,IT Jobs,2026-04-09T11:21:35Z,"WorldQuant develops and deploys systematic financial strategies across a broad range of asset classes and global markets. We seek to produce high-quality predictive signals (alphas) through our proprietary research platform to employ financial strategies focused on market inefficiencies. Our teams work collaboratively to drive the production of alphas and financial strategies – the foundation of a balanced, global investment platform. WorldQuant is built on a culture that pairs academic sensibi…",https://www.adzuna.co.uk/jobs/details/5694403735?utm_medium=api&utm_source=c0698c3f,software developer,London
5329644031,Software Developer in Test,e2y,"Victoria, South West London","UK, London, South West London, Victoria",68027.96,68027.96,1,,full_time,IT Jobs,2025-07-31T12:01:42Z,Applications with the right to work in Spain or the UK. How we test at e2y Test Automation Engineers create technical solutions to improve test process efficiency and assess the quality of everything we deliver. They do it with smart and sapient use of data and automation - always focusing on the customer. It's important that our Test Automation Engineers are able to apply prior technical experience and techniques to develop test frameworks and automated tests and enable continuous delivery. Th…,https://www.adzuna.co.uk/jobs/details/5329644031?utm_medium=api&utm_source=c0698c3f,software developer,London
5467850908,Software Developer Backend (SFIA5),Zaizi,"London, UK","UK, London",500,700,0,contract,,IT Jobs,2025-10-28T12:46:26Z,"Zaizi is looking for a Senior Software Developer with solid technology skills, but who is also passionate about improving outcomes and the user experience. You’ll be reliable in your own deliverables but also curious about and offer innovative ideas to others in a mutli-disciplinary team. Our work culture is inclusive, modern, friendly, and democratic. We look for bright, positive-thinking individuals with a can-do attitude. Our people enjoy challenging themselves to be the best at what they do…",https://www.adzuna.co.uk/jobs/details/5467850908?utm_medium=api&utm_source=c0698c3f,software developer,London
5694374905,Full Stack Software Developer,MAGIC,"London, UK","UK, London",50000,85000,0,,full_time,IT Jobs,2026-04-09T10:29:52Z,"Full Stack Software Engineer, £50-85k, 3 days per week in London - Ground-breaking Fitness tech! About Us MAGIC AI is an elegant in-home health coach that utilises computer vision, connected weights, and 3D cameras to provide personalised training sessions led by world-renowned athletes. We have gained recognition and exposure, being stocked in Selfridges, featured on Good Morning Britain, and listed as one of Fast Company's World's Most Innovative Companies of 2024. With just a small team, our…",https://www.adzuna.co.uk/jobs/details/5694374905?utm_medium=api&utm_source=c0698c3f,software developer,London
5636025944,Software Developer-Backend (SFIA4),Zaizi,"London, UK","UK, London",60000,75000,0,,full_time,IT Jobs,2026-02-19T12:33:13Z,"Zaizi is looking for a Senior Software Developer with solid technology skills, but who is also passionate about improving outcomes and the user experience. You’ll be reliable in your own deliverables but also curious about and offer innovative ideas to others in a mutli-disciplinary team. Our work culture is inclusive, modern, friendly, and democratic. We look for bright, positive-thinking individuals with a can-do attitude. Our people enjoy challenging themselves to be the best at what they do…",https://www.adzuna.co.uk/jobs/details/5636025944?utm_medium=api&utm_source=c0698c3f,software developer,London
5343658641,Senior Java Software Developer,ITRS,"London, UK","UK, London",54184.97,54184.97,1,permanent,full_time,IT Jobs,2025-08-08T13:05:52Z,"About ITRS Recognised as a Great Place to Work, ITRS is an Enterprise SaaS provider with industry-leading solutions. Our mission is to make society’s critical technology work via automated & holistic IT observability solutions that safeguard critical applications and enable innovation. With our prestigious customer base includes 90% of the world's top investment banks. We are backed by leading private equity investors and are rapidly growing. Our headquarters are in Shoreditch - London's tech h…",https://www.adzuna.co.uk/jobs/details/5343658641?utm_medium=api&utm_source=c0698c3f,software developer,London
5119753729,Software Developer - Ground Stations,Micro IT Global,"London, UK","UK, London",68386.3,68386.3,1,,,IT Jobs,2025-03-31T12:23:48Z,"Software Developer - Ground Segment Systems Summary Are you passionate about space technology and eager to launch your career in the exciting realm of the space industry? Our client is a dynamic player in the field of Space Systems and Geo-Information, and they are seeking a number of Software Developers to join their team working on groundbreaking projects spanning both civil and defence missions across the UK and Europe. Responsibilities Engaging in software development for cutting-edge Groun…",https://www.adzuna.co.uk/jobs/land/ad/5119753729?se=OoRYjg6G8RGbGoMv58FbYQ&utm_medium=api&utm_source=c0698c3f&v=E62E21942BC7F720492A148FB1F68E6F7A614ABF,software developer,London
5743583204,Software Development Engineer II,Capital Group,"London, UK","UK, London",44712.86,44712.86,1,,full_time,IT Jobs,2026-05-28T16:14:15Z,"“I can be myself at work.” You are more than a job title. We want you to feel comfortable doing great work and bringing your best, authentic self to everything you do. We value your talents, traditions, and uniqueness—and we’re committed to fostering a strong sense of belonging in a respectful workplace. We intentionally seek diverse perspectives, experiences, and backgrounds, investing in a culture designed to celebrate differences. We believe that belonging leads to better outcomes and a stro…",https://www.adzuna.co.uk/jobs/land/ad/5743583204?se=OoRYjg6G8RGbGoMv58FbYQ&utm_medium=api&utm_source=c0698c3f&v=329C6C0F4089705EA3AA72DAE5EABA13DF5D56CD,software developer,London
5810697177,Full Stack Software Developer,Marsh McLennan,"London, UK","UK, London",63499.38,63499.38,1,,full_time,IT Jobs,2026-07-22T10:52:53Z,"Company: Mercer Description: We are looking for a talented and energetic individual to join the AI Product team in DC Pensions at Mercer UK. This is a UK-based role with flexible working — we are open to hybrid or office-based arrangements for the right person. The AI Product team is a small, UK-based, forward-deployed AI, tech and development team responsible for the Pensions AI Assistant — a customer-facing AI Agent. We are nimble, innovative and move quickly, using the latest technologies av…",https://www.adzuna.co.uk/jobs/land/ad/5810697177?se=OoRYjg6G8RGbGoMv58FbYQ&utm_medium=api&utm_source=c0698c3f&v=F42BD9F5CAFAE61B217CB42CA4F5D8ABFA4D4CFD,software developer,London
5776431641,Graduate Software Developer Programme,Mortgage Brain,"Farringdon, Central London","UK, London, Central London, Farringdon",43284.77,43284.77,1,permanent,full_time,Graduate Jobs,2026-06-25T15:56:55Z,"Job Title: Graduate Software Developer Programme (2 years) - 2 positions available Location: Hybrid between either our Central London or Croydon office and Home Working Salary: Competitive Salary Job Type: Permanent, Full Time Launch Your Technology Career with Real Experience Across Multiple Disciplines About us: For over three decades, Mortgage Brain has been at the forefront of mortgage technology in the UK, committed to addressing the complexities faced by mortgage intermediaries and lender…",https://www.adzuna.co.uk/jobs/land/ad/5776431641?se=OoRYjg6G8RGbGoMv58FbYQ&utm_medium=api&utm_source=c0698c3f&v=5867640D4500BB83C83FE9150CCBDFF710457A19,software developer,London
5775156736,Graduate Software Developer Programme,Mortgage Brain,"London, UK","UK, London",46617.54,46617.54,1,permanent,full_time,Graduate Jobs,2026-06-24T21:40:42Z,"Job Title: Graduate Software Developer Programme (2 years) - 2 positions available Location: Hybrid between either our Central London or Croydon office and Home Working Salary: Competitive Salary Job Type: Permanent, Full Time Launch Your Technology Career with Real Experience Across Multiple Disciplines About us: For over three decades, Mortgage Brain has been at the forefront of mortgage technology in the UK, committed to addressing the complexities faced by mortgage intermediaries and lender…",https://www.adzuna.co.uk/jobs/details/5775156736?utm_medium=api&utm_source=c0698c3f,software developer,London
5784652361,"Software Development Engineer, Rufus",Amazon,"London, UK","UK, London",49793.44,49793.44,1,contract,,IT Jobs,2026-07-02T01:45:10Z,"Description Rufus is a generative AI-powered shopping assistant in the Amazon Shopping app designed to help answer a variety of shopping-related questions. Rufus makes it easy for customers to find and discover the best products to meet their needs by helping with product research, providing comparisons and recommendations, answering specific product questions, and more. We are searching for pioneers who are passionate about technology, innovation, and customer experience to join the Rufus team…",https://www.adzuna.co.uk/jobs/details/5784652361?utm_medium=api&utm_source=c0698c3f,software developer,London
5672934340,Software Developer (Entry Level),Konrad,"London, UK","UK, London",42292.61,42292.61,1,,,IT Jobs,2026-03-20T10:09:48Z,"Who We Are Konrad is a next generation digital consultancy. We are dedicated to solving complex business problems for our global clients with creative and forward-thinking solutions. Our employees enjoy a culture built on innovation and a commitment to creating best-in-class digital products in use by hundreds of millions of consumers around the world. We hire exceptionally smart, analytical, and hard working people who are lifelong learners. About The Role As an entry level Software Developer …",https://www.adzuna.co.uk/jobs/details/5672934340?utm_medium=api&utm_source=c0698c3f,software developer,London
5804500064,Data Scientist,Lendable,"London, UK","UK, London",37638.11,37638.11,1,,,IT Jobs,2026-07-17T08:17:18Z,hackajob is collaborating with Lendable to connect them with exceptional professionals for this role. About Lendable Lendable is on a mission to build the world's best technology to help people get credit and save money. We're building one of the world’s leading fintech companies and are off to a strong start: One of the UK’s newest unicorns with a team of just over 700 people Among the fastest-growing tech companies in the UK Profitable since 2017 Backed by top investors including Balderton Ca…,https://www.adzuna.co.uk/jobs/land/ad/5804500064?se=qraMjw6G8RGJg-uPs_L7lA&utm_medium=api&utm_source=c0698c3f&v=22C72C81CEA290BA62A53CB91A91DD0DC715AA3D,data scientist,London
5789988653,Data Scientist,Third Bridge Group,"London, UK","UK, London",81534.2,81534.2,1,,,IT Jobs,2026-07-06T16:39:34Z,"hackajob is collaborating with Third Bridge Group to connect them with exceptional professionals for this role. Third Bridge is a leading global research firm established in 2007, with a team of over 1,500 employees worldwide dedicated to fueling decisions with expert insights . We accelerate and enhance decision-making for investors and business leaders by unearthing unique expert insights across multiple sectors, geographies, and topics. For nearly 20 years, we’ve helped clients access knowle…",https://www.adzuna.co.uk/jobs/land/ad/5789988653?se=qraMjw6G8RGJg-uPs_L7lA&utm_medium=api&utm_source=c0698c3f&v=D787A022397EA7BD9E90F0C75B06F57EF034352D,data scientist,London
5797714568,Data Scientist III,LexisNexis,"London, UK","UK, London",67261,67261,1,,,IT Jobs,2026-07-12T07:56:12Z,"hackajob is collaborating with LexisNexis to connect them with exceptional professionals for this role. Data Scientist III Excited to uncover insights from complex data and turn them into impactful business decisions? Do you enjoy building predictive models, experimenting with advanced analytics, and solving real-world challenges with data? About the te am: LexisNexis Intellectual Property Solutions (LNIP) is the global leader in patent intelligence, bringing clarity to innovation for businesse…",https://www.adzuna.co.uk/jobs/land/ad/5797714568?se=qraMjw6G8RGJg-uPs_L7lA&utm_medium=api&utm_source=c0698c3f&v=5208197478BB1083567693C0817B2E7B9334C4CD,data scientist,London
5789988630,Data Science Team Leader,Just Eat,"London, UK","UK, London",81752.21,81752.21,1,,,IT Jobs,2026-07-06T16:39:33Z,"hackajob is collaborating with Just Eat to connect them with exceptional professionals for this role. Hungry for a challenge? That’s good, because at Just Eat Takeaway.com (JET) we have abundant opportunity, or, as we say, everything is on the table. We are a leading global online food delivery marketplace. Our tech ecosystem connects millions of active customers with hundreds of thousands of connected partners in countries across the globe. Our mission? To empower every food moment around the …",https://www.adzuna.co.uk/jobs/land/ad/5789988630?se=qraMjw6G8RGJg-uPs_L7lA&utm_medium=api&utm_source=c0698c3f&v=1C6894C393F9AB91634AEDB7D65AF963F6CCB3F3,data scientist,London
5789989734,Senior Applied Data Scientist,Dunnhumby Ltd,"London, UK","UK, London",50020.13,50020.13,1,,,IT Jobs,2026-07-06T16:39:45Z,"hackajob is collaborating with Dunnhumby Ltd to connect them with exceptional professionals for this role. dunnhumby is the global leader in Customer Data Science, partnering with the world’s most ambitious retailers and brands to put the customer at the heart of every decision. We combine deep insight, advanced technology, and close collaboration to help our clients grow, innovate, and deliver measurable value for their customers. dunnhumby employs nearly 2,500 experts in offices throughout Eu…",https://www.adzuna.co.uk/jobs/land/ad/5789989734?se=qraMjw6G8RGJg-uPs_L7lA&utm_medium=api&utm_source=c0698c3f&v=05D4085ECD1B1EEEA81478662D041783B889539D,data scientist,London
5789989549,Principal Data Scientist - Healthcare,Kainos,"London, UK","UK, London",64471.98,64471.98,1,,,IT Jobs,2026-07-06T16:39:43Z,"hackajob is collaborating with Kainos to connect them with exceptional professionals for this role. Join Kainos and Shape the Future At Kainos, we’re problem solvers, innovators, and collaborators - driven by a shared mission to create real impact. Whether we’re transforming digital services for millions, delivering cutting-edge Workday solutions, or pushing the boundaries of technology, we do it together. We believe in a people-first culture , where your ideas are valued, your growth is suppor…",https://www.adzuna.co.uk/jobs/land/ad/5789989549?se=qraMjw6G8RGJg-uPs_L7lA&utm_medium=api&utm_source=c0698c3f&v=1BD0273F304230D88620B005BB516592B65B8DF2,data scientist,London
5797714572,Senior Data Scientist I,LexisNexis,"London, UK","UK, London",61654.21,61654.21,1,,,IT Jobs,2026-07-12T07:56:12Z,"hackajob is collaborating with LexisNexis to connect them with exceptional professionals for this role. Senior Data Scientist I Excited to uncover insights from complex data and turn them into impactful business decisions? Do you enjoy building predictive models, experimenting with advanced analytics, and solving real-world challenges with data? About the team: LexisNexis Intellectual Property Solutions (LNIP) is the global leader in patent intelligence, bringing clarity to innovation for busin…",https://www.adzuna.co.uk/jobs/land/ad/5797714572?se=qraMjw6G8RGJg-uPs_L7lA&utm_medium=api&utm_source=c0698c3f&v=C1E39DC35E5913900E9A5178B55A2F5F6CA2B37F,data scientist,London
5800520458,Senior Data Scientist - ST&S,bp,"Charing Cross, Central London","UK, London, Central London, Charing Cross",64769.7,64769.7,1,,,IT Jobs,2026-07-15T01:54:31Z,"Entity: Technology Job Family Group: IT&S Group Job Description: Our purpose is to deliver energy to the world, today and tomorrow. For over 100 years, bp has focused on discovering, developing, and producing oil and gas in the nations where we operate. We are one of the few companies globally that can provide governments and customers with an integrated energy offering. Delivering our strategy sustainably is fundamental to achieving our ambition to be a net zero company by 2050 or sooner! Summ…",https://www.adzuna.co.uk/jobs/land/ad/5800520458?se=qraMjw6G8RGJg-uPs_L7lA&utm_medium=api&utm_source=c0698c3f&v=2D102158787E20D8C2FC3D670F096C0BECC3F371,data scientist,London
5776440043,Data Scientist / Senior Data Scientist,C3.ai,"London, UK","UK, London",60200.67,60200.67,1,,,IT Jobs,2026-06-25T16:38:43Z,"C3 AI (NYSE: AI), is the Enterprise AI application software company. C3 AI delivers a family of fully integrated products including the C3 Agentic AI Platform, an end-to-end platform for developing, deploying, and operating enterprise AI applications, C3 AI applications, a portfolio of industry-specific SaaS enterprise AI applications that enable the digital transformation of organizations globally, and C3 Generative AI, a suite of domain-specific generative AI offerings for the enterprise. Lea…",https://www.adzuna.co.uk/jobs/details/5776440043?utm_medium=api&utm_source=c0698c3f,data scientist,London
5802870215,Data Scientist,Limited,"London, UK","UK, London",69767.37,69767.37,1,,full_time,IT Jobs,2026-07-16T13:51:33Z,"Who We Are At JD.com, also known as JINGDONG, we are building one of the world’s most trusted technology and supply chain ecosystems. What started as a bold idea in China has evolved into a NASDAQ-listed, Fortune 44 global enterprise serving over 700 million active customers. Powered by advanced logistics, innovative technology, and a commitment to integrity, JD.com operates across retail, logistics, technology, property and more, creating solutions that make everyday life smarter, faster, and …",https://www.adzuna.co.uk/jobs/land/ad/5802870215?se=qraMjw6G8RGJg-uPs_L7lA&utm_medium=api&utm_source=c0698c3f&v=A74D0DD3CCF05FACAF0DC6DF451649E5F44177E0,data scientist,London
5781285798,Data Scientist,Pioneering People,"Herne Hill, South East London","UK, London, South East London, Herne Hill",54000,58000,0,,full_time,IT Jobs,2026-06-29T20:05:15Z,"Data Scientist | Hybrid – Herne Hill, South London | Full-Time | £54,000–£58,000 P.A. D.O.E. Want to work on the kind of data science problems most companies can’t solve? An innovative, fast-growing data science business is looking for a Data Scientist to join its highly technical team. Founded as a spin-out from a world-leading university research group, this is a rare opportunity to apply Bayesian statistics, machine learning and scientific computing to genuinely complex, real-world challenge…",https://www.adzuna.co.uk/jobs/details/5781285798?utm_medium=api&utm_source=c0698c3f,data scientist,London
5775504602,Data Scientists,SR2 REC LTD,"London, UK","UK, London",156000,169000,0,,full_time,IT Jobs,2026-06-25T01:30:22Z,"Data Scientist The Opportunity We are looking for two experienced Data Scientists to join a high-impact financial crime programme, working alongside a specialist delivery team to design, build and productionise AI and machine learning solutions at scale. This is not a research role. You will be building and deploying production-grade models that directly support financial crime detection and supervision. The work is technically demanding, commercially grounded, and consequential. A background i…",https://www.adzuna.co.uk/jobs/details/5775504602?utm_medium=api&utm_source=c0698c3f,data scientist,London
5769132213,Data Scientist,Kroo Bank Ltd,"London, UK","UK, London",44706.34,44706.34,1,,full_time,Accounting & Finance Jobs,2026-06-19T09:04:57Z,"Kroo Bank is charting the future of banking through technology, data, and innovation. As a digital first bank, we use data science to help us make smarter decisions, improve customer outcomes, and build products that customers trust and love. The rapid pace of change within fintech creates exciting opportunities to apply advanced analytics, machine learning, and experimentation to real business challenges. As a Data Scientist, you will play a key role in helping Kroo use data more effectively a…",https://www.adzuna.co.uk/jobs/details/5769132213?utm_medium=api&utm_source=c0698c3f,data scientist,London
5809599024,Data Scientist,Twenty First Group,"London, UK","UK, London",55918.96,55918.96,1,,,IT Jobs,2026-07-21T19:32:48Z,"Data Scientist, Sports Betting Role Overview We're looking for a Data Scientist to join our Sports Betting vertical. You’ll develop predictive models, contributing to our growing portfolio of pre-match and in-play products and services for the sports betting industry. What You’ll Do Modelling & Analysis: Develop, train, and evaluate predictive models using machine learning and statistical techniques, with a focus on probabilistic and Bayesian approaches. Contribute to the modelling lifecycle fr…",https://www.adzuna.co.uk/jobs/details/5809599024?utm_medium=api&utm_source=c0698c3f,data scientist,London
5753328884,Data Scientist,Coefficient,"London, UK","UK, London",38000,38000,0,,full_time,IT Jobs,2026-06-05T17:49:16Z,"The Role in 30 Seconds Full-time Data Scientist Build and deploy cutting-edge AI and ML solutions for diverse clients (from Government to Startups). Gain full-stack delivery experience across an array of industries while benefiting from investment in your professional growth and expertise. Working at Coefficient You'll be involved in a wide variety of projects, from cutting-edge AI solutions for the UK government to building transformative tools across a range of industries. This isn't just a s…",https://www.adzuna.co.uk/jobs/details/5753328884?utm_medium=api&utm_source=c0698c3f,data scientist,London
5603322132,Data Scientist,Liberty Global,"London, UK","UK, London",70529.54,70529.54,1,,full_time,IT Jobs,2026-01-28T15:58:10Z,"ABOUT US Liberty Global is a world leader in converged broadband, video and mobile communications services. We deliver next-generation products through advanced fiber and 5G networks that connect 85 million subscribers across Europe and the United Kingdom. Our businesses operate under some of the best-known consumer brands, including Virgin Media-O2 in the UK, VodafoneZiggo in The Netherlands, Telenet in Belgium, Sunrise UPC in Switzerland, Virgin Media in Ireland and UPC in Eastern Europe. Thr…",https://www.adzuna.co.uk/jobs/details/5603322132?utm_medium=api&utm_source=c0698c3f,data scientist,London
5781217111,Data Scientist,Jobheron,"London, UK","UK, London",54000,58000,0,,full_time,IT Jobs,2026-06-29T16:15:49Z,"Data Scientist | Hybrid – Herne Hill, South London | Full-Time | £54,000–£58,000 P.A. D.O.E. Want to work on the kind of data science problems most companies can’t solve? An innovative, fast-growing data science business is looking for a Data Scientist to join its highly technical team. Founded as a spin-out from a world-leading university research group, this is a rare opportunity to apply Bayesian statistics, machine learning and scientific computing to genuinely complex, real-world challenge…",https://www.adzuna.co.uk/jobs/land/ad/5781217111?se=qraMjw6G8RGJg-uPs_L7lA&utm_medium=api&utm_source=c0698c3f&v=C4FF6ED5B62AD2C896330CBDA0389463BA073C8F,data scientist,London
5783888716,Data Scientist,Guidant Global,"The City, Central London","UK, London, Central London, The City",156000,221000,0,contract,,IT Jobs,2026-07-01T16:16:03Z,"Working Environment You'll typically work across two projects at a time, often with different technical leads, giving you both variety and continuity. The environment values curiosity, evidence-based thinking, and the confidence to question assumptions constructively. Data scientists work within established delivery frameworks and collaborate closely with engineers, analysts and product-focused teams. Learning happens through doing, supported by an experienced and inclusive data science communi…",https://www.adzuna.co.uk/jobs/land/ad/5783888716?se=qraMjw6G8RGJg-uPs_L7lA&utm_medium=api&utm_source=c0698c3f&v=10EF25D0A57DA63502C52AA1404D47756D593A39,data scientist,London
5784112300,Data Scientist,Maxwell Bond,"Farringdon, Central London","UK, London, Central London, Farringdon",50000,70000,0,,full_time,IT Jobs,2026-07-01T20:18:47Z,"Data Scientist North West or London, Hybrid Up to £70,000 What if your next role wasn't about maintaining someone else's models? What if you joined at the beginning, built the foundations, owned your work, and helped shape the future of an entire Data Science function? That's exactly what this opportunity offers. We're working with a growing insurance business investing heavily in data, pricing and machine learning. They have built the platform. Now they're looking for a Data Scientist who want…",https://www.adzuna.co.uk/jobs/land/ad/5784112300?se=qraMjw6G8RGJg-uPs_L7lA&utm_medium=api&utm_source=c0698c3f&v=52D31ADA1CFD87BBBB3DB9D0053CB21A743400C0,data scientist,London
5781286771,Data Scientist,Third Nexus Group Limited,"Farringdon, Central London","UK, London, Central London, Farringdon",91000,97500,0,contract,,IT Jobs,2026-06-29T20:09:07Z,"Data Scientist £375pd inside IR35 London with Hybrid working Number of days a week worked in the office: 3 on demand in case of any important meetings Initially 3 months with possible extension * Build statistical and machine learning models using advanced techniques such as clustering, regression, predictive analytics. * Hands-on expertise building and validating statistical/ML models (e.g., clustering, regression, predictive analytics) with ability to take problems from framing through to de…",https://www.adzuna.co.uk/jobs/land/ad/5781286771?se=qraMjw6G8RGJg-uPs_L7lA&utm_medium=api&utm_source=c0698c3f&v=E7884673A4B926E088D239EBF20CB4B0AB8B6595,data scientist,London
5810043084,Data Scientist,Anson Mccade,"South West London, London","UK, London, South West London",100000,100000,0,,,IT Jobs,2026-07-22T00:58:51Z,"Senior Data Scientist Location: London Salary: £80,000 - £120,000 Are you a Data Scientist looking to work on challenging AI projects that deliver real-world impact? Were working with a leading applied AI organisation that combines advanced data science, machine learning, and cutting-edge technology to help organisations make better decisions. Their teams work across sectors including government, healthcare, finance, and retail, solving complex problems through innovative AI solutions. Were loo…",https://www.adzuna.co.uk/jobs/details/5810043084?utm_medium=api&utm_source=c0698c3f,data scientist,London
5781389530,Data Scientist,JobHeron,"South East London, London","UK, London, South East London",60000,60000,0,,full_time,IT Jobs,2026-06-29T21:47:03Z,"Data Scientist | Hybrid Herne Hill, South London | Full-Time | £54,000£58,000 P.A. D.O.E. Want to work on the kind of data science problems most companies cant solve? An innovative, fast-growing data science business is looking for a Data Scientist to join its highly technical team. Founded as a spin-out from a world-leading university research group, this is a rare opportunity to apply Bayesian statistics, machine learning and scientific computing to genuinely complex, real-world challenges ac…",https://www.adzuna.co.uk/jobs/details/5781389530?utm_medium=api&utm_source=c0698c3f,data scientist,London
5736523854,Data Scientist,McCabe & Barton,"London, UK","UK, London",52381.27,52381.27,1,,full_time,IT Jobs,2026-05-21T15:51:52Z,"Data Scientist Data Scientist London | Hybrid McCabe & Barton is supporting the growth of a newly established Analytics & Advisory function within a global insurance organisation. This is an exciting opportunity for a commercially minded Data Scientist to work with real-world insurance, market and client data, helping drive insight-led decision making across pricing, portfolio analytics, client segmentation and operational performance. Key experience sought: • Strong Python or R capability • SQ…",https://www.adzuna.co.uk/jobs/details/5736523854?utm_medium=api&utm_source=c0698c3f,data scientist,London
5792768754,Data Scientist,Domestic & General,"London, UK","UK, London",46176.65,46176.65,1,permanent,full_time,IT Jobs,2026-07-08T16:38:25Z,"Data Scientist Permanent Position Hybrid, from our Wimbledon Office Domestic & General is growing fast across 14 countries, protecting the appliances that keep households running and reducing waste by extending the life of everyday devices. As we scale, we’re looking for a Data Scientist to contribute to the delivery of high-quality data science solutions to business problems. The Role The Data Scientist role is to support the delivery of high-quality data science solutions to business problems…",https://www.adzuna.co.uk/jobs/details/5792768754?utm_medium=api&utm_source=c0698c3f,data scientist,London
5810689002,Data Scientist,Dept,"London, UK","UK, London",84289.97,84289.97,1,,,IT Jobs,2026-07-22T10:45:04Z,"Data Scientist DEPT®/AI has a single mission: to make the best work in the industry using AI to enhance everything we do. This role sits within our EMEA Data & AI practice, which has deep expertise in leveraging AI. The team includes data scientists and AI engineers that work alongside DEPT® teams around the world across different services – from commerce, to full-funnel media, content engineering to internal operations. You will be solving some of the hardest and most challenging problems faci…",https://www.adzuna.co.uk/jobs/details/5810689002?utm_medium=api&utm_source=c0698c3f,data scientist,London
5750342937,Data Scientist,Compare the Market,"London, UK","UK, London",80055.77,80055.77,1,,full_time,IT Jobs,2026-06-03T10:23:18Z,"Description Data Scientist Function: Data Location: Hybrid, London Curious about what’s next? So are we. Join Compare the Market and help to make financial decision making a breeze for millions. We’ve carved a meerkat-shaped niche and we’re looking for ambitious, curious thinkers who thrive in a fast-moving, high-impact environment. If you love accountability, embrace challenge, and want to make a real difference, you’ll fit right in. We’d love you to be part of our journey. As a Data Scientist…",https://www.adzuna.co.uk/jobs/details/5750342937?utm_medium=api&utm_source=c0698c3f,data scientist,London
5765658545,Data Scientist,Ntt Data,"London, UK","UK, London",61153.77,61153.77,1,,full_time,IT Jobs,2026-06-16T16:37:45Z,We are looking for a Data Scientist with at least 5 years of experience in client-facing roles. The ideal candidate will have strong proficiency in Python or R and experience with machine learning and data analysis. A Bachelor’s or Master’s degree in a relevant field is required. You will collaborate with stakeholders to deliver data-driven insights and recommendations. What youll be doing: • Partner with business stakeholders to identify and prioritise opportunities where data science can deli…,https://www.adzuna.co.uk/jobs/details/5765658545?utm_medium=api&utm_source=c0698c3f,data scientist,London
5758426154,Data Scientist,Genius Sports,"London, UK","UK, London",54830.12,54830.12,1,,,IT Jobs,2026-06-10T13:06:41Z,"By bringing together next-gen technology and the finest live data available, Genius Sports is enabling a new era of sports for fans worldwide, delivering experiences that are more immersive, interactive and personalized than ever before. Learn more at geniussports.com. The Role You will join a team of data scientists developing the next generation of Genius Sports’ market leading sports models. These models act as the sporting brain behind many of Genius’s customer facing products, calculating …",https://www.adzuna.co.uk/jobs/details/5758426154?utm_medium=api&utm_source=c0698c3f,data scientist,London
5736396354,Data Scientist,WPP Media,"London, UK","UK, London",32067.95,32067.95,1,,,IT Jobs,2026-05-21T13:15:34Z,"About WPP Media WPP is the trusted growth partner for the world’s leading brands. With exceptional talent, trusted data and intelligence, and world-class partnerships – all united by our pioneering agentic marketing platform, WPP Open – we help clients navigate change, capture opportunity, and deliver transformational growth. WPP Media is WPP's AI-driven media operating unit, bringing together media, data, and partnerships to deliver creative personalisation at scale. Connected through WPP Open…",https://www.adzuna.co.uk/jobs/details/5736396354?utm_medium=api&utm_source=c0698c3f,data scientist,London
5754568858,Data Scientist,Swiftsource,"London, UK","UK, London",57216.16,57216.16,1,,,IT Jobs,2026-06-06T16:54:48Z,"As a data scientist you will be responsible for keeping up to date with the latest big data research in the maritime industry and applying this and your data science knowledge to build intelligent data driven features. It’s an exciting role that requires the analysis of different types of geospatial datasets, with many different potential applications of machine learning. The role is suited to a data scientist who also has a keen interest in data engineering as you will be contributing to the d…",https://www.adzuna.co.uk/jobs/details/5754568858?utm_medium=api&utm_source=c0698c3f,data scientist,London
5769311067,Data Scientist,N Consulting Ltd,"London, UK","UK, London",78000,130000,0,contract,,IT Jobs,2026-06-19T12:22:43Z,"Work mode: Hybrid, 3 days WFO Contract duration: 6 months Location: London, UK Start date of the project: 1st of September 2026 JOB DETAILS Role Title: Data Scientist (2 OPENINGS) Years of experience: 3-5 years Areas of responsibility: Detailed Job Description: Grade & Definition: Consultant - Substantial experience between 3-5 years and an in-depth knowledge of their specialist field. Purpose of the Role: We are looking for talented and experienced data scientists with experience to join our …",https://www.adzuna.co.uk/jobs/details/5769311067?utm_medium=api&utm_source=c0698c3f,data scientist,London
5773738052,Data Scientist,Ntt Data,"London, UK","UK, London",79892.93,79892.93,1,,full_time,IT Jobs,2026-06-23T17:09:54Z,"You will join NTT DATA UK’s Data & AI Practice, a multi-disciplinary team delivering enterprise-scale data platforms, analytics, and AI solutions. Our focus is on building modern, scalable data platforms that enable advanced analytics and data-driven decision-making across organisations. This role sits at the intersection of data engineering, analytics, and platform enablement, with a strong emphasis on Snowflake, Databricks, and Microsoft Fabric ecosystems. What youll be doing: We are looking …",https://www.adzuna.co.uk/jobs/details/5773738052?utm_medium=api&utm_source=c0698c3f,data scientist,London
5750393242,Data Scientist,Clarasight,"London, UK","UK, London",74757.36,74757.36,1,,full_time,Engineering Jobs,2026-06-03T10:39:20Z,"About Us Join us in building the leading AI-Powered Mission Control for Corporate Travel. Some of the world's most recognizable companies, representing over $4T in market value, rely on Clarasight's software to reduce risks, save costs, protect revenues, and manage emissions aligned with business objectives and sustainability goals. About You You are a builder at heart — curious, analytical, and energized by turning complex financial and travel data into tools that people actually use. You move…",https://www.adzuna.co.uk/jobs/details/5750393242?utm_medium=api&utm_source=c0698c3f,data scientist,London
5784242519,Data Scientist,myPOS,"Holborn, Central London","UK, London, Central London, Holborn",62304.1,62304.1,1,,,IT Jobs,2026-07-01T21:56:53Z,"At myPOS, we’re all about helping businesses grow and get paid. We make payments simple, smart, and accessible for everyone, but we’re more than just payment solutions - myPOS is a partner in growth. From free multicurrency accounts to powerful e-commerce tools, we’re here to support business owners of all sizes and everyone out there who dreams of starting their own business. As we are expanding our team, we’re looking for Data Scientist to help us make a real difference in the Fintech industr…",https://www.adzuna.co.uk/jobs/details/5784242519?utm_medium=api&utm_source=c0698c3f,data scientist,London
5755549432,Data Scientist,Faculty AI,"London, UK","UK, London",54875.52,54875.52,1,,full_time,IT Jobs,2026-06-07T16:52:46Z,"Why Faculty? We established Faculty in 2014 because we thought that AI would be the most important technology of our time. Since then, we’ve worked with over 350 global customers to transform their performance through human-centric AI. You can read about our real-world impact here . We don’t chase hype cycles. We innovate, build and deploy responsible AI which moves the needle - and we know a thing or two about doing it well. We bring an unparalleled depth of technical, product and delivery exp…",https://www.adzuna.co.uk/jobs/details/5755549432?utm_medium=api&utm_source=c0698c3f,data scientist,London
5762594764,Data Scientist,WPP,"London, UK","UK, London",45826.79,45826.79,1,,,IT Jobs,2026-06-13T13:43:04Z,"WPP is the trusted growth partner for the world’s leading brands. We unite cutting-edge media intelligence and data solutions, world-class creativity, next-generation production, transformative enterprise solutions and expert strategic counsel in a single company – powered by exceptional talent and our agentic marketing platform, WPP Open, to help our clients navigate change, capture opportunity and deliver transformational growth. We work with the world's most valuable brands and have global r…",https://www.adzuna.co.uk/jobs/details/5762594764?utm_medium=api&utm_source=c0698c3f,data scientist,London
5670435545,Data Scientist,N Consulting Ltd,"London, UK","UK, London",117000,143000,0,contract,,IT Jobs,2026-03-18T07:26:29Z,"Data Scientist London , UK Duration: 3 Months extendable Job Overview We are seeking a highly skilled and dedicated individual to join our team as a Machine Learning Model Builder. In this role, you will be responsible for designing and implementing machine learning models to solve complex business problems and drive innovation. You will work closely with our data science team to understand the data, develop models, and integrate them into our existing systems. This role requires a deep underst…",https://www.adzuna.co.uk/jobs/details/5670435545?utm_medium=api&utm_source=c0698c3f,data scientist,London
5653640980,Data Scientist,Almedia,"London, UK","UK, London",130000,230000,0,,full_time,IT Jobs,2026-03-04T12:39:36Z,This isn’t your regular job. Almedia is a place where those who want to push harder can accelerate their careers faster than anywhere else. We’re aiming to become Germany’s second bootstrapped unicorn. Almedia is already Europe’s 3 fastest-growing company in 2025 (FT1000). We are building the future of marketing by rewarding our community of over 70 million users for engaging with our advertisers’ products. We are offering a new way to acquire users for the biggest companies in the world. Data …,https://www.adzuna.co.uk/jobs/details/5653640980?utm_medium=api&utm_source=c0698c3f,data scientist,London
5664205481,Data Scientist,"NTT America, Inc.","London, UK","UK, London",58264.97,58264.97,1,,,IT Jobs,2026-03-13T21:53:50Z,"What you'll be doing: Partner with business stakeholders to identify and prioritise opportunities where data science can deliver measurable value. Collect, clean, and transform structured and unstructured data from multiple internal and external sources. Develop, test, and deploy predictive models and machine learning algorithms to address business challenges. Conduct exploratory data analysis (EDA) to uncover trends, patterns, anomalies, and key drivers. Communicate insights and recommend…",https://www.adzuna.co.uk/jobs/details/5664205481?utm_medium=api&utm_source=c0698c3f,data scientist,London
5797936217,Data Scientist,Lendable,"London, UK","UK, London",39168.28,39168.28,1,,full_time,IT Jobs,2026-07-12T13:45:16Z,"About Lendable Lendable is on a mission to build the world's best technology to help people get credit and save money. We're building one of the world’s leading fintech companies and are off to a strong start: One of the UK’s newest unicorns with a team of just over 700 people Among the fastest-growing tech companies in the UK Profitable since 2017 Backed by top investors including Balderton Capital and Goldman Sachs Loved by customers with the best reviews in the market (4.9 across 10,000s of …",https://www.adzuna.co.uk/jobs/details/5797936217?utm_medium=api&utm_source=c0698c3f,data scientist,London
5806148991,Data Scientist,Amex,"London, UK","UK, London",56291.73,56291.73,1,,full_time,IT Jobs,2026-07-18T13:48:32Z,"Amex GBT is a place where colleagues find inspiration in travel as a force for good and – through their work – can make an impact on our industry. We’re here to help our colleagues achieve success and offer an inclusive and collaborative culture where your voice is valued. What You'll Do: Identify revenue opportunities, possibly through creative solutions, and drive the implementation to realize them Design and build data-driven hotel optimization models using advanced Analytics/Data Science te…",https://www.adzuna.co.uk/jobs/details/5806148991?utm_medium=api&utm_source=c0698c3f,data scientist,London
5789182808,Data Scientist,Jupiter Asset Management,"London, UK","UK, London",49641.19,49641.19,1,,full_time,IT Jobs,2026-07-05T15:46:54Z,"The Value of Active Minds About Jupiter Jupiter is one of the UK’s leading investment management companies with just under 500 employees and £54 billion worth of assets under management (as at 31st December 2025). Jupiter provides investment services to individual and institutional investors through mutual funds (UK unit trusts, Luxembourg SICAVs and Dublin OEICs), separately managed accounts and sub-advised funds. Jupiter has experienced a period of international growth with offices open in EM…",https://www.adzuna.co.uk/jobs/details/5789182808?utm_medium=api&utm_source=c0698c3f,data scientist,London
5587669999,Data Scientist,Wheely,"London, UK","UK, London",90000,110000,0,,,IT Jobs,2026-01-16T09:37:19Z,"About Wheely Wheely is redefining premium transportation across major cities in Europe, the US, and the Middle East. We blend cutting-edge technology with the craft of five-star chauffeuring to deliver an experience trusted by more than 100,000 active riders and 1,200 corporate accounts. We’re a profitable, fast-growing scale-up with $43M raised and over $100M in annual revenue. Having recently launched in New York City, we’re expanding rapidly across the US and EMEA. If you take pride in your …",https://www.adzuna.co.uk/jobs/details/5587669999?utm_medium=api&utm_source=c0698c3f,data scientist,London
5801194344,Data Scientist,Checkout.com,"London, UK","UK, London",62780.66,62780.66,1,,full_time,IT Jobs,2026-07-15T13:52:12Z,"Company Description We’re Checkout.com . You might not know our name, but companies like eBay, Spotify, Klarna, Uber, and Sony do, because we’re behind many of the digital experiences you use every day. We are where the world checks out, enabling over 10 billion transactions yearly for more than one billion global shoppers. Whether you want to book a holiday, order food, renew a subscription, or check out online, there’s a good chance our tech powers the payments behind the scenes. Our platform…",https://www.adzuna.co.uk/jobs/details/5801194344?utm_medium=api&utm_source=c0698c3f,data scientist,London
5804708270,Data Scientist,Third Nexus Group Limited,"Stepney, East London","UK, London, East London, Stepney",41638.67,41638.67,1,contract,,IT Jobs,2026-07-17T10:45:39Z,"Salary: £? - ? per year Requirements: Hands-on expertise building and validating statistical and machine learning models, including clustering, regression, and predictive analytics Strong ability to take problems from framing through to deployment-ready outputs Strong data exploration, feature engineering, and model evaluation skills Ability to communicate insights clearly to non-technical stakeholders Ideally experience within demand-led public services, including predictive demand, prevention…",https://www.adzuna.co.uk/jobs/details/5804708270?utm_medium=api&utm_source=c0698c3f,data scientist,London
5665203466,Data Scientist,CoreWeave Europe,"London, UK","UK, London",70416.62,70416.62,1,permanent,,IT Jobs,2026-03-14T10:10:31Z,"CoreWeave is The Essential Cloud for AI™. Built for pioneers by pioneers, CoreWeave delivers a platform of technology, tools, and teams that enables innovators to build and scale AI with confidence. Trusted by leading AI labs, startups, and global enterprises, CoreWeave combines superior infrastructure performance with deep technical expertise to accelerate breakthroughs and turn compute into capability. Founded in 2017, CoreWeave became a publicly traded company (Nasdaq: CRWV) in March 2025. L…",https://www.adzuna.co.uk/jobs/details/5665203466?utm_medium=api&utm_source=c0698c3f,data scientist,London
5789179291,Data Scientist,Veriforce,"London, UK","UK, London",61268.65,61268.65,1,,full_time,IT Jobs,2026-07-05T15:30:50Z,"Building innovative solutions; enabling safer workplaces for everyone. We’ll create a safer working world, building software to support a global network of responsible buyers, suppliers and partners. We take the pain out of compliance for over 50,000 organisations globally, helping them protect their people, their operations, and the planet. Keeping our network of hiring clients, suppliers, and contractors compliant with the standards that matter most, from health and safety and sustainability …",https://www.adzuna.co.uk/jobs/details/5789179291?utm_medium=api&utm_source=c0698c3f,data scientist,London
5792790758,Data Science,Axle Energy,"London, UK","UK, London",75000,200000,0,,full_time,IT Jobs,2026-07-08T16:41:06Z,"About Us At Axle Energy, we’re building the infrastructure that will underpin the decarbonised energy system. Our software moves energy usage to times when electricity is cheap and green, by controlling vehicle charging, heating systems, and home batteries. We control hundreds of thousands of energy assets. We’re building in a legacy industry and moving gigawatt-hours of electrons in the real world, but we operate at lightning speed, and we’re growing the team to meet customer demand. We’re pro…",https://www.adzuna.co.uk/jobs/details/5792790758?utm_medium=api&utm_source=c0698c3f,data scientist,London
5722145662,Data Scientist,Harmonic Security,"London, UK","UK, London",85000,105000,0,,full_time,IT Jobs,2026-05-07T21:58:16Z,"AI is being run everywhere, by humans and agents. Harmonic Security governs all of it. The AI Governance and Control (AIGC) platform understands user / agent intent and data context in real time, giving security teams visibility and control across every tool and workflow so companies can move faster with AI while minimizing risk. We operate in one of the fastest-moving spaces in tech: the emerging intersection of AI and cybersecurity. It's a market still being defined, and we're among the first…",https://www.adzuna.co.uk/jobs/details/5722145662?utm_medium=api&utm_source=c0698c3f,data scientist,London
5801155508,Data Scientist,Capstone Investment Advisors,"London, UK","UK, London",44093.34,44093.34,1,,,IT Jobs,2026-07-15T13:39:22Z,"We see the world differently at Capstone Investment Advisors. You will, too. Capstone Investment Advisors, LLC (“Capstone”) is a global asset manager, dedicated to exploring alpha opportunities in derivatives and complementary strategies that persist across market cycles. With approximately $12.5 billion of AUM (as of May 1, 2026) and 306 employees, Capstone is headquartered in New York with offices in London, Amsterdam, Stamford, Los Angeles, Boston, Tokyo, Milan, Texas, and Maryland. Since 20…",https://www.adzuna.co.uk/jobs/details/5801155508?utm_medium=api&utm_source=c0698c3f,data scientist,London
5766911457,"Chief Engineer, Data Centre Engineering Operations, Data Centre Engineering Operations",Amazon TA,"Charing Cross, Central London","UK, London, Central London, Charing Cross",59438.12,59438.12,1,,full_time,IT Jobs,2026-06-17T16:58:40Z,"AWS Infrastructure Services owns the design, planning, delivery, and operation of all AWS global infrastructure. In other words, we’re the people who keep the cloud running. We support all AWS data centers and all of the servers, storage, networking, power, and cooling equipment that ensure our customers have continual access to the innovation they rely on. We work on the most challenging problems, with thousands of variables impacting the supply chain — and we’re looking for talented people wh…",https://www.adzuna.co.uk/jobs/land/ad/5766911457?se=WlK4kA6G8RGbGoMv58FbYQ&utm_medium=api&utm_source=c0698c3f&v=86A730781B93A3F0684D64B9213E38B10B0C7230,data engineer,London
5789988994,Data Engineer,Version 1,"London, UK","UK, London",48976.09,48976.09,1,,,IT Jobs,2026-07-06T16:39:37Z,"hackajob is collaborating with Version 1 to connect them with exceptional professionals for this role. Designs, implements, and maintains complex data engineering solutions to acquire and prepare data. Creates and maintains data pipelines to connect data within and between data stores, applications and organisations. Carries out complex data quality checking and remediation. Contributes to organisational policies, standards, and guidelines for data engineering. Designing and implementing highly…",https://www.adzuna.co.uk/jobs/land/ad/5789988994?se=WlK4kA6G8RGbGoMv58FbYQ&utm_medium=api&utm_source=c0698c3f&v=6DE50B13C83742045335F7E17932B650A249ADAA,data engineer,London
5789988745,Data Engineer,Solirius Reply,"London, UK","UK, London",67684.66,67684.66,1,,,IT Jobs,2026-07-06T16:39:35Z,"hackajob is collaborating with Solirius Reply to connect them with exceptional professionals for this role. Solirius Reply, part of the Reply Group, delivers technical consultancy and application delivery to our clients in order to solve real world problems and allow our clients to respond to an ever-changing technical landscape. We partner closely with our clients, embedding our consultants into their businesses in order to provide a bespoke service, allowing us to truly understand our clients…",https://www.adzuna.co.uk/jobs/land/ad/5789988745?se=WlK4kA6G8RGbGoMv58FbYQ&utm_medium=api&utm_source=c0698c3f&v=042D074805C3E10B7F1231C27ADEA0785511094A,data engineer,London
5789989574,Data Engineer,Octopus Energy,"London, UK","UK, London",55167.06,55167.06,1,,,IT Jobs,2026-07-06T16:39:43Z,hackajob is collaborating with Octopus Energy to connect them with exceptional professionals for this role. What we do. Electric Car Leasing Why we do it. Greener. Fairer. Future. At Octopus Electric Vehicles we’ve built a data platform that provides data services to all areas of our business. The aim of the platform is to enable self-service of data analytics to data hungry internal users as well as automation of all our data workflows - from simple ETL jobs to ML training and prediction. The …,https://www.adzuna.co.uk/jobs/land/ad/5789989574?se=WlK4kA6G8RGbGoMv58FbYQ&utm_medium=api&utm_source=c0698c3f&v=0140A1F5A1419F27C81E5C6A3EE675CADA854294,data engineer,London
5788901322,Lead Data Engineer,Interact Consulting Limited,"London, UK","UK, London",81767.57,81767.57,1,permanent,,IT Jobs,2026-07-05T08:59:47Z,"Help shape the future of immersive sports with A clear pathway to grow into Head of Data Engineering as the platform and team scale We're looking for a Lead Data Engineer to build and scale the platform powering a next-generation immersive sports experience. This is a hands-on role with real ownership, where you'll lead backend architecture, cloud infrastructure and platform reliability while helping define the future of our technology. We're looking for someone who is also an AI enabler—an eng…",https://www.adzuna.co.uk/jobs/details/5788901322?utm_medium=api&utm_source=c0698c3f,data engineer,London
5794152645,Data Engineer,Hexaware,"London, UK","UK, London",67000,67000,0,permanent,full_time,IT Jobs,2026-07-09T13:26:31Z,"Key Responsibilities: Architect and Develop : Contribute to the platform’s architectural design and build integration, modeling, data persistence, and analytical systems. Data Pipelines : Implement, maintain, and test robust data pipelines. Metadata Management : Develop and manage metadata processes and tools. Performance Monitoring : Ensure the stability and performance of data pipelines. Data Quality : Implement tools for data curation, metadata management, and quality assurance. Collaboratio…",https://www.adzuna.co.uk/jobs/details/5794152645?utm_medium=api&utm_source=c0698c3f,data engineer,London
5789987491,Senior Data Engineer,Solirius Reply,"London, UK","UK, London",70762.04,70762.04,1,,,IT Jobs,2026-07-06T16:39:16Z,"hackajob is collaborating with Solirius Reply to connect them with exceptional professionals for this role. About Us: Solirius Consulting delivers technical consultancy and application delivery to our clients in order to solve real world problems and allow our clients to respond to an ever-changing technical landscape. We partner closely with our clients, embedding our consultants into their businesses in order to provide a bespoke service, allowing us to truly understand our clients’ needs. It…",https://www.adzuna.co.uk/jobs/land/ad/5789987491?se=WlK4kA6G8RGbGoMv58FbYQ&utm_medium=api&utm_source=c0698c3f&v=E06C26F6CC994B8166C01AA2492502FD325A9920,data engineer,London
5789989646,Lead Data Engineer,Kainos,"London, UK","UK, London",74213.45,74213.45,1,,,IT Jobs,2026-07-06T16:39:44Z,"hackajob is collaborating with Kainos to connect them with exceptional professionals for this role. Join Kainos and Shape the Future At Kainos, we’re problem solvers, innovators, and collaborators - driven by a shared mission to create real impact. Whether we’re transforming digital services for millions, delivering cutting-edge Workday solutions, or pushing the boundaries of technology, we do it together. We believe in a people-first culture , where your ideas are valued, your growth is suppor…",https://www.adzuna.co.uk/jobs/land/ad/5789989646?se=WlK4kA6G8RGbGoMv58FbYQ&utm_medium=api&utm_source=c0698c3f&v=244ABCEBA8C3106ECF589E470017C33DA87EF91F,data engineer,London
5789989238,AI Data Engineer,Barclays,"London, UK","UK, London",48984.96,48984.96,1,,,IT Jobs,2026-07-06T16:39:39Z,"hackajob is collaborating with Barclays to connect them with exceptional professionals for this role. We’re seeking an AI Data Engineer to support with building next‑generation analytics and AI‑ready data platforms on KDB that directly power trading, research, and risk use cases across Markets. To be successful in this role you will: Be a motivated engineer with foundational experience with data pipelines, and emerging AI techniques Hold previous experience contributing to AI‑related use cases …",https://www.adzuna.co.uk/jobs/land/ad/5789989238?se=WlK4kA6G8RGbGoMv58FbYQ&utm_medium=api&utm_source=c0698c3f&v=B364971A849550EC38C8BA8FB720C2AEC4A24DA5,data engineer,London
5777770029,Lead Data Engineer - London,Datatech Analytics,"South East London, London","UK, London, South East London",95000,95000,0,permanent,,IT Jobs,2026-06-26T14:53:22Z,"Lead Data Engineer - London London | Hybrid - Monday to Thursday in the office. Friday work from home Salary | £85,000-£95,000 dependent on experience Ref J13147 Build the function. Lead the team. Stay hands on. Join a fast-growing AI SaaS business where Data Engineering sits at the heart of the platform. This is an opportunity to join at a pivotal stage of the company's growth. As Lead Data Engineer, you'll shape and scale the Data Engineering function, define engineering standards and build a…",https://www.adzuna.co.uk/jobs/details/5777770029?utm_medium=api&utm_source=c0698c3f,data engineer,London
5795661180,Senior Data Engineer,codeconvergence,"London, UK","UK, London",85000,85000,0,,full_time,IT Jobs,2026-07-10T15:29:05Z,"Key Responsibilities: Architect and Develop : Contribute to the platform’s Architectural design and build integration, Modelling, Data Persistence, and Analytical Systems. Data Pipelines : Implement, maintain, and test robust data pipelines. Metadata Management : Develop and manage metadata processes and tools. Performance Monitoring : Ensure the stability and performance of data pipelines. Data Quality : Implement tools for data curation, metadata management, and quality assurance. Collaborati…",https://www.adzuna.co.uk/jobs/details/5795661180?utm_medium=api&utm_source=c0698c3f,data engineer,London
5789987357,Data Engineering Technical Lead,Vanguard,"London, UK","UK, London",58421.04,58421.04,1,,,IT Jobs,2026-07-06T16:39:14Z,"hackajob is collaborating with Vanguard to connect them with exceptional professionals for this role. Provides expert level data solutions by using software to process, store, and serve data to others. Tests data quality and optimizes data availability. Ensures that data pipelines are scalable, repeatable, and secure. Utilizes the deepest dive analytical skillset on a variety of internal and external data. Leads, instructs, and mentors newer Data Engineering crew. Provides expert level data sol…",https://www.adzuna.co.uk/jobs/land/ad/5789987357?se=WlK4kA6G8RGbGoMv58FbYQ&utm_medium=api&utm_source=c0698c3f&v=424D9284B7A6E63C816DD58E6682140FB91C1725,data engineer,London
5789989591,Associate Director - Data Engineering,Moody's Corporation,"London, UK","UK, London",115919.6,115919.6,1,,,IT Jobs,2026-07-06T16:39:43Z,"hackajob is collaborating with Moody's Corporation to connect them with exceptional professionals for this role. At Moody's, we unite the brightest minds to turn today’s risks into tomorrow’s opportunities. We do this by striving to create an inclusive environment where everyone feels welcome to be who they are—with the freedom to exchange ideas, think innovatively, and listen to each other and customers in meaningful ways. Moody’s is transforming how the world sees risk. As a global leader in …",https://www.adzuna.co.uk/jobs/land/ad/5789989591?se=WlK4kA6G8RGbGoMv58FbYQ&utm_medium=api&utm_source=c0698c3f&v=28F38EAE948A621295C52B0405D7C7B02796B4C6,data engineer,London
5789989774,AI Data Engineer - KDB,Barclays,"London, UK","UK, London",73274.66,73274.66,1,,,IT Jobs,2026-07-06T16:39:45Z,"hackajob is collaborating with Barclays to connect them with exceptional professionals for this role. We’re seeking an AI Data Engineer to lead on building next‑generation analytics and AI‑ready data platforms on KDB that directly power trading, research, and risk use cases across Markets. To be successful in this role you will: Be a seasoned engineer who has delivered impactful AI initiatives with demonstrable positive return on investment Hold previous experience working at the forefront of t…",https://www.adzuna.co.uk/jobs/land/ad/5789989774?se=WlK4kA6G8RGbGoMv58FbYQ&utm_medium=api&utm_source=c0698c3f&v=1CBE9EC9B71FA88E45D6535C753CCB86BD676A8E,data engineer,London
5759905531,"Military Data Centre Engineering Operations (DCEO), Amazon Web Services (AWS)",Amazon TA,"Charing Cross, Central London","UK, London, Central London, Charing Cross",45412.26,45412.26,1,,full_time,IT Jobs,2026-06-11T13:15:05Z,"This role focuses on those who have military experience interested in working in the private sector. Amazon Web Services (AWS) is seeking a Critical Facilities Technician to join our Data Center Engineering Operations (DCEO) team. In this role you will support the operation, monitoring and maintenance of the electrical and mechanical infrastructure that powers AWS cloud services. AWS data centers operate 24/7 and rely on highly reliable power and cooling systems. As a technician in this environ…",https://www.adzuna.co.uk/jobs/land/ad/5759905531?se=WlK4kA6G8RGbGoMv58FbYQ&utm_medium=api&utm_source=c0698c3f&v=EB0A818E8A10F880255473D49E69F7F873AF59D1,data engineer,London
5811141191,Principal Data Engineer (14 Month FTC),British Airways,"Hounslow, London","UK, London, Hounslow",59270.68,59270.68,1,contract,,IT Jobs,2026-07-22T20:47:08Z,"hackajob is collaborating with British Airways to connect them with exceptional professionals for this role. A career without limits As the nation’s flag carrier, we take great pride in connecting Britain with the world and the world with Britain. It’s something we’ve been doing for over 100 years, ever since we launched the world’s first international scheduled air service between London and Paris. This originality has been in our blood since day one. It’s the spirit we share with the people t…",https://www.adzuna.co.uk/jobs/land/ad/5811141191?se=WlK4kA6G8RGbGoMv58FbYQ&utm_medium=api&utm_source=c0698c3f&v=AE66B46E1CB0EAE8EF5C54B9B416E70AA97873ED,data engineer,London
5796621121,Data Engineering Manager - Treasury Global Liquidity,Wise,"London, UK","UK, London",122996.08,122996.08,1,,,Engineering Jobs,2026-07-11T07:54:07Z,"hackajob is collaborating with Wise to connect them with exceptional professionals for this role. Company Description Wise is a global technology company, building the best way to move and manage the world’s money. Min fees. Max ease. Full speed. Whether people and businesses are sending money to another country, spending abroad, or making and receiving international payments, Wise is on a mission to make their lives easier and save them money. As part of our team, you will be helping us create…",https://www.adzuna.co.uk/jobs/land/ad/5796621121?se=WlK4kA6G8RGbGoMv58FbYQ&utm_medium=api&utm_source=c0698c3f&v=ED8C50764A295938BE84559D9FA3A6CCCE039632,data engineer,London
5796621098,Senior Data Engineer II - Treasury Global Liquidity,Wise,"London, UK","UK, London",104402.54,104402.54,1,,,Engineering Jobs,2026-07-11T07:54:07Z,"hackajob is collaborating with Wise to connect them with exceptional professionals for this role. Company Description Wise is a global technology company, building the best way to move and manage the world’s money. Min fees. Max ease. Full speed. Whether people and businesses are sending money to another country, spending abroad, or making and receiving international payments, Wise is on a mission to make their lives easier and save them money. As part of our team, you will be helping us create…",https://www.adzuna.co.uk/jobs/land/ad/5796621098?se=WlK4kA6G8RGbGoMv58FbYQ&utm_medium=api&utm_source=c0698c3f&v=8F0844B77567DE60A1A9253DD9A224353C04B209,data engineer,London
5801250997,Data Engineer,Crown Agents Bank,"London, UK","UK, London",75468.53,75468.53,1,,,IT Jobs,2026-07-15T14:25:31Z,"Job Description Role Purpose As a Data Engineer, you will be responsible for designing, building, and maintaining the bank's data platforms and pipelines to ensure reliable, secure, and high-quality data is available for reporting, analytics, and regulatory requirements. Using technologies such as Snowflake and Power BI, you will develop scalable data solutions that transform complex data into trusted business insights. You will work closely with business, risk, finance, and technology teams to…",https://www.adzuna.co.uk/jobs/details/5801250997?utm_medium=api&utm_source=c0698c3f,data engineer,London
5636025872,Data Engineer,Solirius Reply,"London, UK","UK, London",60000,80000,0,,full_time,IT Jobs,2026-02-19T12:33:12Z,"About Us: Solirius Reply , part of the Reply Group , is a technology consultancy and digital transformation partner that helps organisations solve complex challenges through strategy, design, engineering, and delivery. We work closely with our clients to deliver secure, accessible, user-focused services that evolve with their needs. By combining deep technical expertise with people-centred design, we create solutions that deliver meaningful, lasting impact. Our consultants partner directly with…",https://www.adzuna.co.uk/jobs/details/5636025872?utm_medium=api&utm_source=c0698c3f,data engineer,London
5729082771,Data Engineer,Orgvue,"London, UK","UK, London",75830.77,75830.77,1,,full_time,IT Jobs,2026-05-14T11:09:21Z,"Orgvue is an organizational design and planning platform that empowers businesses to transform their workforce by understanding the work people do and the skills they have. Our platform connects strategy to structure, providing clarity of vision, so leaders can build a more adaptable, better performing organization that thrives in a constantly changing world of work. The world’s largest and best-known enterprises and consulting firms use Orgvue to visualize and model current and future states o…",https://www.adzuna.co.uk/jobs/details/5729082771?utm_medium=api&utm_source=c0698c3f,data engineer,London
5633268305,Data Engineer,Ripjar,"London, UK","UK, London",105242.76,105242.76,1,,full_time,IT Jobs,2026-02-17T17:29:05Z,"About Ripjar Ripjar was founded by veterans of GCHQ to bring national security-grade intelligence tools to the fight against financial crime. Financial crime funds human trafficking, terrorism, corruption and sanctions evasion on a global scale, and the organisations on the front line need technology built to match the threat. Today, Ripjar's AI-native software and data fusion products are used by governments, the world's largest banks, and global enterprises to automate the detection, investig…",https://www.adzuna.co.uk/jobs/details/5633268305?utm_medium=api&utm_source=c0698c3f,data engineer,London
5782089922,Data Engineer,Carnall Farrar,"London, UK","UK, London",64631.98,64631.98,1,,full_time,IT Jobs,2026-06-30T13:39:01Z,"About us We are a leading consultancy with a purpose to make an enduring impact on health and healthcare. We work with leaders and frontline teams to improve health, transform healthcare, drive adoption of innovation and create value through investment. Our consultancy serves the entire healthcare sector, from payors and providers of care, to life science companies, health tech and sector suppliers and health investors. We provide end-to-end services, from strategy through implementation, accel…",https://www.adzuna.co.uk/jobs/details/5782089922?utm_medium=api&utm_source=c0698c3f,data engineer,London
5799960904,Data Engineer,Limited,"London, UK","UK, London",58115.91,58115.91,1,,full_time,IT Jobs,2026-07-14T13:47:58Z,"Who We Are At JD.com, also known as JINGDONG, we are building one of the world’s most trusted technology and supply chain ecosystems. What started as a bold idea in China has evolved into a NASDAQ-listed, Fortune 44 global enterprise serving over 700 million active customers. Powered by advanced logistics, innovative technology, and a commitment to integrity, JD.com operates across retail, logistics, technology, property and more, creating solutions that make everyday life smarter, faster, and …",https://www.adzuna.co.uk/jobs/land/ad/5799960904?se=WlK4kA6G8RGbGoMv58FbYQ&utm_medium=api&utm_source=c0698c3f&v=0B3BD9F51571C326A53B6B8BEB7B9432BCC7CA39,data engineer,London
5765601818,Data Engineer,Marsh McLennan,"London, UK","UK, London",53471.99,53471.99,1,,full_time,IT Jobs,2026-06-16T14:42:30Z,"Company: Mercer Description: Mercer is seeking candidates for the following position based in the London office: Data Engineer What can you expect? As a Data Engineer, you will be responsible for supporting the design, development, and maintenance of our data pipelines, data products and infrastructure. You will work closely with senior team members to ensure data is collected, stored, and processed efficiently to meet the needs of our business teams. This role offers an excellent opportunity t…",https://www.adzuna.co.uk/jobs/land/ad/5765601818?se=WlK4kA6G8RGbGoMv58FbYQ&utm_medium=api&utm_source=c0698c3f&v=683F49CB86773AE536BD86FF4E4D4D16838388E9,data engineer,London
5794469244,Data Engineer,Harvey Nash,"London, UK","UK, London",130000,143000,0,contract,,IT Jobs,2026-07-09T21:27:17Z,"Data Engineer - Contract 6 Months | £500 - 550pd Inside IR35 | Hybrid (London) Harvey Nash are supporting an exciting consultancy who required an experienced contract Data Engineer to deliver into an important project within the Consumer Services space. This role is Data with a heavy Product focus, so the ideal candidate will have a solid understanding of Product and/or be from a Product background. You will also need to be able to consult with Senior Stakeholders. Contract Data Engineer Python…",https://www.adzuna.co.uk/jobs/land/ad/5794469244?se=WlK4kA6G8RGbGoMv58FbYQ&utm_medium=api&utm_source=c0698c3f&v=C78EE369BB28DDC63DB0AF756A461084AF4DAAB1,data engineer,London
5805057334,Data Engineer,Ashdown Group,"London, UK","UK, London",70000,80000,0,permanent,full_time,IT Jobs,2026-07-17T18:01:22Z,"An impressive multinational firm is looking for an accomplished Data Engineer to join its team. Please note the role is hybrid – you will work from the office 3 days per week with 2 from home.In this role, you will be responsible for designing, developing, and maintaining scalable data solutions that provide clean, structured, and accessible data to internal teams, stakeholders, and external partners. Working closely with developers, analysts, and business teams, you will help deliver cloud-bas…",https://www.adzuna.co.uk/jobs/land/ad/5805057334?se=WlK4kA6G8RGbGoMv58FbYQ&utm_medium=api&utm_source=c0698c3f&v=94601746AE81F55AC4167D4E7AE26FC60D6A0657,data engineer,London
5804941326,Data Engineer,Tenth Revolution Group,"London, UK","UK, London",50000,65000,0,permanent,full_time,IT Jobs,2026-07-17T15:26:42Z,"Senior Data Engineer - London (Hybrid) - Up to £65,000 We're supporting a leading organisation to deliver diverse transformation programmes. This is an excellent opportunity for an experienced Data Engineer to play a key role in delivering enterprise-scale data and AI solutions, while providing technical leadership across complex projects. You'll work alongside highly skilled engineers, architects, and data specialists to build innovative data platforms that support advanced analytics, AI, and …",https://www.adzuna.co.uk/jobs/land/ad/5804941326?se=WlK4kA6G8RGbGoMv58FbYQ&utm_medium=api&utm_source=c0698c3f&v=61192ECBB2B20DFB74622EC2A8830F4E23AB308B,data engineer,London
5808308730,Data Engineer,Tenth Revolution Group,"London, UK","UK, London",50000,60000,0,permanent,full_time,IT Jobs,2026-07-20T18:15:01Z,"Data Engineer Up to £60,000 - London (3 days in office) We are partnering with a global consulting and technology services organisation that delivers large-scale digital, data and AI transformation programmes for enterprise clients across a range of industries. Due to continued growth within its Data & Analytics practice, the organisation is looking to hire a Data Engineer to play a key role in designing, building and optimising modern enterprise data platforms. This is an excellent opportunity…",https://www.adzuna.co.uk/jobs/land/ad/5808308730?se=WlK4kA6G8RGbGoMv58FbYQ&utm_medium=api&utm_source=c0698c3f&v=74854672F7C8B1C4E6C3CCFA13048B74331996DE,data engineer,London
5803938441,Data Engineer,Sanderson,"London, UK","UK, London",143000,153400,0,contract,,IT Jobs,2026-07-16T23:41:09Z,"Data Engineer Location: London (1 day per month onsite) Duration: Initial 6-Month Contract Pay Rate: £550-£590 Outside IR35 The Opportunity We're supporting a growing loyalty and rewards organisation that is expanding its data engineering capability as part of a wider investment in its data platform. They are seeking experienced Data Engineers to build and enhance cloud-based data solutions, working alongside senior technical leadership within a modern data environment. Key Responsibilities Dev…",https://www.adzuna.co.uk/jobs/land/ad/5803938441?se=WlK4kA6G8RGbGoMv58FbYQ&utm_medium=api&utm_source=c0698c3f&v=A1CCD14A14358BCEC44325094F37C102297FC07E,data engineer,London
5777747252,Data Engineer,Gold Group,"The City, Central London","UK, London, Central London, The City",55000,60000,0,contract,,IT Jobs,2026-06-26T13:57:59Z,"Data Engineer Fully Remote £55,000 - £60,000 Car Allowance - £5,200 5% Bonus 6 Month initial FTC with view to extend Brief Data Engineer needed for a large well known Facilities Management organisation. The role I have can be based fully remote from home with all equipment provided. My client is looking to employ an experienced and well-rounded Data Engineer that takes pride in their work with proven 4 years experience working in a fast-paced environment, preferably within a dynamic data engi…",https://www.adzuna.co.uk/jobs/land/ad/5777747252?se=WlK4kA6G8RGbGoMv58FbYQ&utm_medium=api&utm_source=c0698c3f&v=BDF943B45F7DD611BCCE1102D204B7128CE97A9A,data engineer,London
5805057580,Data Engineer,Tenth Revolution Group,"London, UK","UK, London",40000,50000,0,permanent,full_time,IT Jobs,2026-07-17T18:02:16Z,"Data Engineer £50,000 - London (3 days in office) We are partnering with a global consulting and technology services organisation that delivers large-scale digital, data and AI transformation programmes for enterprise clients across a range of industries. Due to continued growth within its Data & Analytics practice, the organisation is looking to hire a Data Engineer to help design, build and optimise modern data platforms and solutions. This is an excellent opportunity to join a highly skilled…",https://www.adzuna.co.uk/jobs/land/ad/5805057580?se=WlK4kA6G8RGbGoMv58FbYQ&utm_medium=api&utm_source=c0698c3f&v=888CF1E908839436FAAE6159162CD62568DF0E1C,data engineer,London
5786135919,Data Engineer,Randstad Technologies Recruitment,"The City, Central London","UK, London, Central London, The City",78000,104000,0,contract,,IT Jobs,2026-07-03T00:41:22Z,"Data Engineer London 12 Months Contract £400 a day Inside IR35 An established leader in the fintech space is urgently hiring a Data Engineer for a 12-month contract. In this role, you will help design and optimize high-throughput data frameworks that feed advanced machine learning models and drive high-performance user applications. This role offers a unique chance to work across a modern, full-stack cloud data environment with a clear path toward a permanent position if you love the culture an…",https://www.adzuna.co.uk/jobs/land/ad/5786135919?se=WlK4kA6G8RGbGoMv58FbYQ&utm_medium=api&utm_source=c0698c3f&v=B4BEF1E6E30DA45DE8701A1392186EE675496470,data engineer,London
5791126376,Data Engineer,Step 2 Recruitment LTD,"London, UK","UK, London",50000,85000,0,permanent,full_time,IT Jobs,2026-07-07T16:49:57Z,Job Description: Data Engineer Location: London/Hybrid – Office two days per week We’re hiring data engineers who want to take ownership in a fast-scaling startup About Clariti AI Clariti AI is a B2B SaaS company providing price optimisation software to retail banks. We help banks make pricing decisions on products like mortgages and savings. Our pricing software guides clients to price recommendations that are worth millions of Pounds or Euros in additional revenue. This is an exciting time to…,https://www.adzuna.co.uk/jobs/details/5791126376?utm_medium=api&utm_source=c0698c3f,data engineer,London
5794152911,Data Engineer,Amtis Professional Ltd,"London, UK","UK, London",104000,130000,0,contract,,IT Jobs,2026-07-09T13:27:26Z,"Contract Data Engineer London (City) | Hybrid (3 days on-site) £(Apply online only)/day (Flexibility for the right person) 6 Month Contract Immediate Start I'm supporting a client who is looking for an experienced Data Engineer to join their team on an initial 6-month contract. The role will involve supporting BAU activities while playing a key part in a data migration project, working closely with business stakeholders to gather requirements, perform gap analysis, and deliver ETL and data inte…",https://www.adzuna.co.uk/jobs/land/ad/5794152911?se=WlK4kA6G8RGbGoMv58FbYQ&utm_medium=api&utm_source=c0698c3f&v=A7C33F63231B883AC749737886D6205023F151A4,data engineer,London
5791206200,Data Engineer,Intec Select Ltd,"London, UK","UK, London",30000,34000,0,,full_time,IT Jobs,2026-07-07T19:15:57Z,"Data Engineer – Up to £34,000 Bonus Exceptional Benefits (Civil Service Pension) Hybrid (Stratford, London) We're looking for a talented Data Engineer to join a growing Product team, helping to drive evidence-based decision-making through high-quality analytics, reporting, and performance insights. This role will play a critical part in measuring product performance, understanding user behaviour, and enabling teams to make smarter decisions that improve customer outcomes, operational efficie…",https://www.adzuna.co.uk/jobs/land/ad/5791206200?se=WlK4kA6G8RGbGoMv58FbYQ&utm_medium=api&utm_source=c0698c3f&v=E6BA59B40CC5A5AE7BC5703436437CA088392BA3,data engineer,London
5790937572,Data Engineer,Reed,"London, UK","UK, London",50000,70000,0,permanent,full_time,IT Jobs,2026-07-07T11:44:39Z,"Data Engineer Salary: £50,000 - £70,000 Equity Potential Location: London (Hybrid) Security Requirement: Must be eligible for SC Clearance (minimum 5 years continuous UK residency) Help Build the Future of AI-Powered Public Safety We're supporting a highly ambitious, venture-backed technology business currently operating in stealth mode. Their vision is bold: to become the world's leading AI company dedicated to supporting law enforcement, public safety and national security organisations thro…",https://www.adzuna.co.uk/jobs/land/ad/5790937572?se=WlK4kA6G8RGbGoMv58FbYQ&utm_medium=api&utm_source=c0698c3f&v=49C3309A37D0167188F4EFCCBF013539BEF86748,data engineer,London
5805057216,Data Engineer,Tenth Revolution Group,"London, UK","UK, London",50000,75000,0,permanent,full_time,IT Jobs,2026-07-17T18:01:02Z,"Data Engineer Location: London (Hybrid) Salary: Up to £75,000 Bonus Benefits Technology: SQL, Python, Spark - Azure, AWS, GCP - ETL/ELT - Data Governance The Opportunity Are you a Data Engineer looking for an opportunity to work on large-scale data transformation programmes whilst helping shape enterprise-wide data strategy? We're partnering with an organisation that is making significant investments in its data capabilities and digital transformation journey. Data sits at the heart of busine…",https://www.adzuna.co.uk/jobs/land/ad/5805057216?se=WlK4kA6G8RGbGoMv58FbYQ&utm_medium=api&utm_source=c0698c3f&v=B72B5F016A209F447C973610A58C94F67A8265A1,data engineer,London
5804941782,Data Engineer,Lynx Recruitment Ltd,"London, UK","UK, London",52303.7,52303.7,1,permanent,full_time,IT Jobs,2026-07-17T15:27:15Z,"Data Engineer (Permanent) Salary: Up to £65,000 Location: London Victoria (1 day per week onsite, rest remote) The Role We are seeking a skilled Data Engineer to join a growing team delivering modern, scalable data solutions. This is a permanent opportunity offering a hybrid model, with one-two days per week in London Victoria and the remainder working remotely. You will play a key role in designing, building, and optimising data pipelines and platforms, supporting advanced analytics and busine…",https://www.adzuna.co.uk/jobs/land/ad/5804941782?se=WlK4kA6G8RGbGoMv58FbYQ&utm_medium=api&utm_source=c0698c3f&v=D658FD24B1BB46E7EE82D3AFCD75DD1F10486404,data engineer,London
5789850287,Data Engineer,Tenth Revolution Group,"London, UK","UK, London",70000,80000,0,permanent,full_time,IT Jobs,2026-07-06T11:33:31Z,"Data Engineer About the Opportunity We're partnering with a fast-growing, high-performing technology and data consultancy that specialises in delivering modern data platforms and advanced analytics solutions. The business works on complex, real-world challenges, helping clients unlock value from their data through innovative and scalable solutions. With a strong focus on collaboration, technical excellence, and ownership, they offer an environment where talented engineers can make a genuine imp…",https://www.adzuna.co.uk/jobs/land/ad/5789850287?se=WlK4kA6G8RGbGoMv58FbYQ&utm_medium=api&utm_source=c0698c3f&v=EEAD00075D42D764D9A23A473C5A7BFAAACC6B8E,data engineer,London
5788197626,Data Engineer,EF Recruitment,"Farringdon, Central London","UK, London, Central London, Farringdon",78000,91000,0,contract,,IT Jobs,2026-07-04T18:09:53Z,"Our client, a leading global SaaS organisation is looking for a Data Engineer to join their International Engineering team. This is a great opportunity to contribute greatly to an extremely engineering-focused organization and further your experience across technologies such as Cloud Composer, Airflow, Dataflow, Spark, Terraform, Google Cloud Platform, etc; You will own engineering efforts to provide partner teams within the organisation with data sources that build the AI/ML user experience. T…",https://www.adzuna.co.uk/jobs/land/ad/5788197626?se=WlK4kA6G8RGbGoMv58FbYQ&utm_medium=api&utm_source=c0698c3f&v=4C50433F58B5AC316FA19442AAD092A4D9E6587C,data engineer,London
5805099695,Data Engineer,Synergy Resourcing Solutions Limited,"Bloomsbury, Central London","UK, London, Central London, Bloomsbury",80000,90000,0,,full_time,IT Jobs,2026-07-17T19:23:49Z,"We're recruiting a Data Engineer to join an organisation that's modernising its enterprise data platform and preparing for the next generation of analytics and AI driven solutions. Working Pattern: 3 days per week in the office You will be responsible for shaping how data is structured, governed and consumed across the business, with a strong focus on modern engineering practices rather than simply maintaining existing pipelines. Working within a growing data team, you'll design scalable data m…",https://www.adzuna.co.uk/jobs/land/ad/5805099695?se=WlK4kA6G8RGbGoMv58FbYQ&utm_medium=api&utm_source=c0698c3f&v=D18859F522762B54C6EB7172AC370F77DDCA6FFB,data engineer,London
5784112176,Data Engineer,PWS Technical Services  Ltd,"Farringdon, Central London","UK, London, Central London, Farringdon",35000,40000,0,permanent,full_time,IT Jobs,2026-07-01T20:18:38Z,"Data Engineer (Instrumentation & Monitoring) Due to continued growth and a strategy to grow significantly over the next three to five years, our client is searching for a motivated Data Engineer to support activities across major construction and infrastructure projects. Under the supervision of the Operations Manager, you will be responsible for the configuration of IoT sensors and the reviewing of data across all projects. This includes providing technical support and managing client data for…",https://www.adzuna.co.uk/jobs/land/ad/5784112176?se=WlK4kA6G8RGbGoMv58FbYQ&utm_medium=api&utm_source=c0698c3f&v=C257E7CC87DB8947CE128353ED3D2F3C635446AE,data engineer,London
5782250811,Data Engineer,Claranet,"Bloomsbury, Central London","UK, London, Central London, Bloomsbury",71297.18,71297.18,1,,full_time,IT Jobs,2026-06-30T16:11:23Z,"ESSENTIAL ROLES & RESPONSIBILITIES * Identify and understand customer data-centric use cases within regulated financial services environments * Design and implement data ingestion, processing, and transformation pipelines on Azure * Build and maintain data pipelines for cleaning, normalisation, enrichment, and preparation * Apply appropriate data modelling techniques and architecture patterns, with a strong focus on medallion architecture * Orchestrate, monitor, and optimise Azure Databricks jo…",https://www.adzuna.co.uk/jobs/land/ad/5782250811?se=WlK4kA6G8RGbGoMv58FbYQ&utm_medium=api&utm_source=c0698c3f&v=11B42AB176169FE3EA92555E47BE7C2665F5DF01,data engineer,London
5760152557,Data Engineer,Anson Mccade,"South West London, London","UK, London, South West London",50000,50000,0,,,IT Jobs,2026-06-11T19:59:15Z,"Data Engineer London-Hybrid £45,000-£53,000 We are seeking a Data Engineer to join a growing team and help make a difference with a world-leading company specializing in advanced technology systems. As a Data Engineer you will have the opportunity to be a part of a growing and supportive team that not only delivers for its clients but also gives back to the community, you will collaborate closely with clients to make a real-world difference. As a Data Engineer you will get the opportunity to: W…",https://www.adzuna.co.uk/jobs/details/5760152557?utm_medium=api&utm_source=c0698c3f,data engineer,London
5802868362,Data Engineer,Global Media Group,"Holborn, Central London","UK, London, Central London, Holborn",56792.46,56792.46,1,,full_time,IT Jobs,2026-07-16T13:48:33Z,"Accepting applications until: 14 August 2026 Job Description Your Role: Data Engineer (DAX) Global is looking for a Data Engineer to join the Data Engineering team supporting our Digital Ad Exchange (DAX). You’ll design, build and maintain the data products, pipelines and platform capabilities that power DAX’s data-driven initiatives. Working closely with other Data Engineers and the wider Data Group, you’ll deliver reliable, well-tested and scalable data solutions, helping to shape and evolve …",https://www.adzuna.co.uk/jobs/details/5802868362?utm_medium=api&utm_source=c0698c3f,data engineer,London
5730287062,Data Engineer,CACI,"Kensington, West London","UK, London, West London, Kensington",55456.12,55456.12,1,,,IT Jobs,2026-05-15T13:02:45Z,"About CACI Data Engineering CACI has implemented a Data Platform that supports and enables a Data Mesh organisation. It uses AWS technology to provide a unified experience across AWS services to deliver an open federated Lakehouse, and a unified User Experience. The Data Platform focusses on enabling decentralised management, processing, analysis and delivery of data, while enforcing corporate wide federated governance on data, and project environments across business domains. The goal is to em…",https://www.adzuna.co.uk/jobs/details/5730287062?utm_medium=api&utm_source=c0698c3f,data engineer,London
5775745638,Data Engineer,Ashdown Group,"The City, Central London","UK, London, Central London, The City",80000,80000,0,,,IT Jobs,2026-06-25T05:41:46Z,"An impressive multinational firm is looking for an accomplished Data Engineer to join its team. Please note the role is hybrid you will work from the office 3 days per week with 2 from home. In this role, you will be responsible for designing, developing, and maintaining scalable data solutions that provide clean, structured, and accessible data to internal teams, stakeholders, and external partners. Working closely with developers, analysts, and business teams, you will help deliver cloud-base…",https://www.adzuna.co.uk/jobs/details/5775745638?utm_medium=api&utm_source=c0698c3f,data engineer,London
5775746296,Data Engineer,Ashdown Group,"South West London, London","UK, London, South West London",80000,80000,0,,,IT Jobs,2026-06-25T05:42:32Z,"An impressive multinational firm is looking for an accomplished Data Engineer to join its team. Please note the role is hybrid you will work from the office 3 days per week with 2 from home. In this role, you will be responsible for designing, developing, and maintaining scalable data solutions that provide clean, structured, and accessible data to internal teams, stakeholders, and external partners. Working closely with developers, analysts, and business teams, you will help deliver cloud-base…",https://www.adzuna.co.uk/jobs/details/5775746296?utm_medium=api&utm_source=c0698c3f,data engineer,London
5805473454,Data Engineer,Ashdown Group,"Richmond, West London","UK, London, West London, Richmond",80000,80000,0,,,IT Jobs,2026-07-18T00:47:25Z,"An impressive multinational firm is looking for an accomplished Data Engineer to join its team. Please note the role is hybrid you will work from the office 3 days per week with 2 from home. In this role, you will be responsible for designing, developing, and maintaining scalable data solutions that provide clean, structured, and accessible data to internal teams, stakeholders, and external partners. Working closely with developers, analysts, and business teams, you will help deliver cloud-base…",https://www.adzuna.co.uk/jobs/details/5805473454?utm_medium=api&utm_source=c0698c3f,data engineer,London
5789989587,Principal Data Analyst,loveholidays,"London, UK","UK, London",60794.93,60794.93,1,,,IT Jobs,2026-07-06T16:39:43Z,"hackajob is collaborating with loveholidays to connect them with exceptional professionals for this role. Why Technology at loveholidays? At loveholidays - we trailblaze together . We’re on a mission to open the world to everyone, giving our customers’ unlimited choice, unmatched ease and unmissable value for their next getaway. Our team is the driving force behind our role as our customers’ personal holiday expert - the smart way to get away. Technology at loveholidays underpins our vision to …",https://www.adzuna.co.uk/jobs/land/ad/5789989587?se=Dq39kQ6G8RGOjq-EnQ330Q&utm_medium=api&utm_source=c0698c3f&v=8A22345AE412373F7752D7FE5E9BF770DE046171,data analyst,London
5800186360,Senior Data Analyst - Growth,Wise,"London, UK","UK, London",75090.34,75090.34,1,contract,,IT Jobs,2026-07-14T20:06:45Z,"hackajob is collaborating with Wise to connect them with exceptional professionals for this role. Company Description Wise is a global technology company, building the best way to move and manage the world’s money. Min fees. Max ease. Full speed. Whether people and businesses are sending money to another country, spending abroad, or making and receiving international payments, Wise is on a mission to make their lives easier and save them money. As part of our team, you will be helping us create…",https://www.adzuna.co.uk/jobs/land/ad/5800186360?se=Dq39kQ6G8RGOjq-EnQ330Q&utm_medium=api&utm_source=c0698c3f&v=31611A90D2FD149F4E06A8ED8CB23D42B363D0BE,data analyst,London
5806940188,Senior Data Analyst - CRM Analytics,Wise,"London, UK","UK, London",72294.08,72294.08,1,contract,,IT Jobs,2026-07-19T08:24:57Z,"hackajob is collaborating with Wise to connect them with exceptional professionals for this role. Company Description Wise is a global technology company, building the best way to move and manage the world’s money. Min fees. Max ease. Full speed. Whether people and businesses are sending money to another country, spending abroad, or making and receiving international payments, Wise is on a mission to make their lives easier and save them money. As part of our team, you will be helping us create…",https://www.adzuna.co.uk/jobs/land/ad/5806940188?se=Dq39kQ6G8RGOjq-EnQ330Q&utm_medium=api&utm_source=c0698c3f&v=0764CF341CB225703BB4A4AC2F5B0FFC990C1DA9,data analyst,London
5789989546,Senior Data Analyst - Product Reliability,Wise,"London, UK","UK, London",76017.88,76017.88,1,,,IT Jobs,2026-07-06T16:39:43Z,"hackajob is collaborating with Wise to connect them with exceptional professionals for this role. Company Description Wise is a global technology company, building the best way to move and manage the world’s money. Min fees. Max ease. Full speed. Whether people and businesses are sending money to another country, spending abroad, or making and receiving international payments, Wise is on a mission to make their lives easier and save them money. As part of our team, you will be helping us create…",https://www.adzuna.co.uk/jobs/land/ad/5789989546?se=Dq39kQ6G8RGOjq-EnQ330Q&utm_medium=api&utm_source=c0698c3f&v=AB5268F5A991EB6ACE6233865717A9F33A1E6903,data analyst,London
5773340349,Work from Home Data Analyst,OneForma,"Wapping, East London","UK, London, East London, Wapping",22880,22880,0,,part_time,IT Jobs,2026-06-23T09:38:22Z,"Highlight: This is a remote role for English speakers located only in United Kingdom . Description: During this Data Analyst project, participants will evaluate the quality of queries made by internet users while navigating through different MAP applications. The entries to evaluate will be of varied nature, from user intent to authentication of data accuracy. Purpose: You will review search queries in map applications ( such as “fish and chips near me” or “ train station” ) and evaluate whethe…",https://www.adzuna.co.uk/jobs/land/ad/5773340349?se=Dq39kQ6G8RGOjq-EnQ330Q&utm_medium=api&utm_source=c0698c3f&v=8C9F1CAEC850F201396105DA709063DA7A95A542,data analyst,London
5789987969,Lead Data Analyst - Total Service (Operations),Wise,"London, UK","UK, London",79015.18,79015.18,1,,,IT Jobs,2026-07-06T16:39:25Z,"hackajob is collaborating with Wise to connect them with exceptional professionals for this role. Company Description Wise is a global technology company, building the best way to move and manage the world’s money. Min fees. Max ease. Full speed. Whether people and businesses are sending money to another country, spending abroad, or making and receiving international payments, Wise is on a mission to make their lives easier and save them money. As part of our team, you will be helping us create…",https://www.adzuna.co.uk/jobs/land/ad/5789987969?se=Dq39kQ6G8RGOjq-EnQ330Q&utm_medium=api&utm_source=c0698c3f&v=F25797533033A57D09EDAFB23CFA3D10D525ED5D,data analyst,London
5800186331,Lead Data Analyst - Wise Platform Pricing,Wise,"London, UK","UK, London",67847.33,67847.33,1,contract,,Accounting & Finance Jobs,2026-07-14T20:06:44Z,"hackajob is collaborating with Wise to connect them with exceptional professionals for this role. Company Description Wise is a global technology company, building the best way to move and manage the world’s money. Min fees. Max ease. Full speed. Whether people and businesses are sending money to another country, spending abroad, or making and receiving international payments, Wise is on a mission to make their lives easier and save them money. As part of our team, you will be helping us create…",https://www.adzuna.co.uk/jobs/land/ad/5800186331?se=Dq39kQ6G8RGOjq-EnQ330Q&utm_medium=api&utm_source=c0698c3f&v=947E62B7D3931D4EB0B6B153AC0A7056CB6C8BA3,data analyst,London
5806940189,Senior Marketing Data Analyst - Marketing Science,Wise,"London, UK","UK, London",77444.92,77444.92,1,contract,,"PR, Advertising & Marketing Jobs",2026-07-19T08:24:57Z,"hackajob is collaborating with Wise to connect them with exceptional professionals for this role. Company Description Wise is a global technology company, building the best way to move and manage the world’s money. Min fees. Max ease. Full speed. Whether people and businesses are sending money to another country, spending abroad, or making and receiving international payments, Wise is on a mission to make their lives easier and save them money. As part of our team, you will be helping us create…",https://www.adzuna.co.uk/jobs/land/ad/5806940189?se=Dq39kQ6G8RGOjq-EnQ330Q&utm_medium=api&utm_source=c0698c3f&v=A9EECEC2954F853232DC6AB8CE939379FE25D3AF,data analyst,London
5808082048,Data Analyst,Millennium Hotel and Resorts UK,"Kensington, West London","UK, London, West London, Kensington",28595.85,28595.85,1,,full_time,Admin Jobs,2026-07-20T12:04:25Z,"Data Analyst Millennium Hotels and Resorts UK are looking for Data Analyst to join their Central Sales Office in London. Our Data Analyst will be an enthusiastic, genuine, and friendly person who really enjoys working in hotels. This role would suit someone who loves inputting data, generating reports and ensuring a smooth transition of client accounts and rollout projects. Strong written and verbal English skills are a must, along with advanced proficiency in MS Word, PowerPoint, Excel, and ot…",https://www.adzuna.co.uk/jobs/details/5808082048?utm_medium=api&utm_source=c0698c3f,data analyst,London
5805598601,Data Analyst,Robert Half,"London, UK","UK, London",54579.65,54579.65,1,contract,full_time,IT Jobs,2026-07-18T02:31:59Z,"Robert Half Technology are assisting a rapidly growing SaaS organisation to recruit a Data Analyst on a contract basis. Hybrid working - London based Role The Data Analyst will have analytical Expertise: Strong experience in data analysis, financial modelling, and commercial reporting. Technical Proficiency: Advanced Excel and SQL skills; experience with BI tools (Tableau, Power BI, Looker) preferred. Stakeholder Management: Ability to collaborate with teams across finance, sales, marketing, an…",https://www.adzuna.co.uk/jobs/details/5805598601?utm_medium=api&utm_source=c0698c3f,data analyst,London
5808323379,Data Analyst,Deloitte - Recruitment,"Farringdon, Central London","UK, London, Central London, Farringdon",65643.91,65643.91,1,contract,,IT Jobs,2026-07-20T19:13:04Z,"Role: Data Analyst Location: London – Hybrid Start Date: ASAP End Date: End of the year (likely extensions) Daily Rate: Inside IR35 Payroll provider – Rockford Payroll Info for Contingent Workers – Rockford Pay This is an exciting opportunity to join Deloitte Operations for an engagement with one of our clients. Role Overview Responsible for the end-to-end management and manipulation of large datasets, transforming raw data into actionable insights. The role requires a combination of technical …",https://www.adzuna.co.uk/jobs/details/5808323379?utm_medium=api&utm_source=c0698c3f,data analyst,London
5808338135,Data Analyst,Robert Half,"The City, Central London","UK, London, Central London, The City",59359.61,59359.61,1,contract,full_time,IT Jobs,2026-07-20T20:34:35Z,"Robert Half is working with a market-leading SaaS organisation based in London, looking for an experienced Data Analyst to join their team on an initial 3-month contract. Key Responsibilities: Work on projects across Excel, Power BI and AWS to build tools and run reports that answer business needs Analyse data to inform and impact commercial decisions across the business Work closely with the C-suite on reporting and commercial analysis, including pipeline reporting and closed-lost analysis Sup…",https://www.adzuna.co.uk/jobs/details/5808338135?utm_medium=api&utm_source=c0698c3f,data analyst,London
5741144130,Data Analyst,Beyond,"London, UK","UK, London",42224.86,42224.86,1,,,IT Jobs,2026-05-26T11:53:52Z,"Work where work matters. We are a global technology group built for what's next, offering high calibre professionals the platform for high stakes work, the kind of work that defines an entire career. When you join us, you're not just taking on projects, you're solving problems that don't even have answers yet. You will join an exclusive roster of talent that global leaders, including Google, Snap, Diageo, PayPal, and Jaguar Land Rover call when deadlines seem impossible, when others have alread…",https://www.adzuna.co.uk/jobs/details/5741144130?utm_medium=api&utm_source=c0698c3f,data analyst,London
5679132312,Data Analyst,G-Research,"London, UK","UK, London",56635.39,56635.39,1,,full_time,IT Jobs,2026-03-26T10:09:27Z,"We tackle the most complex problems in quantitative finance, by bringing scientific clarity to financial complexity. From our London HQ, we unite world-class researchers and engineers in an environment that values deep exploration and methodical execution - because the best ideas take time to evolve. Together we’re building a world-class platform to amplify our teams’ most powerful ideas. As part of our engineering team, you’ll shape the platforms and tools that drive high-impact research - des…",https://www.adzuna.co.uk/jobs/land/ad/5679132312?se=Dq39kQ6G8RGOjq-EnQ330Q&utm_medium=api&utm_source=c0698c3f&v=A61997E4C1D605B07C27031CF354B5E0515F262E,data analyst,London
5804869493,Data Analyst,Cisco International Limited,"London, UK","UK, London",50814.62,50814.62,1,,full_time,IT Jobs,2026-07-17T13:49:49Z,"Meet the Team Cisco ThousandEyes is a Digital Assurance platform that empowers organizations to deliver flawless digital experiences across every network – even the ones they don’t own. Powered by AI and an unmatched set of cloud, internet and enterprise network telemetry data, ThousandEyes enables IT teams to proactively detect, diagnose, and remediate issues – before they impact end- user experiences. ThousandEyes is deeply integrated across the entire Cisco technology portfolio and beyond, h…",https://www.adzuna.co.uk/jobs/land/ad/5804869493?se=Dq39kQ6G8RGOjq-EnQ330Q&utm_medium=api&utm_source=c0698c3f&v=3A3D64EFE5B711071FF960623D7AEE4661350CD0,data analyst,London
5792948907,Data Analyst,Hexwired Recruitment Limited,"Farringdon, Central London","UK, London, Central London, Farringdon",50000,60000,0,,full_time,IT Jobs,2026-07-08T18:53:15Z,"Hexwired has partnered with a company who are a leading company in the Software sector. They are looking for a Data Analyst who will be transforming and visualising large, complex data sets into actionable insights and compelling visual stories. This will include Experience required: * Minimum of 5 years’ experience as a Data Analyst or Report Developer, with a strong track record in data visualisation and report creation, ideally within a media environment. * Advanced SQL expertise across Azur…",https://www.adzuna.co.uk/jobs/land/ad/5792948907?se=Dq39kQ6G8RGOjq-EnQ330Q&utm_medium=api&utm_source=c0698c3f&v=59011B8C611CE34005693ACCA43F3F1A54BF6095,data analyst,London
5781464149,Data Analyst,Gleeson Recruitment Group,"London, UK","UK, London",43000,50000,0,permanent,full_time,IT Jobs,2026-06-29T22:58:59Z,Data Analyst - London - Up to £50K Hybrid working - 3 days a week onsite SQL | Power BI | Snowflake Are you a Data Analyst with strong SQL and Power BI skills looking to make a real impact? We're partnering with an organisation that's investing heavily in its data capabilities and is looking for a talented Data Analyst to play a key role in transforming data into meaningful business insight. This isn't just another reporting role. We're looking for someone with excellent data fundamentals -some…,https://www.adzuna.co.uk/jobs/land/ad/5781464149?se=Dq39kQ6G8RGOjq-EnQ330Q&utm_medium=api&utm_source=c0698c3f&v=26C40834B2DA87B0F39B6BEB67DB6E394BB0039D,data analyst,London
5781440594,Data Analyst,Gleeson Recruitment Group,"Farringdon, Central London","UK, London, Central London, Farringdon",43000,50000,0,,full_time,IT Jobs,2026-06-29T22:21:57Z,Data Analyst - London - Up to £50K Hybrid working - 3 days a week onsite SQL | Power BI | Snowflake Are you a Data Analyst with strong SQL and Power BI skills looking to make a real impact? We're partnering with an organisation that's investing heavily in its data capabilities and is looking for a talented Data Analyst to play a key role in transforming data into meaningful business insight. This isn't just another reporting role. We're looking for someone with excellent data fundamentals-someo…,https://www.adzuna.co.uk/jobs/land/ad/5781440594?se=Dq39kQ6G8RGOjq-EnQ330Q&utm_medium=api&utm_source=c0698c3f&v=380D0F6F26CDAC054C32386557316111137D371D,data analyst,London
5793451361,Data Analyst,R3vamp Limited,"London, UK","UK, London",42000,45000,0,permanent,full_time,IT Jobs,2026-07-09T01:42:26Z,"Data Analyst £45,000 per annum London (Hybrid) Permanent Your New Role As a Data Analyst, you'll analyse and interpret complex datasets to produce meaningful insights, dashboards and reports that support strategic decision-making. You'll take ownership of key regulatory and compliance reporting, deliver survey analysis, maintain data integrity, and identify opportunities to improve reporting processes and systems. Working closely with colleagues across multiple departments, you'll present data …",https://www.adzuna.co.uk/jobs/land/ad/5793451361?se=Dq39kQ6G8RGOjq-EnQ330Q&utm_medium=api&utm_source=c0698c3f&v=2F2510FBC974BBD9F4D3C41824B6CEA0F788C858,data analyst,London
5805056464,Data Analyst,Robert Half,"London, UK","UK, London",55585.16,55585.16,1,contract,,IT Jobs,2026-07-17T17:58:12Z,"Robert Half Technology are assisting a rapidly growing SaaS organisation to recruit a Data Analyst on a contract basis. Hybrid working - London based Role The Data Analyst will have analytical Expertise: Strong experience in data analysis, financial modelling, and commercial reporting. Technical Proficiency: Advanced Excel and SQL skills; experience with BI tools (Tableau, Power BI, Looker) preferred. Stakeholder Management: Ability to collaborate with teams across finance, sales, marketing, an…",https://www.adzuna.co.uk/jobs/land/ad/5805056464?se=Dq39kQ6G8RGOjq-EnQ330Q&utm_medium=api&utm_source=c0698c3f&v=5512A03216E628B66F54B57ADB94A702D970C1FC,data analyst,London
5786989733,Data Analyst,Julie Rose Recruitment,"Chislehurst, South East London","UK, London, South East London, Chislehurst",26000,26000,0,permanent,full_time,Accounting & Finance Jobs,2026-07-03T16:50:35Z,"JRRL are seeking a Data Analyst for a financial services company. Offering full training, this is an office-based role with good career progression, great benefits, profit sharing and free parking. You will be consulting with 10-20 corporate companies with a diverse range of complexity and manage the development, production and delivery of data sets providing specific services to financial organisations. Main Duties for the Data Analyst: Ensure high levels of personal professionalism and respon…",https://www.adzuna.co.uk/jobs/land/ad/5786989733?se=Dq39kQ6G8RGOjq-EnQ330Q&utm_medium=api&utm_source=c0698c3f&v=0B1561BB4370972E7F9185274D6C860C20228F1E,data analyst,London
5799922249,Data Analyst,Harnham - Data & Analytics Recruitment,"London, UK","UK, London",40000,45000,0,permanent,full_time,IT Jobs,2026-07-14T13:29:41Z,"Data Analyst - Up to 45k This is an opportunity to work with a genuinely unique behavioural dataset, combining digital activity, consumer journeys and emerging AI interactions. You will help answer complex commercial questions for leading brands while shaping how data is used to understand real-world behaviour. The Company They are a specialist data and analytics business focused on understanding how advertising and digital experiences influence consumer behaviour. Their work blends advanced an…",https://www.adzuna.co.uk/jobs/details/5799922249?utm_medium=api&utm_source=c0698c3f,data analyst,London
5776583996,Data Analyst,Office Angels,"Farringdon, Central London","UK, London, Central London, Farringdon",40000,45000,0,permanent,full_time,IT Jobs,2026-06-25T20:05:55Z,"Data Analyst London (Hybrid) - Near Cambridge Heath / Bethnal Green £40,000 - £45,000 This fast-growing, award-winning consumer health startup is on a mission to improve the lives of people through innovative solutions. What began as a simple idea has rapidly scaled into an international success, with products now used across the UK, US and Canada. With a strong focus on purpose-driven innovation, the business combines science, empathy, and creativity to deliver meaningful impact. Data sits a…",https://www.adzuna.co.uk/jobs/land/ad/5776583996?se=Dq39kQ6G8RGOjq-EnQ330Q&utm_medium=api&utm_source=c0698c3f&v=FF7F929CF43956559D41F2919E24F0F2B5DF4EDB,data analyst,London
5782356236,Data Analyst,Hypercreate Ltd,"Monument, Central London","UK, London, Central London, Monument",26000,30000,0,,full_time,IT Jobs,2026-06-30T20:11:42Z,"Our client is looking for a detail-oriented Data Analyst to support its growing analytics function. The successful candidate will help turn business data into clear insights that support operational, commercial and customer-focused decisions. The Role You will work with colleagues across the business to collect, clean, analyse and present data. This role is ideal for someone who enjoys problem-solving, working with numbers and creating clear reports for non-technical stakeholders. Key Responsib…",https://www.adzuna.co.uk/jobs/land/ad/5782356236?se=Dq39kQ6G8RGOjq-EnQ330Q&utm_medium=api&utm_source=c0698c3f&v=5032A39C357674D908C8D358659B69EF7ABAF8BD,data analyst,London
5799943439,Data Analyst,Harnham - Data & Analytics Recruitment,"London, UK","UK, London",40000,50000,0,permanent,full_time,IT Jobs,2026-07-14T13:38:01Z,"Data Analyst London, Hybrid Salary up to £45,000 This is an opportunity to work with a genuinely unique behavioural dataset that brings together digital activity, media exposure, shopping behaviour and emerging AI interactions. You will play a key role in uncovering insights that help organisations understand how consumers behave and how advertising influences real-world decisions. The Company They are a specialist data and analytics business focused on understanding consumer behaviour in depth…",https://www.adzuna.co.uk/jobs/details/5799943439?utm_medium=api&utm_source=c0698c3f,data analyst,London
5781090918,Data Analyst,J. Murphy & Sons Ltd,"London, UK","UK, London",54881.12,54881.12,1,,full_time,Engineering Jobs,2026-06-29T12:05:03Z,"Murphy is a leading international, specialist engineering and construction company founded in 1951 with a purpose to improve life by delivering world-class infrastructure. Operating in the United Kingdom, Ireland, Canada and America, Murphy provides better engineered solutions to infrastructure sectors including transportation; natural resources; energy and water. Headquartered in London, Murphy has a number of related businesses – Ground Engineering; Utility Connections; Murphy Plant; Murphy P…",https://www.adzuna.co.uk/jobs/land/ad/5781090918?se=Dq39kQ6G8RGOjq-EnQ330Q&utm_medium=api&utm_source=c0698c3f&v=BF8A9C35830E7FC0AC5D4B056DD18DC2F4FCE4AD,data analyst,London
5808329167,Data Analyst,Millennium Hotels and Resorts,"London, UK","UK, London",33920.57,33920.57,1,,,Admin Jobs,2026-07-20T19:57:12Z,"Data Analyst Millennium Hotels and Resorts UK are looking for Data Analyst to join their Central Sales Office in London. Our Data Analyst will be an enthusiastic, genuine, and friendly person who really enjoys working in hotels. This role would suit someone who loves inputting data, generating reports and ensuring a smooth transition of client accounts and rollout projects. Strong written and verbal",https://www.adzuna.co.uk/jobs/details/5808329167?utm_medium=api&utm_source=c0698c3f,data analyst,London
5778665082,Data Analyst,Sanderson Government and Defence,"South Croydon, South East London","UK, London, South East London, South Croydon",146900,147160,0,contract,,IT Jobs,2026-06-27T05:46:15Z,"Data Analyst - SC Cleared Location: Hybrid - Croydon (2 days per week onsite) Rate: £565 per day (Inside IR35) Essential Requirements: Active/live SC Clearance (mandatory). Ability to work 2 days per week onsite in Croydon . We are seeking an experienced Data Analyst with active/live SC Clearance to join a high-profile public sector programme. The successful candidate will work with cross-functional teams to analyse data, deliver insights, and support the development of data-driven solutions wi…",https://www.adzuna.co.uk/jobs/details/5778665082?utm_medium=api&utm_source=c0698c3f,data analyst,London
5748142894,Data Analyst,CDP Global,"Fenchurch St, Central London","UK, London, Central London, Fenchurch St",35884.82,35884.82,1,permanent,,IT Jobs,2026-06-01T21:37:06Z,"Title - Data Analyst Location - London Salary - £32,157 - £40,197 About CDP: CDP is a global non-profit that runs the world’s only independent environmental disclosure system. As the founder of environmental reporting, we believe in transparency and the power of data to drive change. Partnering with leaders in enterprise, capital, policy and science, we surface the information needed to enable Earth-positive decisions. We helped more than 24,800 companies and almost 1,000 cities, states and reg…",https://www.adzuna.co.uk/jobs/details/5748142894?utm_medium=api&utm_source=c0698c3f,data analyst,London
5785368249,Data Analyst,Global Media Group,"London, UK","UK, London",51165.57,51165.57,1,,full_time,IT Jobs,2026-07-02T12:38:58Z,"Accepting applications until: 24 July 2026 Job Description Your new role: Data Analyst We’re looking for a mid-level Data Analyst with 3–5 years of commercial experience in a data analytics role , ideally within a fast-paced, data-driven business. As a Data Analyst at Global, you’ll combine your curiosity for insight and your enthusiasm for delivering effective analytical solutions to help evolve Global’s market-leading business. Key Responsibilities Building analytical solutions to meet comple…",https://www.adzuna.co.uk/jobs/details/5785368249?utm_medium=api&utm_source=c0698c3f,data analyst,London
5803783833,Data Analyst,Nomia,"Waterloo, South East London","UK, London, South East London, Waterloo",34741.57,34741.57,1,,,IT Jobs,2026-07-16T22:46:08Z,"About the Role The Data Analyst role is critical to promoting data as a key differentiator for Nomia. You will help drive innovation by assisting Nomia in becoming a truly data-driven organisation — putting data at the heart of all business decisions and providing actionable insights across the business. Roles & Responsibilities Be the platform owner for Nomia's data analytics platform, ThoughtSpot Build dashboards and reporting across various functions, including executive dashboards, financia…",https://www.adzuna.co.uk/jobs/details/5803783833?utm_medium=api&utm_source=c0698c3f,data analyst,London
5774785792,Data Analyst,MMP Consultancy,"East London, London","UK, London, East London",33280,58240,0,contract,,Trade & Construction Jobs,2026-06-24T13:56:41Z,"MMP Consultancy are looking for two Performance Data Analysts to support a live building safety compliance recovery programme within a housing / property services environment. The analysts will work closely with compliance officers, operational teams and contractors, ensuring data supports decision-making, prioritisation of risk, and delivery of a robust and auditable compliance position. Key Responsibilities Analyse performance across compliance areas to identify risk, gaps and trends. Interro…",https://www.adzuna.co.uk/jobs/details/5774785792?utm_medium=api&utm_source=c0698c3f,data analyst,London
5788136214,Data Analyst,Education First,"London, UK","UK, London",49687.75,49687.75,1,,full_time,IT Jobs,2026-07-04T15:47:02Z,"Description The Opportunity Hult International Business School is seeking a Data Analyst to join the External Affairs team based in London, UK. The post-holder will work closely with the Data and Analytics Manager and have a unique opportunity to positively impact the organisation by providing data analytics, developing actionable insights and delivering exceptional business value. The role suits an individual with an analytical mindset. The successful candidate will have a few years’ experienc…",https://www.adzuna.co.uk/jobs/details/5788136214?utm_medium=api&utm_source=c0698c3f,data analyst,London
5791310953,Data Analyst,Malaria Consortium,"Cambridge Heath, East London","UK, London, East London, Cambridge Heath",46563,46563,0,permanent,full_time,IT Jobs,2026-07-07T22:23:14Z,"Malaria Consortium is recruiting for a Data Analyst on a permanent, full time basis to join the SMC Technical team to be based in London, UK. Job Purpose: The main purpose of the role is to analyse and interpret quantitative monitoring and evaluation (M&E), surveillance and research data across Malaria Consortium’s SMC programme. The Data Analyst is responsible for analysing and interpreting data in support of the SMC programme’s efforts to generate robust high-quality evidence …",https://www.adzuna.co.uk/jobs/details/5791310953?utm_medium=api&utm_source=c0698c3f,data analyst,London
5803594977,Data Analyst,Harnham - Data & Analytics Recruitment,"London, UK","UK, London",45000,45000,0,permanent,full_time,IT Jobs,2026-07-16T21:34:44Z,"Data Analyst London (Hybrid, 4 days in office) | £45,000 Bonus This is an excellent opportunity to play a key role in turning complex datasets into meaningful insights. You'll work across a range of high-profile communications and brand measurement projects, helping stakeholders understand performance, audience engagement, and brand impact through data. The Company This specialist analytics consultancy supports clients with data-driven decision making across communications, marketing, and bran…",https://www.adzuna.co.uk/jobs/details/5803594977?utm_medium=api&utm_source=c0698c3f,data analyst,London
5794246510,Data Analyst,Malaria Consortium,"Cambridge Heath, East London","UK, London, East London, Cambridge Heath",40001,50000,0,permanent,full_time,IT Jobs,2026-07-09T16:29:50Z,"Malaria Consortium is recruiting for a Data Analyst on a permanent, full time basis to join the SMC Technical team to be based in London, UK. Job Purpose: The main purpose of the role is to analyse and interpret quantitative monitoring and evaluation (M&E), surveillance and research data across Malaria Consortium’s SMC programme. The Data Analyst is responsible for analysing and interpreting data in support of the SMC programme’s efforts to generate robust high-quality evidence of performance a…",https://www.adzuna.co.uk/jobs/details/5794246510?utm_medium=api&utm_source=c0698c3f,data analyst,London
5731346239,Data Analyst,GoHenry,"London, UK","UK, London",42175.52,42175.52,1,contract,full_time,IT Jobs,2026-05-16T12:50:56Z,"Data Analyst | GoHenry GoHenry is a UK-based fintech company created by parents to pioneer financial education. More recently, GoHenry moved into Europe and the US by joining forces with French fintech company PixPay and US investing app, Acorns. Together, Acorns, PixPay, and GoHenry have over 6 million members across 5 countries. We are focused on empowering families with engaging money management tools, educational content, and a seamless product experience that creates financial well-being f…",https://www.adzuna.co.uk/jobs/details/5731346239?utm_medium=api&utm_source=c0698c3f,data analyst,London
5782254064,Data Analyst,Johnson Matthey,"London, UK","UK, London",45634.72,45634.72,1,,full_time,IT Jobs,2026-06-30T16:34:24Z,"At Johnson Matthey, your work will matter. As a Data Analyst, you’ll join a world leader in platinum group metals with over 200 years of history. Using advanced metals chemistry, you’ll help tackle the world’s biggest challenges - cutting emissions, powering modern life and supporting life‑saving technologies - by applying, refining and recycling metals that matter for a healthier, more sustainable, circular future. The role: As a Data Analyst, you will help drive our goals by: Performing data …",https://www.adzuna.co.uk/jobs/details/5782254064?utm_medium=api&utm_source=c0698c3f,data analyst,London
5807057968,Data Analyst,HackerEarth,"Charing Cross, Central London","UK, London, Central London, Charing Cross",35000,50000,0,,full_time,IT Jobs,2026-07-19T10:51:56Z,"Salary: £35,000 - 50,000 per year Requirements: Strong proficiency in Python for data analysis, including Pandas and NumPy Solid knowledge of SQL for querying relational databases Experience using Generative AI tools such as ChatGPT, Claude, or Gemini for analytics, automation, or productivity Experience with data visualization libraries such as Matplotlib, Seaborn, or Plotly Understanding of data cleaning, transformation, and exploratory data analysis (EDA) Strong analytical thinking and probl…",https://www.adzuna.co.uk/jobs/details/5807057968?utm_medium=api&utm_source=c0698c3f,data analyst,London
5737581843,Data Analyst,OLIVER Agency,"London, UK","UK, London",45333.68,45333.68,1,,,"PR, Advertising & Marketing Jobs",2026-05-22T13:23:17Z,"Established in 2004, OLIVER is the world’s first and only specialist in designing, building, and running bespoke in-house agencies and marketing ecosystems for brands. We partner with over 300 clients in 40 countries and counting. Our unique model drives creativity and efficiency, allowing us to deliver tailored solutions that resonate deeply with audiences. As a part of The Brandtech Group , we're at the forefront of leveraging cutting-edge AI technology to revolutionise how we create and deli…",https://www.adzuna.co.uk/jobs/details/5737581843?utm_medium=api&utm_source=c0698c3f,data analyst,London
5791088349,Data Analyst,Lynx Recruitment Limited,"South West London, London","UK, London, South West London",65000,65000,0,,,IT Jobs,2026-07-07T15:09:12Z,"Are you a forward-thinking Data Analyst passionate about building secure, scalable systems that drive financial innovation? The Role Youll play a key role in shaping how data is used within a fast-paced financial environment - designing solutions that meet regulatory requirements while enabling smarter business decisions. Working across the full data lifecycle, youll analyse complex datasets and contribute to designing enterprise-level data solutions that support transformation and growth. Key …",https://www.adzuna.co.uk/jobs/details/5791088349?utm_medium=api&utm_source=c0698c3f,data analyst,London
5810697465,Data Analyst,Transform,"Oxford Circus, Central London","UK, London, Central London, Oxford Circus",40131.02,40131.02,1,,full_time,IT Jobs,2026-07-22T10:53:16Z,"About us We're Transform. Transform is a fresh alternative to Big Consulting. As an end-to-end transformation partner, we define, design, build and operate systems that solve our clients’ toughest challenges and seize their biggest opportunities. That often means combining strategy, data, AI, technology, and change management. Sometimes we manage and operate the systems we create; other times, we hand it over for the client to run – standing by to make improvements when things change. It all co…",https://www.adzuna.co.uk/jobs/details/5810697465?utm_medium=api&utm_source=c0698c3f,data analyst,London
5740487503,Data Analyst,G-Research,"London, UK","UK, London",51993.86,51993.86,1,,full_time,IT Jobs,2026-05-25T15:18:50Z,"We tackle the most complex problems in quantitative finance, by bringing scientific clarity to financial complexity. From our London HQ, we unite world-class researchers and engineers in an environment that values deep exploration and methodical execution - because the best ideas take time to evolve. Together we’re building a world-class platform to amplify our teams’ most powerful ideas. As part of our engineering team, you’ll shape the platforms and tools that drive high-impact research - des…",https://www.adzuna.co.uk/jobs/details/5740487503?utm_medium=api&utm_source=c0698c3f,data analyst,London
5759902899,Data Analyst,Betway Group,"St Pancras, Central London","UK, London, Central London, St Pancras",43357.82,43357.82,1,,full_time,IT Jobs,2026-06-11T13:07:21Z,"On average it takes 5 minutes to apply for this role. Kick-start your career in the online gaming world and experience the very latest in technology and innovation. Do you see yourself as one of those “out-of-the-box thinkers”, “Technical masterminds”, “Outstanding creatives”, or “Mind-boggling number crunchers”? If so, we want to welcome you to the Betway family and celebrate what makes you unique! Our global customer base is exploding and we need your skills to support us on this exciting jou…",https://www.adzuna.co.uk/jobs/details/5759902899?utm_medium=api&utm_source=c0698c3f,data analyst,London
5805127934,Data Analyst,London LGPS CIV Ltd,"London, UK","UK, London",48594.49,48594.49,1,permanent,full_time,IT Jobs,2026-07-17T20:05:57Z,"Purpose As a Data Analyst within London CIV the role holder will conduct data reconciliation and validation activities, ensuring that inbound data flows from suppliers such as our Custodian, Partner Funds & Fund Managers are received in a timely manner and that the data integrity is to the required standard. The role holder will sit at the centre of Investment, Operations and Technology workflows, ensuring that high-quality data underpins portfolio management, reporting, NAV calculations and wi…",https://www.adzuna.co.uk/jobs/details/5805127934?utm_medium=api&utm_source=c0698c3f,data analyst,London
5702459122,Data Analyst,Air Apps,"London, UK","UK, London",50000,63000,0,,full_time,IT Jobs,2026-04-17T11:28:56Z,"About Air Apps At Air Apps, we believe in thinking bigger—and moving faster. We’re a family-founded company on a mission to create the world’s first AI-powered Personal & Entrepreneurial Resource Planner (PRP), and we need your passion and ambition to help us change how people plan, work, and live. Born in Lisbon, Portugal in 2018—and now with offices in both Lisbon and San Francisco—we’ve remained self-funded while reaching over 100 million downloads worldwide. Our long-term focus drives us to…",https://www.adzuna.co.uk/jobs/details/5702459122?utm_medium=api&utm_source=c0698c3f,data analyst,London
5733985907,Data Analyst,Winton,"London, UK","UK, London",63696.44,63696.44,1,,,Accounting & Finance Jobs,2026-05-19T13:09:14Z,"About Winton Winton is a research-based investment management company with a specialist focus on statistical and mathematical inference in financial markets. The firm researches and trades quantitative investment strategies, which are implemented systematically via thousands of securities, spanning the world's major liquid asset classes. Founded in 1997 by David Harding, Winton today manages assets for some of the world’s largest institutional investors. We employ ambitious professionals who wa…",https://www.adzuna.co.uk/jobs/details/5733985907?utm_medium=api&utm_source=c0698c3f,data analyst,London
5806144475,Data Analyst,Funding Circle,"London, UK","UK, London",71501.32,71501.32,1,,full_time,IT Jobs,2026-07-18T13:44:08Z,"We’re on a mission to back the UK’s small businesses like no one else Small businesses are the backbone of the economy, and we’re here to help them win. We’ve built a platform that uses clever data to get them the funding they need in minutes, not weeks. At Funding Circle, we have the restless energy of a fintech start-up with the stability of a public company. It’s a unique mix that gives Circlers the autonomy to take ownership and the scale to make an impact that truly counts. We’re a high-p…",https://www.adzuna.co.uk/jobs/details/5806144475?utm_medium=api&utm_source=c0698c3f,data analyst,London
5804041816,Data Analyst,Cisco,"London, UK","UK, London",49214.55,49214.55,1,,,IT Jobs,2026-07-17T02:00:19Z,"Meet the Team Cisco ThousandEyes is a Digital Assurance platform that empowers organizations to deliver flawless digital experiences across every network - even the ones they don't own. Powered by AI and an unmatched set of cloud, internet and enterprise network telemetry data, ThousandEyes enables IT teams to proactively detect, diagnose, and remediate issues - before they impact end- user experiences. ThousandEyes is deeply integrated across the entire Cisco technology portfolio and beyond, h…",https://www.adzuna.co.uk/jobs/details/5804041816?utm_medium=api&utm_source=c0698c3f,data analyst,London
5707351510,Data Analyst,Sagacity,"London, UK","UK, London",48310.73,48310.73,1,permanent,full_time,IT Jobs,2026-04-22T19:26:22Z,"Principal responsibilities will involve: Turn large quantities of complex client data into insights which can be used to inform decision making and drive business benefit Are quick to identify incomplete and diverse data sets, pin pointing data issues which may affect the accuracy and completeness of any analysis performed Recognise the importance and value of understanding the data they are analysing, validating the information provided and reconciling the datasets as part of the Data Analytic…",https://www.adzuna.co.uk/jobs/details/5707351510?utm_medium=api&utm_source=c0698c3f,data analyst,London
5803541572,DevOps Engineer,BAE Systems Digital Intelligence,"London, UK","UK, London",55721.94,55721.94,1,,part_time,IT Jobs,2026-07-16T20:18:27Z,"hackajob is collaborating with BAE Systems Digital Intelligence to connect them with exceptional professionals for this role. Location(s): London or Manchester BAE Systems Digital Intelligence is home to 4,500 digital, cyber and intelligence experts. We work collaboratively across 10 countries to collect, connect and understand complex data, so that governments, nation states, armed forces and commercial businesses can unlock digital advantage in the most demanding environments. Job Title: DevO…",https://www.adzuna.co.uk/jobs/land/ad/5803541572?se=DOIZkw6G8RGa14EqyXoy-w&utm_medium=api&utm_source=c0698c3f&v=CB191D6EF46AAA5E8BB9D689D5600457F39EA1A8,devops engineer,London
5789989741,DevOps Engineer,Gemba Advantage,"London, UK","UK, London",50647.71,50647.71,1,,,IT Jobs,2026-07-06T16:39:45Z,"hackajob is collaborating with Gemba Advantage to connect them with exceptional professionals for this role. block Please note: This role requires applicants must hold an active or recently active SC or DV security clearance. This role also requires applicants to be willing to work on-site up to 4 days per week. At Gemba Advantage, we design and run secure, cloud‑native platforms for critical public‑sector organisations across the UK. Our teams build and automate the infrastructure and pipeline…",https://www.adzuna.co.uk/jobs/land/ad/5789989741?se=DOIZkw6G8RGa14EqyXoy-w&utm_medium=api&utm_source=c0698c3f&v=1043DFA3051C4BDC7FF13E474E09CE9B2D343777,devops engineer,London
5805889330,DevOps Engineer,Just Eat,"London, UK","UK, London",60436.98,60436.98,1,,,IT Jobs,2026-07-18T08:20:15Z,"hackajob is collaborating with Just Eat to connect them with exceptional professionals for this role. Position: Senior DevOps Engineer Department: Platform Engineering Reporting to: Senior Technology Manager Location: London or Amsterdam Hybrid role: 3 days a week from our office & 2 days working from home Ready for a challenge? Then Just Eat Takeaway.com might be the place for you. We’re a leading global online delivery platform, and our vision is to empower everyday convenience. Whether it’s …",https://www.adzuna.co.uk/jobs/land/ad/5805889330?se=DOIZkw6G8RGa14EqyXoy-w&utm_medium=api&utm_source=c0698c3f&v=F5F838EA6CC6C88FD9134057442A580094FCCF94,devops engineer,London
5809635170,DevOps Engineer,BAE Systems Digital Intelligence,"London, UK","UK, London",56052.44,56052.44,1,,,IT Jobs,2026-07-21T20:41:21Z,"hackajob is collaborating with BAE Systems Digital Intelligence to connect them with exceptional professionals for this role. Location(s): UK, Europe & Africa : UK : London || UK, Europe & Africa : UK : Guildford || UK, Europe & Africa : UK : Leeds BAE Systems Digital Intelligence is home to 4,500 digital, cyber and intelligence experts. We work collaboratively across 10 countries to collect, connect and understand complex data, so that governments, nation states, armed forces and commercial bu…",https://www.adzuna.co.uk/jobs/land/ad/5809635170?se=DOIZkw6G8RGa14EqyXoy-w&utm_medium=api&utm_source=c0698c3f&v=3318F9B7FAC0E6319C32EF9C8A5A81FD70947F9B,devops engineer,London
5789989196,DevOps Specialist / DevOps Engineer,HSBC,"London, UK","UK, London",54604.38,54604.38,1,,,IT Jobs,2026-07-06T16:39:39Z,"hackajob is collaborating with HSBC to connect them with exceptional professionals for this role. If you’re looking for a career that will help you stand out, join HSBC, and fulfil your potential - whether you want a career that could take you to the top, or an exciting new direction, we offer opportunities, support and rewards that will take you further. We’re one of the largest banking and financial services organisations in the world, with a network that covers more than 50 countries and ter…",https://www.adzuna.co.uk/jobs/land/ad/5789989196?se=DOIZkw6G8RGa14EqyXoy-w&utm_medium=api&utm_source=c0698c3f&v=802E05154CA39918803B05D65CF27887042F8694,devops engineer,London
5789987936,"Lead DevOps Engineer - AWS, Kubernetes, Terraform",J.P. Morgan,"London, UK","UK, London",53640.39,53640.39,1,,,IT Jobs,2026-07-06T16:39:25Z,"hackajob is collaborating with J.P. Morgan to connect them with exceptional professionals for this role. JOB DESCRIPTION Be an integral part of an agile team that's constantly pushing the envelope to enhance, build, and deliver top-notch technology products. As a Lead DevOps Engineer at JPMorganChase within the Global Electronic Trading Group, you are an integral part of an agile team that works to enhance, build, and deliver trusted market-leading technology products in a secure, stable, and s…",https://www.adzuna.co.uk/jobs/land/ad/5789987936?se=DOIZkw6G8RGa14EqyXoy-w&utm_medium=api&utm_source=c0698c3f&v=F21090BC05DD902224D49D7551C20D3E6F714A07,devops engineer,London
5756077195,DevOps Engineer,Fuku,"London, UK","UK, London",58197.94,58197.94,1,,full_time,IT Jobs,2026-06-08T08:19:38Z,"DevOps Engineer We are seeking a skilled DevOps Engineer to design, implement, and maintain our cloud infrastructure. In this role, you will collaborate closely with development teams to streamline deployment pipelines and ensure the high availability of our services. Requirements: - 3 years of experience in DevOps or Site Reliability Engineering - Strong knowledge of AWS or GCP cloud services - Experience with Docker and Kubernetes orchestration - Proficiency in infrastructure-as-code tools su…",https://www.adzuna.co.uk/jobs/details/5756077195?utm_medium=api&utm_source=c0698c3f,devops engineer,London
5781439408,DevOps Engineer,VIQU Limited,"Bishopsgate, Central London","UK, London, Central London, Bishopsgate",130000,156000,0,,,IT Jobs,2026-06-29T22:18:20Z,"DevOps Engineer - SC Cleared - London Hybrid (2/3 days) DevOps Engineer required to design and manage the deployment of an EDR tool across the Enterprise cloud estate, this will include both servers and Kubernetes clusters and containerised environments. I am looking for someone who has experience: • Cloud Platform - Azure experience essential- with use of monitoring tooling for troubleshooting and drawing insights • Hands-on experience of CI/CD pipelines using GitHub Actions or similar tooling…",https://www.adzuna.co.uk/jobs/details/5781439408?utm_medium=api&utm_source=c0698c3f,devops engineer,London
5808338003,DevOps Engineer,Red King Resourcing Ltd,"The City, Central London","UK, London, Central London, The City",156000,169000,0,contract,full_time,IT Jobs,2026-07-20T20:34:22Z,"DevOps Engineer Full time Hybrid role - up to 3 days per week - (2 days in Piccadilly, London and 1 day in Slough) £600-£650 per day inside IR35, contract up until the end of 2026 with further extensions extremely likely. I am looking for a DevOps Engineer to join my key client's cloud infrastructure team reporting to the Azure Cloud Architect. The role splits time between BAU support and project work, contributing directly to the design of our Azure cloud infrastructure alongside delivery of d…",https://www.adzuna.co.uk/jobs/details/5808338003?utm_medium=api&utm_source=c0698c3f,devops engineer,London
5785774245,DevOps Engineer,Selby Jennings London,"The City, Central London","UK, London, Central London, The City",71326.02,71326.02,1,permanent,full_time,IT Jobs,2026-07-02T20:26:50Z,"DevOps Engineer | London Our client is an exceptional global investment management firm searching for a talented DevOps Engineer to join its high-performing London-based technology team. Managing multi-billion-dollar strategies across global markets, this organisation has built a reputation for innovation, collaboration, and technological excellence. Working at the intersection of engineering and financial markets, you'll play a key role in maintaining and evolving the infrastructure that suppo…",https://www.adzuna.co.uk/jobs/details/5785774245?utm_medium=api&utm_source=c0698c3f,devops engineer,London
5606115916,DevOps Engineer,Methods Business and Digital Technology,"London, UK","UK, London",55586.38,55586.38,1,,,IT Jobs,2026-01-30T13:33:50Z,"Lead DevOps Engineer Role overview We are looking for a DevOps Engineer who focuses on solving problems and designing practical solutions. You will take ownership of delivery platforms and influence technical direction across teams and clients. This role combines deep hands-on engineering with leadership, mentoring and stakeholder engagement. You will work in agile delivery teams and help shape how DevOps is applied across enterprise environments. Key responsibilities Lead the design and improv…",https://www.adzuna.co.uk/jobs/details/5606115916?utm_medium=api&utm_source=c0698c3f,devops engineer,London
5796947754,DevOps Engineer,Kharon,"Soho, West London","UK, London, West London, Soho",90000,105000,0,,full_time,Engineering Jobs,2026-07-11T13:35:00Z,"TL;DR: Kharon is seeking a full-time DevOps Engineer based in London, UK. Location: London, UK Annual Remuneration: £90,000–£105,000 and discretionary annual bonus Pay Frequency: Monthly Probationary Period: 180 days Work Arrangement: Hybrid, 3 days per week RESPONSIBILITIES: Lead the design and evolution of cloud infrastructure supporting Kharon's high-performance SaaS applications, with a focus on API-driven, infrastructure-as-code control planes Build and continuously improve automation for …",https://www.adzuna.co.uk/jobs/details/5796947754?utm_medium=api&utm_source=c0698c3f,devops engineer,London
5664679472,DevOps Engineer,ACZENTA,"London, UK","UK, London",50018.13,50018.13,1,contract,,IT Jobs,2026-03-14T02:56:19Z,"We are seeking an experienced DevOps Engineer to join a dynamic engineering team supporting large-scale production systems. The ideal candidate will have strong experience in infrastructure automation, containerized environments, and distributed systems, with the ability to support production operations and incident response. This is a remote position, ideally suited to candidates based in London, although candidates in Dublin are also welcome to apply. Contract Details - Start Date: April 1, 2…",https://www.adzuna.co.uk/jobs/details/5664679472?utm_medium=api&utm_source=c0698c3f,devops engineer,London
5410644839,DevOps Engineer,stakefish,"London, UK","UK, London",130000,180000,0,,full_time,IT Jobs,2025-09-22T16:31:29Z,"As our DevOps Engineer, you will be helping us build and maintain blockchain networks and protocols. You will work on improving our current infrastructure including security, automation, and monitoring among other things. You will also have the chance to dive deep into new blockchain protocols, run testnets, build secure and scalable infra and maintain it. What will you do? Build secure and reliable infrastructure to monitor, detect and mitigate performance and security issues System administra…",https://www.adzuna.co.uk/jobs/details/5410644839?utm_medium=api&utm_source=c0698c3f,devops engineer,London
5706508401,DevOps Engineer,Ripjar,"London, UK","UK, London",63995.21,63995.21,1,,full_time,IT Jobs,2026-04-21T21:40:35Z,"Ripjar was founded by veterans of GCHQ to bring national security-grade intelligence tools to the fight against financial crime. Financial crime funds human trafficking, terrorism, corruption and sanctions evasion on a global scale, and the organisations on the front line need technology built to match the threat. Today, Ripjar's AI-native software and data fusion products are used by governments, the world's largest banks, and global enterprises to automate the detection, investigation and mon…",https://www.adzuna.co.uk/jobs/details/5706508401?utm_medium=api&utm_source=c0698c3f,devops engineer,London
5653674630,DevOps Engineer,Gemba Advantage,"London, UK","UK, London",40000,70000,0,,full_time,IT Jobs,2026-03-04T13:06:03Z,"Please note: This role requires applicants must hold an active or recently active DV security clearance. This role also requires applicants to be willing to work on-site up to 4 days per week. At Gemba Advantage, we design and run secure, cloud‑native platforms for critical public‑sector organisations across the UK. Our teams build and automate the infrastructure and pipelines that high‑impact systems depend on. We’re looking for Junior and DevOps Engineers who are eager to learn, automate, and…",https://www.adzuna.co.uk/jobs/land/ad/5653674630?se=DOIZkw6G8RGa14EqyXoy-w&utm_medium=api&utm_source=c0698c3f&v=0303B732392AAA61DF832EECF2B470E10F8D44C9,devops engineer,London
5777756649,DevOps Engineer,TXP Technology x People,"London, UK","UK, London",169000,175500,0,contract,,IT Jobs,2026-06-26T14:34:43Z,"DevOps Engineer £675 P/D Inside IR35 4 months with scope to extend Active SC Hybrid - 1/2 days on site per week in Birmingham, Bristol, Cardiff, Darlington, Edinburgh, Manchester or London (emote working is a possibility for the right candidate.) Overview We're looking for an experienced DevOps Engineer to join a multidisciplinary government team, supporting the delivery and operation of complex internal platforms. This is a hands-on role requiring someone who can contribute from day one, with …",https://www.adzuna.co.uk/jobs/land/ad/5777756649?se=DOIZkw6G8RGa14EqyXoy-w&utm_medium=api&utm_source=c0698c3f&v=497535DCD5BBAC8FC6F6E409AC0E4FCC6FEA09FD,devops engineer,London
5777750727,DevOps Engineer,TXP,"Farringdon, Central London","UK, London, Central London, Farringdon",169000,175500,0,contract,,IT Jobs,2026-06-26T13:58:48Z,"DevOps Engineer £675 P/D Inside IR35 4 months with scope to extend Active SC Hybrid - 1/2 days on site per week in Birmingham, Bristol, Cardiff, Darlington, Edinburgh, Manchester or London (emote working is a possibility for the right candidate.) Overview We're looking for an experienced DevOps Engineer to join a multidisciplinary government team, supporting the delivery and operation of complex internal platforms. This is a hands-on role requiring someone who can contribute from day one, with …",https://www.adzuna.co.uk/jobs/land/ad/5777750727?se=DOIZkw6G8RGa14EqyXoy-w&utm_medium=api&utm_source=c0698c3f&v=83C0AEEEC036B4ABD207992AF889083BC4CB2D68,devops engineer,London
5809121612,DevOps Engineer,Pulse IT Recruitment Ltd,"London, UK","UK, London",38000,55000,0,permanent,full_time,IT Jobs,2026-07-21T10:15:45Z,"DevOps Engineer Are you an accomplished DevOps Engineer looking for a new challenge within a fast growing & stable business? If so, look no further! This is a fantastic opportunity to join a growing UK based organisation. Due to continued growth, they are looking for an experienced & proven DevOps who has a background in working in a Production Environment using Azure, Terraform, GitOps, and Kubernetes. You will join the growing DevOps team and work on a wide selection of enterprise level proje…",https://www.adzuna.co.uk/jobs/land/ad/5809121612?se=DOIZkw6G8RGa14EqyXoy-w&utm_medium=api&utm_source=c0698c3f&v=ADAA358B30A801F15F1833E2ED9DBB6BB1041EAB,devops engineer,London
5783427040,DevOps Engineer,Noir,"London, UK","UK, London",60000,75000,0,permanent,full_time,IT Jobs,2026-07-01T10:52:33Z,"DevOps Engineer - Saas - London/Hybrid (Tech stack: DevOps Engineer, AWS, Azure DevOps, GitHub, Kubernetes, CI/CD, Infrastructure as Code, Terraform, Docker, Linux, Python, C#, Monitoring Tools, Automation, SaaS, Agile, DevOps Engineer) We're working with one of London's most exciting and fast-growing SaaS scale-ups, and they're looking for a talented DevOps Engineer to join them on their next phase of explosive growth. Backed by major investment and already delivering a high-impact platform to…",https://www.adzuna.co.uk/jobs/land/ad/5783427040?se=DOIZkw6G8RGa14EqyXoy-w&utm_medium=api&utm_source=c0698c3f&v=A23CDECAAA6A0E9145D93D7FEC6EEE94DC474001,devops engineer,London
5781267363,DevOps Engineer,VIQU IT Recruitment,"London, UK","UK, London",130000,156000,0,,,IT Jobs,2026-06-29T18:44:39Z,"DevOps Engineer - SC Cleared - London Hybrid (2/3 days) DevOps Engineer required to design and manage the deployment of an EDR tool across the Enterprise cloud estate, this will include both servers and Kubernetes clusters and containerised environments. I am looking for someone who has experience: • Cloud Platform - Azure experience essential- with use of monitoring tooling for troubleshooting and drawing insights• Hands-on experience of CI/CD pipelines using GitHub Actions or similar tooling•…",https://www.adzuna.co.uk/jobs/land/ad/5781267363?se=DOIZkw6G8RGa14EqyXoy-w&utm_medium=api&utm_source=c0698c3f&v=529BBA90CB60F5E215A2FE8993BF4EF245B13B04,devops engineer,London
5794326703,DevOps Engineer,WeDo Technology Solutions Limited,"Croydon, London","UK, London, Croydon",75000,85000,0,permanent,full_time,IT Jobs,2026-07-09T18:03:12Z,"Job Title: DevOps Engineer Salary Benefits: Up to £85,000 base 10% bonus benefits package Location: Croydon (Hybrid – 2 days onsite) Work Type: Permanent The Role WeDo is partnering with a global technology organisation looking to grow its DevOps capability within a high-performing engineering function supporting one of its flagship SaaS products.This is an opportunity to join a cloud-native engineering environment where you'll help build and improve the tooling, automation, and infrastructu…",https://www.adzuna.co.uk/jobs/land/ad/5794326703?se=DOIZkw6G8RGa14EqyXoy-w&utm_medium=api&utm_source=c0698c3f&v=1DD0D02A1DB8FA1CF1A1B1F943F8A923A51D0017,devops engineer,London
5782356265,Devops Engineer,WHD,"Farringdon, Central London","UK, London, Central London, Farringdon",50000,62000,0,,full_time,IT Jobs,2026-06-30T20:11:58Z,"I am looking for a Devops engineer for an exciting role in London, the company are close Farringdon train station. About the Company This firm builds a connected home beer ecosystem spanning hardware, mobile apps, cloud services, and eCommerce. they’re engineering team delivers a reliable, high-quality product at global scale, solving complex challenges across IoT and distributed systems while balancing performance, usability, and real-world constraints. We embrace AI-assisted development to im…",https://www.adzuna.co.uk/jobs/land/ad/5782356265?se=DOIZkw6G8RGa14EqyXoy-w&utm_medium=api&utm_source=c0698c3f&v=C3180D25E8EAD2FC3E4336C305431CF524B6249C,devops engineer,London
5810044233,DevOps Engineer,Anson Mccade,"London, UK","UK, London",67368.08,67368.08,1,permanent,,IT Jobs,2026-07-22T01:00:27Z,"DevOps Engineer £45,000-60,000 GBP Bonus Hybrid WORKING Location: Manchester; London; Glasgow; Bristol; Newcastle; Cardiff, Central London, Greater London - United Kingdom Type: Permanent DevOps Engineer (Defence) UK Wide - London, Manchester, Leeds, Gloucester (Hybrid) £45,000 - £60,000 package Working with a leading cyber and defence organisation delivering secure, cloud-native platforms across national security and government environments. They're looking for DevOps Engineers to build, auto…",https://www.adzuna.co.uk/jobs/details/5810044233?utm_medium=api&utm_source=c0698c3f,devops engineer,London
5809516937,DevOps Engineer,Anson Mccade,"South West London, London","UK, London, South West London",55000,55000,0,,,IT Jobs,2026-07-21T16:40:47Z,"DevOps Engineer (Defence) UK Wide London, Manchester, Leeds, Gloucester (Hybrid) £45,000 £58,000 package Working with a leading cyber and defence organisation delivering secure, cloud-native platforms across national security and government environments. Theyre looking for DevOps Engineers to build, automate and scale critical infrastructure supporting high-impact programmes. The Role Youll be responsible for engineering and automating cloud infrastructure, enabling fast, secure and reliable d…",https://www.adzuna.co.uk/jobs/details/5809516937?utm_medium=api&utm_source=c0698c3f,devops engineer,London
5801154743,DevOps Engineer,DGH Recruitment Ltd,"The City, Central London","UK, London, Central London, The City",80000,100000,0,,full_time,IT Jobs,2026-07-15T13:38:41Z,"MLOps Engineer (Platform / DevOps) - AI Platform - FULL TIME ONSITE We're partnering with a leading organisation on a high-profile AI initiative, seeking an experienced MLOps / Platform Engineer to build and scale infrastructure supporting advanced AI solutions. The Role You'll play a key role in designing and operating a secure, scalable platform for deploying AI workloads and agents. Working closely with Data Science and Engineering teams, you'll ensure robust infrastructure, seamless deploym…",https://www.adzuna.co.uk/jobs/land/ad/5801154743?se=DOIZkw6G8RGa14EqyXoy-w&utm_medium=api&utm_source=c0698c3f&v=452C02ED34D0C2E1D6A3869D2ED5C12846C2C971,devops engineer,London
5785354290,DevOps Engineer,Selby Jennings,"London, UK","UK, London",71726.84,71726.84,1,,full_time,IT Jobs,2026-07-02T11:59:47Z,"DevOps Engineer | London Our client is an exceptional global investment management firm searching for a talented DevOps Engineer to join its high-performing London-based technology team. Managing multi-billion-dollar strategies across global markets, this organisation has built a reputation for innovation, collaboration, and technological excellence. Working at the intersection of engineering and financial markets, you'll play a key role in maintaining and evolving the infrastructure that suppo…",https://www.adzuna.co.uk/jobs/details/5785354290?utm_medium=api&utm_source=c0698c3f,devops engineer,London
5796298475,DevOps Engineer,Sanderson Recruitment,"London, UK","UK, London",133640,143000,0,,,IT Jobs,2026-07-11T00:39:03Z,"DevOps Engineer £550/day Inside IR-35 for an initial 6 months SC role London - at most 1 day per week on site We're looking for a DevOps Engineer to design, build and operate reliable CI/CD platforms across a mix of container and VM environments. You'll focus on Jenkins-based CI, automation, code quality integration and enabling fast, stable delivery for engineering teams. Key technical skills: CI/CD engineering with Jenkins (pipelines, shared libraries, PR workflows, credentials management) Au…",https://www.adzuna.co.uk/jobs/details/5796298475?utm_medium=api&utm_source=c0698c3f,devops engineer,London
5804874434,DevOps Engineer,Code First Girls,"Clerkenwell, Central London","UK, London, Central London, Clerkenwell",51795.75,51795.75,1,,full_time,IT Jobs,2026-07-17T13:50:57Z,"This is a free 16 week training course followed by the potential for a role with one of our clients. Title : DevOps Engineer Job location : London, UK Description: Step into a role as a Mid-Level DevOps Engineer with the Counter Terrorist Police through the Mid-Level Accelerator programme. If you have at least 1.5 years of experience in the technology sector and are eager to advance into a Mid-Level technical position, our Mid-Level Accelerator is the ideal opportunity. This programme connects …",https://www.adzuna.co.uk/jobs/details/5804874434?utm_medium=api&utm_source=c0698c3f,devops engineer,London
5802870913,DevOps Engineer,Radiant,"London, UK","UK, London",69662.79,69662.79,1,,full_time,IT Jobs,2026-07-16T13:52:36Z,"Job Role As a DevOps Engineer at Radiant, you'll be a hands-on technical leader at the heart of our engineering organisation, owning the design, delivery, and reliability of our most critical infrastructure. You'll drive the automation and continuous improvement of our deployment pipelines, cloud and bare metal environments, and Kubernetes-based orchestration layer — ensuring our platform scales reliably to support high-performance AI and GPU workloads. You'll set the standard for engineering e…",https://www.adzuna.co.uk/jobs/details/5802870913?utm_medium=api&utm_source=c0698c3f,devops engineer,London
5792748042,DevOps Engineers,CGI,"London, UK","UK, London",65330.32,65330.32,1,,full_time,IT Jobs,2026-07-08T16:36:37Z,"CGI UK Careers – Your mission found here By playing this video you consent to Google/YouTube processing your data and using cookies – Learn more . Position Description: CGI was recognised in the Sunday Times Best Places to Work List 2025 and has been named one of the ‘World’s Best Employers’ by Forbes magazine. We offer a competitive salary, excellent pension, private healthcare, plus a share scheme (3.5% 3.5% matching) which makes you a member not just an employee. We are committed to inclusi…",https://www.adzuna.co.uk/jobs/details/5792748042?utm_medium=api&utm_source=c0698c3f,devops engineer,London
5789988490,DevOps Engineer,Envitia,"London, UK","UK, London",67896.91,67896.91,1,,,IT Jobs,2026-07-06T16:39:32Z,"hackajob is collaborating with Envitia to connect them with exceptional professionals for this role. Envitia is a UK-based data and digital consultancy, delivering high-impact transformation services that help organisations unlock the full value of their data. With over 30 years of experience, we combine deep technical expertise with a strong consulting approach, working in close partnership with our clients to solve complex, mission-critical challenges and deliver measurable business outcomes.…",https://www.adzuna.co.uk/jobs/land/ad/5789988490?se=DOIZkw6G8RGa14EqyXoy-w&utm_medium=api&utm_source=c0698c3f&v=87C765B7FE9505FDEE3431F44230139588DB5820,devops engineer,London
5741164692,DevOps Engineer,base,"London, UK","UK, London",61200.56,61200.56,1,,full_time,IT Jobs,2026-05-26T13:12:20Z,"Description As DevOps Engineer, you will be joining our engineering team working on a range of complex system deployments, platform development and enhancement, and system integration projects. You will assist in the evolution of our CI/CD pipelines with security best practices as a focus. Improve time-to-deploy of infrastructure and services to meet demanding deadlines. Identifying and resolving security or vulnerability concerns within our architecture. You will build and maintain our multi-c…",https://www.adzuna.co.uk/jobs/details/5741164692?utm_medium=api&utm_source=c0698c3f,devops engineer,London
5810769697,DevOps Engineer,Solirius Reply,"Victoria, South West London","UK, London, South West London, Victoria",55000,95000,0,,full_time,IT Jobs,2026-07-22T11:31:20Z,"Salary: £55,000 - 95,000 per year Requirements: We are looking for a motivated and adaptable professional with a strong analytical mindset and a passion for using technology to solve real-world problems. We need someone who enjoys working in collaborative, agile teams and delivering high-quality solutions with tangible impact. We require strong communication skills and a consultative approach, with confidence engaging clients, understanding their needs, and translating them into effective outco…",https://www.adzuna.co.uk/jobs/details/5810769697?utm_medium=api&utm_source=c0698c3f,devops engineer,London
5750344054,DevOps Engineer,TP ICAP Group Services,"London, UK","UK, London",69791.79,69791.79,1,,full_time,IT Jobs,2026-06-03T10:24:57Z,"The TP ICAP Group is a world leading provider of market infrastructure. Our purpose is to provide clients with access to global financial and commodities markets, improving price discovery, liquidity, and distribution of data, through responsible and innovative solutions. Through our people and technology, we connect clients to superior liquidity and data solutions. The Group is home to a stable of premium brands. Collectively, TP ICAP is the largest interdealer broker in the world by revenue, …",https://www.adzuna.co.uk/jobs/details/5750344054?utm_medium=api&utm_source=c0698c3f,devops engineer,London
5730283731,DevOps Engineer,DRW,"London, UK","UK, London",62041.32,62041.32,1,,,IT Jobs,2026-05-15T12:59:11Z,"DRW is a diversified trading firm with over 3 decades of experience bringing sophisticated technology and exceptional people together to operate in markets around the world. We value autonomy and the ability to quickly pivot to capture opportunities, so we operate using our own capital and trading at our own risk. Headquartered in Chicago with offices throughout the U.S., Canada, Europe, and Asia, we trade a variety of asset classes including Fixed Income, ETFs, Equities, FX, Commodities and En…",https://www.adzuna.co.uk/jobs/details/5730283731?utm_medium=api&utm_source=c0698c3f,devops engineer,London
5789989876,DevOps Engineer,Solirius Reply,"London, UK","UK, London",47567.23,47567.23,1,,,IT Jobs,2026-07-06T16:39:46Z,"hackajob is collaborating with Solirius Reply to connect them with exceptional professionals for this role. Solirius Reply, part of the Reply Group, delivers technical consultancy and application delivery to our clients in order to solve real world problems and allow our clients to respond to an ever-changing technical landscape. We partner closely with our clients, embedding our consultants into their businesses in order to provide a bespoke service, allowing us to truly understand our clients…",https://www.adzuna.co.uk/jobs/land/ad/5789989876?se=DOIZkw6G8RGa14EqyXoy-w&utm_medium=api&utm_source=c0698c3f&v=17F9CA3D2B86B16708784BA253AB3004CF55C741,devops engineer,London
5731752208,DevOps Engineer,Atom Learning,"Fleet Street, Central London","UK, London, Central London, Fleet Street",57208.31,57208.31,1,,,IT Jobs,2026-05-16T21:46:12Z,"About Atom Learning We're Atom Learning and our mission is to help every child reach their potential. We use machine learning and a visually engaging tech platform to bring a fun, high-quality and personalised learning experience into every child's home. We combine exceptional teacher-made content with cutting-edge technology to provide fantastic affordable education to all learners globally, regardless of background. We're one of Europe's fastest-growing EdTech companies. Since 2018 we've grow…",https://www.adzuna.co.uk/jobs/details/5731752208?utm_medium=api&utm_source=c0698c3f,devops engineer,London
5763610274,DevOps Engineer,Sensor Tower,"London, UK","UK, London",52762.11,52762.11,1,,full_time,IT Jobs,2026-06-14T13:42:33Z,"Sensor Tower’s digital intelligence platform provides unparalleled insight into market trends, advertising, competitor’s strategies, and consumer/user audience across mobile, web, and gaming. Sensor Tower’s insights are trusted by more than 2,500 enterprises worldwide across tech, retail/commerce, entertainment/media, gaming, consumer packaged goods, finance, and investment. Who You Are You are a DevOps engineer with software development background who likes working on everything that helps to …",https://www.adzuna.co.uk/jobs/details/5763610274?utm_medium=api&utm_source=c0698c3f,devops engineer,London
5797955518,DevOps Engineer,Anduril,"London, UK","UK, London",44825.19,44825.19,1,,full_time,IT Jobs,2026-07-12T13:51:40Z,"ABOUT THE TEAM The Multinational Digital Infrastructure team is responsible for designing, deploying, and sustaining the sovereign and multinational systems that power Anduril’s global Maritime and AUKUS missions. As a DevOps Engineer, you will design and implement developer productivity tooling that enable Anduril to effectively operate sovereign programs in the U.K. and Australia, as well as expanding to other nations as Anduril’s global presence increases. You will work across engineering, s…",https://www.adzuna.co.uk/jobs/details/5797955518?utm_medium=api&utm_source=c0698c3f,devops engineer,London
5762592144,DevOps Engineer,Capstone Investment Advisors,"London, UK","UK, London",49968.93,49968.93,1,,,IT Jobs,2026-06-13T13:38:14Z,"We see the world differently at Capstone Investment Advisors. You will, too. Capstone Investment Advisors, LLC (“Capstone”) is a global asset manager, dedicated to exploring alpha opportunities in derivatives and complementary strategies that persist across market cycles. With approximately $12.5 billion of AUM (as of May 1, 2026) and 306 employees, Capstone is headquartered in New York with offices in London, Amsterdam, Stamford, Los Angeles, Boston, Tokyo, Milan, Texas, and Maryland. Since 20…",https://www.adzuna.co.uk/jobs/details/5762592144?utm_medium=api&utm_source=c0698c3f,devops engineer,London
5804709051,DevOps Engineer,DGH Recruitment Ltd,"Monument, Central London","UK, London, Central London, Monument",80000,100000,0,,full_time,IT Jobs,2026-07-17T10:45:43Z,"Salary: £80,000 - 100,000 per year Requirements: 5 years experience in Platform Engineering / DevOps Strong experience with AWS and cloud-native architectures Proven knowledge of CI/CD, automation, and DevOps best practices Experience with Kubernetes and containerisation technologies Strong programming skills, for example Python, Go, or Node.js Experience with observability tools, for example OpenTelemetry or Datadog Understanding of security, performance optimisation, and scalability Experienc…",https://www.adzuna.co.uk/jobs/details/5804709051?utm_medium=api&utm_source=c0698c3f,devops engineer,London
5329643900,DevOps Engineer,Pemberton Tech,"London, UK","UK, London",61111.04,61111.04,1,permanent,full_time,IT Jobs,2025-07-31T12:01:39Z,"You will drive a focus on efficient software development and deployment with increased speed and quality. You will bridge the often-present gap between Development and Operations through continuous integration, delivery, build, deployment, and feedback; all focused on creating a more seamless and coherent development & delivery process. You will work with implementing and designing the CI/CD setup in various tools, to automate, simplify and secure the delivery of source code to one or more give…",https://www.adzuna.co.uk/jobs/details/5329643900?utm_medium=api&utm_source=c0698c3f,devops engineer,London
5786750874,DevOps Engineer,NICE,"London, UK","UK, London",48694.65,48694.65,1,,,IT Jobs,2026-07-03T12:08:49Z,"At NiCE, we don’t limit our challenges. We challenge our limits. Always. We’re ambitious. We’re game changers. And we play to win. We set the highest standards and execute beyond them. And if you’re like us, we can offer you the ultimate career opportunity that will light a fire within you. So, what’s the role all about? We are looking for a Senior software engineer who is passionate about solving infrastructure challenges through software engineering and automation. In this role, you will desi…",https://www.adzuna.co.uk/jobs/details/5786750874?utm_medium=api&utm_source=c0698c3f,devops engineer,London
5804706933,DevOps Engineer,WHD,"Clapham Common, South West London","UK, London, South West London, Clapham Common",50000,62000,0,,full_time,IT Jobs,2026-07-17T10:45:35Z,"Salary: £50,000 - 62,000 per year Requirements: Familiarity with cloud platforms and core infrastructure concepts Basic experience with infrastructure as code, CI/CD, and containerisation Hands-on experience working with systems or infrastructure in real-world environments Understanding of how systems operate in production and how to contribute to reliability and deployment improvements Ability to learn from operational issues and continuously improve system performance Strong collaboration ski…",https://www.adzuna.co.uk/jobs/details/5804706933?utm_medium=api&utm_source=c0698c3f,devops engineer,London
5804708387,DevOps Engineer,Hays Technology,"St Paul's, Central London","UK, London, Central London, St Paul's",43750.17,43750.17,1,contract,,IT Jobs,2026-07-17T10:45:40Z,"Salary: £? - ? per year Requirements: We are looking for an experienced Senior, Senior or Principal DevOps/CloudOps professional. We need a subject-matter expert in DevOps, Cloud Management and FinOps. We need experience working in a cloud environment, specifically AWS. We need experience designing and building Infrastructure as Code frameworks, such as Terraform. We need experience building pipelines from scratch and continuously improving them, particularly using GitHub. We need experience wo…",https://www.adzuna.co.uk/jobs/details/5804708387?utm_medium=api&utm_source=c0698c3f,devops engineer,London
5810210897,Azure Devops Engineer,VIQU Limited,"Monument, Central London","UK, London, Central London, Monument",130000,156000,0,contract,,IT Jobs,2026-07-22T02:33:08Z,"Azure DevOps Engineer – SC Cleared Location: London- 2-3 days per week onsite Contract: 6 Months IR35: (Inside IR35) Security Clearance: Active SC Clearance is mandatory for this role. Candidates without active SC Clearance cannot be considered. We're looking for an experienced SC Cleared Azure DevOps Engineer to join a high-profile programme within a secure enterprise environment. This is an exciting opportunity to lead the design, deployment and management of an Enterprise Detection and Respo…",https://www.adzuna.co.uk/jobs/details/5810210897?utm_medium=api&utm_source=c0698c3f,devops engineer,London
5781145536,Senior DevOps Engineer,VIQU Limited,"Bishopsgate, Central London","UK, London, Central London, Bishopsgate",195000,221000,0,contract,,IT Jobs,2026-06-29T14:05:50Z,"Senior DevOps Engineer - SC Cleared - Hybrid London - Inside IR35 My client a large finance house seek to recruit an SC Cleared Senior DevOps Engineer, within this role you will support with the delivery, operation and improvement to my clients core finance system. Key Responsibilities to Include: * Support and maintain and develop core changes * Work with solution designers / teams * Work with solution designers to create product roadmaps and end-to-end architecture of the domain * Support & m…",https://www.adzuna.co.uk/jobs/details/5781145536?utm_medium=api&utm_source=c0698c3f,devops engineer,London
5784694381,Senior DevOps Engineer,Prism Digital,"London, UK","UK, London",80000,90000,0,permanent,full_time,IT Jobs,2026-07-02T01:55:03Z,"Senior DevOps Engineer | Kubernetes (K8s), AWS, Terraform | Fast-Growing Tech Scale-Up Salary: £80,000 - £90,000 discretionary bonus Location: London (hybrid, 2-3 days in the office) A profitable London tech scale-up of around 90 people is looking for a Senior DevOps Engineer to join a small, high-impact team supporting a platform used across 30-40 million devices in the US. Working with carriers and device manufacturers, they deliver personalised content and notifications at massive scale, pr…",https://www.adzuna.co.uk/jobs/details/5784694381?utm_medium=api&utm_source=c0698c3f,devops engineer,London
5789883578,Azure DevOps Engineer,VIQU Limited,"Bishopsgate, Central London","UK, London, Central London, Bishopsgate",117000,143000,0,contract,,IT Jobs,2026-07-06T13:09:14Z,"SC Cleared - Azure DevOps Engineer - London / Remote - Outside IR35 My client a leading government body seeks to recruit an advanced SC Cleared Azure DevOps Engineer who can hit the ground running you be able to demonstrate expertise in DevOps along with Terraform and strong awareness of Landing Zones. This is a hands-on technical role for an Advanced Azure Engineer who can demonstrate High Availability design - specifically around failover, load balancing strategies which are pointed directly …",https://www.adzuna.co.uk/jobs/details/5789883578?utm_medium=api&utm_source=c0698c3f,devops engineer,London
5809484044,Principal Machine Learning Engineer (Live Sports Insights),Sky,"Isleworth, West London","UK, London, West London, Isleworth",84184.73,84184.73,1,,full_time,IT Jobs,2026-07-21T16:29:27Z,"We believe in better. And we make it happen. Better content. Better products. And better careers. Working in Tech, Product or Data at Sky is about building the next and the new. From broadband to broadcast, streaming to mobile, SkyQ to Sky Glass, we never stand still. We optimise and innovate. We turn big ideas into the products, content and services millions of people love. And we do it all right here at Sky. Join us to rethink how sports are experienced. Our AI-driven platform powers immersiv…",https://www.adzuna.co.uk/jobs/land/ad/5809484044?se=Cug8lA6G8RGJg-uPs_L7lA&utm_medium=api&utm_source=c0698c3f&v=34CE15A61197D5C2623A4FA137A0E4C0D10A0808,machine learning engineer,London
5793826945,Machine Learning Engineer,Kingfisher,"London, UK","UK, London",59019.91,59019.91,1,,,IT Jobs,2026-07-09T07:46:51Z,"hackajob is collaborating with Kingfisher to connect them with exceptional professionals for this role. We’re Kingfisher, A team made up of over 74,000 passionate people who bring Kingfisher - and all our other brands: B&Q, Screwfix, Brico Depot, Castorama and Koctas to life. Guided by our purpose Better Homes. Better Lives. For Everyone. We believe a better world starts with better homes, and we work every day to make that a reality. Join us and help shape the future of home improvement. This …",https://www.adzuna.co.uk/jobs/land/ad/5793826945?se=Cug8lA6G8RGJg-uPs_L7lA&utm_medium=api&utm_source=c0698c3f&v=103D46AFF61AF19CD45ED16C49336FB66717667E,machine learning engineer,London
5806940200,Staff Machine Learning Engineer,Just Eat,"London, UK","UK, London",75930.56,75930.56,1,,,IT Jobs,2026-07-19T08:24:58Z,"hackajob is collaborating with Just Eat to connect them with exceptional professionals for this role. Ready for a challenge? Then Just Eat Takeaway.com might be the place for you. We’re a leading global online delivery platform, and our vision is to empower everyday convenience. Whether it’s a Friday-night feast, a post-gym poke bowl, or grabbing some groceries, our tech platform connects tens of millions of customers with hundreds of thousands of restaurant, grocery and convenience partners ac…",https://www.adzuna.co.uk/jobs/land/ad/5806940200?se=Cug8lA6G8RGJg-uPs_L7lA&utm_medium=api&utm_source=c0698c3f&v=B3FB40B8E113A1EEB5AA1B50B8DDEA25C17AB0B3,machine learning engineer,London
5811055378,Machine Learning Engineer (Mid-Snr),Deep.Meta,"London, UK","UK, London",58613.97,58613.97,1,permanent,full_time,IT Jobs,2026-07-22T16:54:51Z,"What are we looking for? A dynamic engineer that enjoys translating real-world challenges into machine learning problems and learning directly from the customer. You will have ownership of technology development and implementation across industrial sites, helping bridge machine learning, deployment, industrial operations, and product direction. This is a hybrid role combining hands-on technical contributions and occasional forward-deployed work at customer sites with scope for leadership and st…",https://www.adzuna.co.uk/jobs/details/5811055378?utm_medium=api&utm_source=c0698c3f,machine learning engineer,London
5789988666,Applied AI ML - Senior Associate - Machine Learning Engineer,J.P. Morgan,"London, UK","UK, London",83308.84,83308.84,1,,,IT Jobs,2026-07-06T16:39:34Z,"hackajob is collaborating with J.P. Morgan to connect them with exceptional professionals for this role. JOB DESCRIPTION Join a high performing team of applied AI experts to drive innovation and new capabilities in the Commercial & Investment Bank. As an Applied AI / ML Senior Associate Machine Learning Engineer in the Applied AI ML team at JPMorgan Commercial & Investment Bank, you will be at the forefront of combining cutting-edge AI techniques with the company's unique data assets to optimiz…",https://www.adzuna.co.uk/jobs/land/ad/5789988666?se=Cug8lA6G8RGJg-uPs_L7lA&utm_medium=api&utm_source=c0698c3f&v=5D84E09D18D9BE31690942CB33CD85DF7EF718CB,machine learning engineer,London
5793571691,Machine Learning Engineer,RedTech Recruitment Ltd.,"Farringdon, Central London","UK, London, Central London, Farringdon",55000,80000,0,permanent,full_time,IT Jobs,2026-07-09T03:01:32Z,"Machine Learning Engineer A fantastic opportunity for a Machine Learning Engineer to join a world-leading AI technology company developing cutting-edge software solutions. This is an ideal opportunity for an ML Engineer who has a strong academic background and experience working with LLM technologies. You will work alongside Software Engineers, Machine Learning specialists, and the wider tech team to deploy, integrate and optimise innovative machine learning models within highly advanced, real-…",https://www.adzuna.co.uk/jobs/details/5793571691?utm_medium=api&utm_source=c0698c3f,machine learning engineer,London
5805596078,Machine Learning Engineer,ASOS,"London, UK","UK, London",51578.52,51578.52,1,,,IT Jobs,2026-07-18T02:28:45Z,"Job Description We're looking for a Machine Learning Engineer to join our Search & Recommendations team , where we build the machine learning systems that help millions of customers discover products every day. From personalised recommendations and product ranking to emerging AI-powered styling experiences, our work sits at the heart of the customer journey and directly influences how customers explore and shop on ASOS. Our recommendation and ranking systems power experiences such as Similar It…",https://www.adzuna.co.uk/jobs/details/5805596078?utm_medium=api&utm_source=c0698c3f,machine learning engineer,London
5808714291,Machine Learning Engineer,SR2 REC LTD,"London, UK","UK, London",169000,182000,0,contract,full_time,IT Jobs,2026-07-21T02:35:07Z,"£650-700p/d | Outside IR35 | 6 Months | Hybrid We're supporting a well-funded London AI start-up that's building machine learning products to solve complex, real-world problems at scale. They're entering an exciting growth phase and are looking for an experienced Machine Learning Engineer to help shape the next generation of the platform. This is an opportunity to join a highly technical team where you'll have genuine ownership over production ML systems, working closely with software engineers…",https://www.adzuna.co.uk/jobs/details/5808714291?utm_medium=api&utm_source=c0698c3f,machine learning engineer,London
5805889338,Machine Learning Engineering & Applied AI ML Lead - Vice President,J.P. Morgan,"London, UK","UK, London",104749.7,104749.7,1,,,IT Jobs,2026-07-18T08:20:15Z,"hackajob is collaborating with J.P. Morgan to connect them with exceptional professionals for this role. JOB DESCRIPTION Join us in shaping the future of AI at JPMorganChase, where you can make a real impact by building autonomous agents that solve critical challenges. We value your expertise and encourage you to pioneer new approaches, bridging theory and practice while collaborating with talented teams across the globe to help define how AI transforms the world's largest bank. Experience care…",https://www.adzuna.co.uk/jobs/land/ad/5805889338?se=Cug8lA6G8RGJg-uPs_L7lA&utm_medium=api&utm_source=c0698c3f&v=39DD7C9B518266C59737144F298C01924266E148,machine learning engineer,London
5540936934,Machine Learning Engineer,G-Research,"London, UK","UK, London",92870.38,92870.38,1,,full_time,IT Jobs,2025-12-13T12:56:50Z,"We tackle the most complex problems in quantitative finance, by bringing scientific clarity to financial complexity. From our London HQ, we unite world-class researchers and engineers in an environment that values deep exploration and methodical execution - because the best ideas take time to evolve. Together we’re building a world-class platform to amplify our teams’ most powerful ideas. As part of our engineering team, you’ll shape the platforms and tools that drive high-impact research - des…",https://www.adzuna.co.uk/jobs/land/ad/5540936934?se=Cug8lA6G8RGJg-uPs_L7lA&utm_medium=api&utm_source=c0698c3f&v=7C26A5AEB84A2E15D1D537373DE4DEA95C65AB64,machine learning engineer,London
5011395406,Machine Learning Engineer,G-Research,"London, UK","UK, London",59696.37,59696.37,1,,full_time,IT Jobs,2025-01-15T12:41:19Z,"We tackle the most complex problems in quantitative finance, by bringing scientific clarity to financial complexity. From our London HQ, we unite world-class researchers and engineers in an environment that values deep exploration and methodical execution - because the best ideas take time to evolve. Together we’re building a world-class platform to amplify our teams’ most powerful ideas. As part of our engineering team, you’ll shape the platforms and tools that drive high-impact research - des…",https://www.adzuna.co.uk/jobs/land/ad/5011395406?se=Cug8lA6G8RGJg-uPs_L7lA&utm_medium=api&utm_source=c0698c3f&v=A8F69B599A403C951EA00DE25DFE1F11740D4B78,machine learning engineer,London
5749243663,Machine Learning Engineer,Platform Recruitment,"Farringdon, Central London","UK, London, Central London, Farringdon",60000,70000,0,,full_time,IT Jobs,2026-06-02T14:36:13Z,"Job Title: Machine Learning Engineer Location: London Salary: Up to £70,000 DOE This is a unique opportunity for a Machine Learning Engineer to join a well-funded early-stage company building frontier AI systems focused on optimising complex operational environments. Working at the intersection of scientific machine learning, time-series modelling, optimisation, and real-world deployment, you will help shape products designed for measurable real-world impact. This is a hands-on engineering role…",https://www.adzuna.co.uk/jobs/land/ad/5749243663?se=Cug8lA6G8RGJg-uPs_L7lA&utm_medium=api&utm_source=c0698c3f&v=3B5B8DAA8A385676FD461476646D18E8FFF17D4A,machine learning engineer,London
5796653257,Machine Learning Engineer,RedTech Recruitment Ltd,"The City, Central London","UK, London, Central London, The City",75000,75000,0,,,IT Jobs,2026-07-11T08:38:14Z,"Machine Learning Engineer A fantastic opportunity for a Machine Learning Engineer to join a world-leading AI technology company developing cutting-edge software solutions. This is an ideal opportunity for an ML Engineer who has a strong academic background and experience working with LLM technologies. You will work alongside Software Engineers, Machine Learning specialists, and the wider tech team to deploy, integrate and optimise innovative machine learning models within highly advanced, real-…",https://www.adzuna.co.uk/jobs/details/5796653257?utm_medium=api&utm_source=c0698c3f,machine learning engineer,London
5759393517,Machine Learning Engineer,Sanderson Recruitment,"London, UK","UK, London",182000,195000,0,contract,,IT Jobs,2026-06-11T03:57:40Z,"Machine Learning Engineer £700-750/day overall assignment rate to umbrella Remote working - once a month onsite 6-month initial contract Working with a financial services client who are looking for a Machine Learning Engineer to design, build and deploy advanced analytical solutions that drive business value. This role is ideal for someone who combines strong statistical and machine learning expertise with hands-on experience productionising models and building scalable ML systems. Machine Lear…",https://www.adzuna.co.uk/jobs/details/5759393517?utm_medium=api&utm_source=c0698c3f,machine learning engineer,London
5764592112,Machine Learning Engineer,Your Tech Future,"South West London, London","UK, London, South West London",100000,100000,0,,,IT Jobs,2026-06-15T21:22:26Z,"Machine Learning Engineer £75k-£100k DOE | UK Remote About the Role We are seeking an experienced Machine Learning Engineer to develop, train and optimise advanced computer vision and machine learning systems for deployment in constrained edge environments. This role is ideal for someone who combines strong machine learning expertise with excellent software engineering capability and enjoys solving difficult performance, optimisation and deployment challenges. You will work on cutting-edge comp…",https://www.adzuna.co.uk/jobs/details/5764592112?utm_medium=api&utm_source=c0698c3f,machine learning engineer,London
5795605931,Machine Learning Engineer,Trainline,"London, UK","UK, London",78465.66,78465.66,1,,full_time,IT Jobs,2026-07-10T13:28:49Z,"About us We are champions of rail, inspired to build a greener, more sustainable future of travel. Trainline enables millions of travellers to find and book the best value tickets across carriers, fares, and journey options through our highly rated mobile app, website, and B2B partner channels. Great journeys start with Trainline Now Europe’s number 1 downloaded rail app, with over 135 million monthly visits and £6.3 billion in annual ticket sales, we collaborate with 270 rail and coach compan…",https://www.adzuna.co.uk/jobs/details/5795605931?utm_medium=api&utm_source=c0698c3f,machine learning engineer,London
5722147703,Machine Learning Engineer,BeyondMath,"London, UK","UK, London",74071.4,74071.4,1,,full_time,Engineering Jobs,2026-05-07T22:00:02Z,"Machine Learning Engineer BeyondMath is a pioneering startup, backed by top-tier VCs, on a mission to reshape the frontiers of engineering through Foundational AI models for Physics. We are replacing traditional, slow and expensive simulation methods with AI that rivals accuracy at orders of magnitude higher speed. We are moving beyond the ""generic AI"" hype to solve the world’s hardest physical engineering challenges in automotive, aerospace, and energy. The Role As a Machine Learning Engineer,…",https://www.adzuna.co.uk/jobs/details/5722147703?utm_medium=api&utm_source=c0698c3f,machine learning engineer,London
5671805506,Machine Learning Engineer,Datatonic,"London, UK","UK, London",62826.18,62826.18,1,,full_time,IT Jobs,2026-03-19T10:19:47Z,"Shape the Future of AI & Data with Us At Datatonic, we are Google Cloud's premier partner in AI, driving transformation for world-class businesses. We push the boundaries of technology with expertise in machine learning, data engineering, and analytics on Google Cloud. By partnering with us, clients future-proof their operations, unlock actionable insights, and stay ahead of the curve in a rapidly evolving world. Your Mission As a Machine Learning Engineer, you'll know how to engineer beautiful…",https://www.adzuna.co.uk/jobs/details/5671805506?utm_medium=api&utm_source=c0698c3f,machine learning engineer,London
5716222485,Machine Learning Engineer,Deliveroo,"The City, Central London","UK, London, Central London, The City",60886.66,60886.66,1,,full_time,Engineering Jobs,2026-05-01T21:57:47Z,"Machine Learning Engineer Join us in our mission to transform the way people shop and eat, where impact, innovation and growth drive everything we do. Our Engineering teams tackle complex technical challenges across a global, three-sided marketplace, building and scaling systems that serve millions of customers, riders and partners every day. From real-time logistics to resilient infrastructure and marketplace optimisation, we design, build and operate technology that powers Deliveroo’s growth …",https://www.adzuna.co.uk/jobs/details/5716222485?utm_medium=api&utm_source=c0698c3f,machine learning engineer,London
5770809603,Machine Learning Engineer,Compare the Market,"London, UK","UK, London",72500.87,72500.87,1,,full_time,IT Jobs,2026-06-20T16:32:50Z,"Description Machine Learning Engineer Function: Data & AI Solutions Location: Hybrid, London office Curious about what’s next? So are we. Join Compare the Market and help to make financial decision making a breeze for millions. We’ve carved a meerkat-shaped niche and we’re looking for ambitious, curious thinkers who thrive in a fast-moving, high-impact environment. If you love accountability, embrace challenge, and want to make a real difference, you’ll fit right in. We’d love you to be part of…",https://www.adzuna.co.uk/jobs/details/5770809603?utm_medium=api&utm_source=c0698c3f,machine learning engineer,London
5722112991,Machine Learning Engineer,ClaimSorted,"London, UK","UK, London",90000,165000,0,,full_time,Engineering Jobs,2026-05-07T21:49:05Z,"Machine Learning Engineer About Us ClaimSorted helps insurers outsource claims end to end – a service called Third-Party Administration (TPA), a ~$200B industry. We combine a strong in-house claims team with our AI-enabled platform to deliver up to 3× faster claims, better service, and better economics for insurers. Backed by Y Combinator, Atomico, and Eurazeo, we’ve raised $15M and already manage claims for over $100M in insurance premium across 30 MGAs, including more than five publicly trade…",https://www.adzuna.co.uk/jobs/details/5722112991?utm_medium=api&utm_source=c0698c3f,machine learning engineer,London
5653652509,Machine Learning Engineer,Almedia,"London, UK","UK, London",130000,230000,0,,full_time,IT Jobs,2026-03-04T12:52:20Z,This isn’t your regular job. Almedia is a place where those who want to push harder can accelerate their careers faster than anywhere else. We’re aiming to become Germany’s second bootstrapped unicorn. Almedia is already Europe’s 3 fastest-growing company in 2025 (FT1000). We are building the future of marketing by rewarding our community of over 70 million users for engaging with our advertisers’ products. We are offering a new way to acquire users for the biggest companies in the world. Machi…,https://www.adzuna.co.uk/jobs/details/5653652509?utm_medium=api&utm_source=c0698c3f,machine learning engineer,London
5740487526,Machine Learning Engineer,G-Research,"London, UK","UK, London",55714.02,55714.02,1,,full_time,IT Jobs,2026-05-25T15:19:03Z,"We tackle the most complex problems in quantitative finance, by bringing scientific clarity to financial complexity. From our London HQ, we unite world-class researchers and engineers in an environment that values deep exploration and methodical execution - because the best ideas take time to evolve. Together we’re building a world-class platform to amplify our teams’ most powerful ideas. As part of our engineering team, you’ll shape the platforms and tools that drive high-impact research - des…",https://www.adzuna.co.uk/jobs/details/5740487526?utm_medium=api&utm_source=c0698c3f,machine learning engineer,London
5810687243,Machine Learning Engineer,IMC,"London, UK","UK, London",108263.8,108263.8,1,,,IT Jobs,2026-07-22T10:43:17Z,"As a Machine Learning Engineer, you will play a pivotal role in building systems that drive the training and deployment of large-scale ML models across our global operations. You'll collaborate with leading researchers, hardware experts, and software engineers to build robust solutions that maximize the potential of GPU acceleration, distributed computing, and the latest open-source tools. Your work will influence our trading strategies by accelerating experimentation cycles that foster continu…",https://www.adzuna.co.uk/jobs/details/5810687243?utm_medium=api&utm_source=c0698c3f,machine learning engineer,London
5771797715,Machine Learning Engineer,Gigaton,"London, UK","UK, London",60739.29,60739.29,1,,full_time,IT Jobs,2026-06-21T16:39:34Z,"At Gigaton, we’re on a mission to cut gigatonnes of carbon emissions from the world’s biggest emitting industries (like cement, steel and glass), by building autonomous AI control and optimisation systems that learn and leverage the physics of manufacturing. Our products run heavy industrial plants more efficiently, more stably, and with lower emissions in real time - laying the foundation for the next industrial revolution. We are a team of scientists, engineers, builders, and operators who lo…",https://www.adzuna.co.uk/jobs/details/5771797715?utm_medium=api&utm_source=c0698c3f,machine learning engineer,London
5740487513,Machine Learning Engineer,G-Research,"London, UK","UK, London",88104.44,88104.44,1,,full_time,IT Jobs,2026-05-25T15:18:56Z,"We tackle the most complex problems in quantitative finance, by bringing scientific clarity to financial complexity. From our London HQ, we unite world-class researchers and engineers in an environment that values deep exploration and methodical execution - because the best ideas take time to evolve. Together we’re building a world-class platform to amplify our teams’ most powerful ideas. As part of our engineering team, you’ll shape the platforms and tools that drive high-impact research - des…",https://www.adzuna.co.uk/jobs/details/5740487513?utm_medium=api&utm_source=c0698c3f,machine learning engineer,London
5590334435,Machine Learning Engineer,Stint,"London, UK","UK, London",50000,200000,0,,full_time,IT Jobs,2026-01-18T09:41:34Z,"At Stint, our machine learning engineers sit at the centre of how intelligence reaches the real world. You’ll work shoulder-to-shoulder with data scientists, researchers, and engineers to build models, architect data systems, and power decisions across thousands of hospitality sites. One day you might be building a demand forecasting model; the next you’re shaping data pipelines, deploying models into production, or tuning performance in a high-traffic environment. Your work will drive real-tim…",https://www.adzuna.co.uk/jobs/details/5590334435?utm_medium=api&utm_source=c0698c3f,machine learning engineer,London
5644865866,Machine Learning Engineer,Faculty AI,"London, UK","UK, London",54826.93,54826.93,1,,full_time,IT Jobs,2026-02-25T15:02:49Z,"Why Faculty? We established Faculty in 2014 because we thought that AI would be the most important technology of our time. Since then, we’ve worked with over 350 global customers to transform their performance through human-centric AI. You can read about our real-world impact here . We don’t chase hype cycles. We innovate, build and deploy responsible AI which moves the needle - and we know a thing or two about doing it well. We bring an unparalleled depth of technical, product and delivery exp…",https://www.adzuna.co.uk/jobs/details/5644865866?utm_medium=api&utm_source=c0698c3f,machine learning engineer,London
5722144416,Machine Learning Engineer,Orbital,"Lea Bridge, East London","UK, London, East London, Lea Bridge",56710.3,56710.3,1,,full_time,Engineering Jobs,2026-05-07T21:57:16Z,Orbital is an AI-first industrial company building hardware from the atoms up. Our goal is to lead an industrial renaissance to advance critical technologies and secure our planet for generations to come. We’re starting with critical hardware for AI data centers to make them more performant and sustainable. Every Orbital product is invented with our AI platform — uniting AI-automated hardware engineering with AI-designed material science to achieve breakthrough real-world performance. We have a…,https://www.adzuna.co.uk/jobs/details/5722144416?utm_medium=api&utm_source=c0698c3f,machine learning engineer,London
5674169124,Machine Learning Engineer,Faculty AI,"London, UK","UK, London",56691.59,56691.59,1,,full_time,IT Jobs,2026-03-21T10:21:26Z,"Why Faculty? We established Faculty in 2014 because we thought that AI would be the most important technology of our time. Since then, we’ve worked with over 350 global customers to transform their performance through human-centric AI. You can read about our real-world impact here . We don’t chase hype cycles. We innovate, build and deploy responsible AI which moves the needle - and we know a thing or two about doing it well. We bring an unparalleled depth of technical, product and delivery exp…",https://www.adzuna.co.uk/jobs/details/5674169124?utm_medium=api&utm_source=c0698c3f,machine learning engineer,London
5774974827,Machine learning Engineer,Faculty AI,"London, UK","UK, London",52842.47,52842.47,1,,full_time,IT Jobs,2026-06-24T16:34:14Z,"Why Faculty? We established Faculty in 2014 because we thought that AI would be the most important technology of our time. Since then, we’ve worked with over 350 global customers to transform their performance through human-centric AI. You can read about our real-world impact here . We don’t chase hype cycles. We innovate, build and deploy responsible AI which moves the needle - and we know a thing or two about doing it well. We bring an unparalleled depth of technical, product and delivery exp…",https://www.adzuna.co.uk/jobs/details/5774974827?utm_medium=api&utm_source=c0698c3f,machine learning engineer,London
5797954603,Machine Learning Engineer,Faculty AI,"London, UK","UK, London",51902.46,51902.46,1,,full_time,IT Jobs,2026-07-12T13:51:00Z,"Why Faculty? We established Faculty in 2014 because we thought that AI would be the most important technology of our time. Since then, we’ve worked with over 350 global customers to transform their performance through human-centric AI. You can read about our real-world impact here . We don’t chase hype cycles. We innovate, build and deploy responsible AI which moves the needle - and we know a thing or two about doing it well. We bring an unparalleled depth of technical, product and delivery exp…",https://www.adzuna.co.uk/jobs/details/5797954603?utm_medium=api&utm_source=c0698c3f,machine learning engineer,London
5763607862,Machine Learning Engineer,Faculty AI,"London, UK","UK, London",56531.68,56531.68,1,,full_time,IT Jobs,2026-06-14T13:37:48Z,"Why Faculty? We established Faculty in 2014 because we thought that AI would be the most important technology of our time. Since then, we’ve worked with over 350 global customers to transform their performance through human-centric AI. You can read about our real-world impact here . We don’t chase hype cycles. We innovate, build and deploy responsible AI which moves the needle - and we know a thing or two about doing it well. We bring an unparalleled depth of technical, product and delivery exp…",https://www.adzuna.co.uk/jobs/details/5763607862?utm_medium=api&utm_source=c0698c3f,machine learning engineer,London
5794552811,Machine Learning Engineer,SMG,"Oxford Circus, Central London","UK, London, Central London, Oxford Circus",74850.6,74850.6,1,,,Engineering Jobs,2026-07-09T22:36:25Z,"Location: Mainly remote - with minimum once a month travel to our London office Reporting to: Lead Data Engineer Who are we? We’re the original pioneers in connected commerce marketing. Since 2008, we’ve been partnering with major retailers, powering global brands, and building meaningful connections with shoppers. We simplify the mind-boggling complexity of today’s retail media landscape. We deliver impactful campaigns that connect with people where it matters. We create seamless and personali…",https://www.adzuna.co.uk/jobs/details/5794552811?utm_medium=api&utm_source=c0698c3f,machine learning engineer,London
5755551256,Machine Learning Engineer,Faculty AI,"London, UK","UK, London",52792.31,52792.31,1,,full_time,IT Jobs,2026-06-07T16:59:58Z,"Why Faculty? We established Faculty in 2014 because we thought that AI would be the most important technology of our time. Since then, we’ve worked with over 350 global customers to transform their performance through human-centric AI. You can read about our real-world impact here . We don’t chase hype cycles. We innovate, build and deploy responsible AI which moves the needle - and we know a thing or two about doing it well. We bring an unparalleled depth of technical, product and delivery exp…",https://www.adzuna.co.uk/jobs/details/5755551256?utm_medium=api&utm_source=c0698c3f,machine learning engineer,London
5575617341,Machine Learning Engineer,Waymo,"London, UK","UK, London",120000,130000,0,,full_time,IT Jobs,2026-01-09T09:29:21Z,"Waymo is an autonomous driving technology company with the mission to be the world's most trusted driver. Since its start as the Google Self-Driving Car Project in 2009, Waymo has focused on building the Waymo Driver—The World's Most Experienced Driver™—to improve access to mobility while saving thousands of lives now lost to traffic crashes. The Waymo Driver powers Waymo’s fully autonomous ride-hail service and can also be applied to a range of vehicle platforms and product use cases. The Waym…",https://www.adzuna.co.uk/jobs/details/5575617341?utm_medium=api&utm_source=c0698c3f,machine learning engineer,London
5804856932,Machine Learning Engineer,Augur Initiative,"London, UK","UK, London",46714.33,46714.33,1,,full_time,Engineering Jobs,2026-07-17T13:45:23Z,"About Augur Augur transforms legacy sensor systems into real-time operational intelligence. We help organisations act before threats escalate – not after damage is done. Everything we build is privacy-first by design. Our platform connects to existing cameras and sensors to detect threats, retrace events, and surface real-time insights – all without replacing a single device. Augur helps teams reduce risk, cut costs, and grow revenue through better visibility, faster decisions, and fewer blind …",https://www.adzuna.co.uk/jobs/details/5804856932?utm_medium=api&utm_source=c0698c3f,machine learning engineer,London
5738774465,Machine Learning Engineer,Graham Capital Management,"London, UK","UK, London",48762.96,48762.96,1,,,IT Jobs,2026-05-23T13:24:09Z,"Graham Capital Management, L.P. (collectively with its affiliates, ""Graham"") is an alternative investment manager founded in 1994 by Kenneth G. Tropin. Specializing in discretionary and quantitative macro strategies, Graham is dedicated to delivering strong, uncorrelated returns across a wide range of market environments. As one of the industry’s longest-standing global macro and trend-following managers, Graham remains committed to innovation, evolving its strategies through a robust investmen…",https://www.adzuna.co.uk/jobs/details/5738774465?utm_medium=api&utm_source=c0698c3f,machine learning engineer,London
5805596092,Senior Machine Learning Engineer,ASOS,"London, UK","UK, London",51840.48,51840.48,1,,,IT Jobs,2026-07-18T02:28:46Z,"Job Description We're looking for a Senior Machine Learning Engineer to join our cross-functional Outfits Discovery team, where we're building the next generation of AI-powered fashion experiences at ASOS. Our mission is to help millions of customers discover complete outfits that reflect their personal style, preferences and the latest fashion trends. We develop large-scale machine learning systems that power personalised outfit recommendations, style discovery and intelligent product experien…",https://www.adzuna.co.uk/jobs/details/5805596092?utm_medium=api&utm_source=c0698c3f,machine learning engineer,London
5569812900,Senior Machine Learning Engineer,G MASS,"London, UK","UK, London",62577.37,62577.37,1,contract,,IT Jobs,2026-01-06T15:09:28Z,"G MASS Consulting are supporting a leading Audit and Advisory business. We’re looking for a Machine Learning Engineer to shape and scale their pricing technology. In this role, you’ll design and own ML platforms that streamline pricing workflows, support rapid model deployment, and ensure models perform reliably at scale. Partnering with Data Science, Actuarial, and Product teams. Responsibilities: Build and support ML lifecycle tooling for model deployment, monitoring, and alerting Maintain an…",https://www.adzuna.co.uk/jobs/details/5569812900?utm_medium=api&utm_source=c0698c3f,machine learning engineer,London
5785408792,Senior Machine Learning Engineer,Hometrack,"London, UK","UK, London",60930.81,60930.81,1,,full_time,IT Jobs,2026-07-02T12:52:47Z,"Hometrack is redefining the mortgage journey for lenders, brokers, and consumers by delivering market-leading valuation and property data services to the financial, property, and technology industries. Our key commercial and go-to-market segment is in financial services, primarily mortgage lenders, including nine of the top 10 mortgage providers. At Hometrack, we are looking for an experienced Senior Machine Learning Engineer, to translate POC model code from data science and analytics into rob…",https://www.adzuna.co.uk/jobs/details/5785408792?utm_medium=api&utm_source=c0698c3f,machine learning engineer,London
5544610485,Senior Machine Learning Engineer,Longshot Systems Ltd,"London, UK","UK, London",73978.28,73978.28,1,,full_time,IT Jobs,2025-12-16T19:14:16Z,"At Longshot Systems we build advanced platforms for sports betting analytics and trading. We're hiring Machine Learning Engineers across our core ML engineering and horse racing teams. You'd be designing, building and productionising ML pipelines, tooling, visualisation, frameworks and data engineering workflows to support strategy research, analysis and development, working closely with our quantitative research teams to turn prototype trading models into production-ready systems. You'd also h…",https://www.adzuna.co.uk/jobs/details/5544610485?utm_medium=api&utm_source=c0698c3f,machine learning engineer,London
5786994018,Senior Machine Learning Engineer,Alto,"Tower Bridge, East London","UK, London, East London, Tower Bridge",86065.8,86065.8,1,,full_time,Engineering Jobs,2026-07-03T17:17:57Z,"Alto Software Group is a B2B SaaS company that powers more than half of all UK housing transactions each year. We create software solutions that connect businesses and consumers, delivering a one-stop shop for estate agents and home builders. Our goal is to drive efficiency, speed up transactions, reduce risk, and improve the end-customer experience. While we're not a start-up, we have a start-up mindset and want our people to operate with this mindset so that we can achieve our ambitions. The …",https://www.adzuna.co.uk/jobs/details/5786994018?utm_medium=api&utm_source=c0698c3f,machine learning engineer,London
5787071823,Senior Machine Learning Engineer,Lorien,"London, UK","UK, London",71055.66,71055.66,1,,,IT Jobs,2026-07-03T21:40:35Z,"Senior Machine Learning Engineer Applying rigorous machine learning to real-world problems that matter We're looking for a Senior Machine Learning Engineer to join a multidisciplinary data and AI team delivering high-impact, real-world solutions in a secure and highly regulated environment . This is a senior, hands-on practitioner role , not a people-management position. You'll operate with a high degree of autonomy, leading complex machine learning work end-to-end through technical depth, soun…",https://www.adzuna.co.uk/jobs/land/ad/5787071823?se=Cug8lA6G8RGJg-uPs_L7lA&utm_medium=api&utm_source=c0698c3f&v=56D8881ED414A574EA6C6064F3851B27489F2BC9,machine learning engineer,London
5783724969,Senior Machine Learning Engineer,Guidant Global,"The City, Central London","UK, London, Central London, The City",182000,234000,0,contract,,IT Jobs,2026-07-01T14:14:30Z,"Working Environment You will operate with a high degree of autonomy, owning work end-to-end and engaging closely with both technical and non-technical stakeholders. Delivery is supported by a strong technical assurance and review culture, encouraging challenge, learning and high standards. You will work within security, compliance and governance constraints where quality and judgement matter as much as pace. What You'll Be Doing Lead end-to-end delivery of machine learning solutions, from probl…",https://www.adzuna.co.uk/jobs/land/ad/5783724969?se=Cug8lA6G8RGJg-uPs_L7lA&utm_medium=api&utm_source=c0698c3f&v=462792EB9E16F307697170AA094DC8165B1E13DF,machine learning engineer,London
5803525249,AI & Machine Learning Engineer,Tenth Revolution Group,"London, UK","UK, London",45000,75000,0,permanent,full_time,IT Jobs,2026-07-16T19:25:04Z,"AI & Machine Learning Engineer - Multiple Levels Available London (Hybrid) - Python, SQL, TensorFlow, PyTorch - Azure, AWS & GCP - Up to £75,000 Our client is investing heavily in Artificial Intelligence and Machine Learning capabilities and is seeking talented AI professionals to join a growing technology team in London. This is an opportunity to work on cutting-edge AI solutions, develop enterprise-scale machine learning applications and collaborate with highly skilled technical professionals…",https://www.adzuna.co.uk/jobs/land/ad/5803525249?se=Cug8lA6G8RGJg-uPs_L7lA&utm_medium=api&utm_source=c0698c3f&v=DED1D71C8546CCC7FD2A19A748393AC624339338,machine learning engineer,London
5785364800,Senior Machine Learning Engineer,Global Media Group,"Holborn, Central London","UK, London, Central London, Holborn",94985.92,94985.92,1,,full_time,IT Jobs,2026-07-02T12:34:07Z,"Accepting applications until: 31 July 2026 Job Description Your New Role: Senior Machine Learning Engineer Global’s central Data Science function is recruiting a Senior Machine Learning Engineer to work across the full breadth of our data and product portfolio. As a Senior Machine Learning Engineer at Global, you’ll be the engineering bridge between data science and production—taking models built by our data scientists and making them robust, scalable and maintainable across audience targeting,…",https://www.adzuna.co.uk/jobs/details/5785364800?utm_medium=api&utm_source=c0698c3f,machine learning engineer,London
5745451287,Senior Machine Learning Engineer,Global Media Group,"Holborn, Central London","UK, London, Central London, Holborn",92902.62,92902.62,1,,full_time,Engineering Jobs,2026-05-30T10:23:47Z,"Accepting applications until: 31 July 2026 Job Description Your New Role : Senior Machine Learning Engineer Global’s Data team is looking for a Senior Machine Learning Engineer to build, deploy and scale machine learning solutions—turning data science ideas into robust, production-grade products. As a Senior Machine Learning Engineer at Global, you’ll support use cases across DAX, our digital ad exchange—such as the cross-device audience identity graph and real-time targeting algorithms. You’ll…",https://www.adzuna.co.uk/jobs/details/5745451287?utm_medium=api&utm_source=c0698c3f,machine learning engineer,London
5764592404,Junior Machine Learning Engineer,Your Tech Future,"London, UK","UK, London",60000,60000,0,,,IT Jobs,2026-06-15T21:23:30Z,"Junior Machine Learning Engineer £45,000 - £60,000 DOE | UK Remote About the Role We are looking for an ambitious Junior Machine Learning Engineer to join a highly technical team developing advanced computer vision and machine learning solutions. This is an excellent opportunity for someone early in their career to work alongside experienced engineers on projects spanning computer vision, object detection, tracking, synthetic data generation and AI deployment. You will gain exposure to the full…",https://www.adzuna.co.uk/jobs/details/5764592404?utm_medium=api&utm_source=c0698c3f,machine learning engineer,London
5799954769,Machine Learning Engineer - Fulfillment,Jd.Com International Uk,"London, UK","UK, London",51044.11,51044.11,1,,full_time,Engineering Jobs,2026-07-14T13:42:28Z,"Who We Are At JD.com, also known as JINGDONG, we are building one of the world’s most trusted technology and supply chain ecosystems. What started as a bold idea in China has evolved into a NASDAQ-listed, Fortune 44 global enterprise serving over 700 million active customers. Powered by advanced logistics, innovative technology, and a commitment to integrity, JD.com operates across retail, logistics, technology, property and more, creating solutions that make everyday life smarter, faster, and …",https://www.adzuna.co.uk/jobs/details/5799954769?utm_medium=api&utm_source=c0698c3f,machine learning engineer,London
5801947289,Backend Developer,First Choice Staff,"Feltham, London","UK, London, Feltham",40000,40000,0,,,IT Jobs,2026-07-16T00:39:01Z,"Backend Developer Location: Heathrow Hours: 9am-5:30pm Salary: £30,000 - £40,000 Job Overview The Digital Promotion (Backend) Developer is based at Head Office, London Heathrow, and reports directly to the Digital Promotion Manager. The role is responsible for the design, development, and maintenance of software solutions that support the company's digital operations and internal business systems. Working closely with the IT Analyst and business stakeholders, the Developer builds reliable, scal…",https://www.adzuna.co.uk/jobs/details/5801947289?utm_medium=api&utm_source=c0698c3f,backend developer,London
4802487353,Backend Developer,Research Central,"London, UK","UK, London",56930.57,56930.57,1,,full_time,IT Jobs,2024-07-31T15:00:17Z,"About the role We are currently looking for an experienced Backend Developer who has the capability, know-how and wherewithal to help drive forward the company's technical vision whilst remaining very hands on. This is an exceptional opportunity to join a young mobile & web product team. You'll be responsible for designing, implementing and deploying new and existing applications and products for Research Central. You'll be working with a world-class team of engineers who are passionate about w…",https://www.adzuna.co.uk/jobs/details/4802487353?utm_medium=api&utm_source=c0698c3f,backend developer,London
5804125445,Senior Backend Developer,Rullion,"Farringdon, Central London","UK, London, Central London, Farringdon",69567.78,69567.78,1,contract,full_time,Engineering Jobs,2026-07-17T02:29:50Z,"Senior Backend Developer Full-time Inside IR35 Hybrid 1 office day London Farringdon office address: 47-53 Charterhouse St, London, EC1M 6PB Join a dynamic energy provider dedicated to sustainable solutions in the UK. We seek enthusiastic and resourceful Backend Python Engineers at senior levels who are passionate about crafting exceptional products. I nitially it will be a three -month contract but there is potential for it to be extended. The role is Hybrid, with one day a week being based in…",https://www.adzuna.co.uk/jobs/details/5804125445?utm_medium=api&utm_source=c0698c3f,backend developer,London
5490689067,Python Backend Developer,Mustard Systems,"London, UK","UK, London",75204.35,75204.35,1,,full_time,IT Jobs,2025-11-11T12:51:55Z,"At Mustard Systems, we leverage statistical modeling to dive into sports events and help us make informed predictions about future outcomes. By utilising our unique datasets, advanced statistical models, and custom-built software, we strive to accurately forecast sports results. We value quick delivery and real-world impact over perfect code. If you’re an engineer who thrives on solving problems quickly and enjoys a flexible, outcome-focused culture, you’ll fit right in. What You’ll Work On: Ex…",https://www.adzuna.co.uk/jobs/details/5490689067?utm_medium=api&utm_source=c0698c3f,backend developer,London
5790065886,Senior Backend Developer,Yapily,"London, UK","UK, London",68946.14,68946.14,1,,full_time,IT Jobs,2026-07-06T18:51:50Z,"Who are Yapily Why we exist, and where we’re headed: Our Mission: Redefining how the world interacts with value. Our Vision: A world without financial friction Our Purpose: To empower everyone to access and move value At Yapily, we’re building a powerful, scalable, and secure open banking infrastructure that redefines how the world interacts with value. Our open banking platform powers leading companies, such as Adyen, Intuit QuickBooks, and Google. By delivering payment initiation, bank data a…",https://www.adzuna.co.uk/jobs/details/5790065886?utm_medium=api&utm_source=c0698c3f,backend developer,London
5808321004,Backend Developer (API),INSIGHT INTERNATIONAL  Limited,"London, UK","UK, London",58043.91,58043.91,1,,,IT Jobs,2026-07-20T18:57:09Z,"Job Summary (List Format): - Support the delivery of secure enterprise applications, API-driven services, and governed operational workflows. - Contribute to platforms managing sensitive business information and integrating with enterprise services. - Ensure solutions support auditing requirements and provide intuitive user experiences. - Collaborate with architects, product owners, support, and engineering teams, especially within regulated environments. - Work on solutions involving enterpris…",https://www.adzuna.co.uk/jobs/details/5808321004?utm_medium=api&utm_source=c0698c3f,backend developer,London
5794371241,Backend Developer - Python,Xact Placements Ltd,"Farringdon, Central London","UK, London, Central London, Farringdon",60000,65000,0,,full_time,IT Jobs,2026-07-09T18:58:50Z,"Backend Python Developer (Azure AI) Location: Remote / Hybrid Type: Full-time Our client is a fast-growing consulting business building an AI-driven platform on native Microsoft Azure services. They are looking for a strong Backend Python Developer to join their team and play a key role in delivering scalable, AI-first solutions used for business automation, workflows, and intelligent agents. This is an opportunity to work in a lean, high-impact environment where speed, quality, and innovation …",https://www.adzuna.co.uk/jobs/land/ad/5794371241?se=kvlRlQ6G8RGJg-uPs_L7lA&utm_medium=api&utm_source=c0698c3f&v=97E4B619741AF7F476A924921C0F8761B73C8694,backend developer,London
5810897379,C# backend Developer,McGregor Boyall,"London, UK","UK, London",78632.62,78632.62,1,permanent,full_time,IT Jobs,2026-07-22T14:23:00Z,"Senior Back End Engineer C# / Java | Front Office Trading | AWS | Distributed Systems Location: London Hybrid: 3 days in the office We're partnering with one of the world's leading financial markets technology firms as they continue investing heavily in their electronic trading platforms. This is an opportunity to work directly with traders, architects and principal engineers building business critical trading systems that process high volumes of transactions in real time. Although the team pri…",https://www.adzuna.co.uk/jobs/land/ad/5810897379?se=kvlRlQ6G8RGJg-uPs_L7lA&utm_medium=api&utm_source=c0698c3f&v=A6B1D694D87F1655CAF9CD278057A413DC2C6A2B,backend developer,London
5805473328,Senior Backend Developer,Rullion Limited,"The City, Central London","UK, London, Central London, The City",58512.21,58512.21,1,contract,full_time,Engineering Jobs,2026-07-18T00:47:14Z,"Senior Backend Developer Full-time Inside IR35 Hybrid 1 office day London Farringdon office address: 47-53 Charterhouse St, London, EC1M 6PB Join a dynamic energy provider dedicated to sustainable solutions in the UK. We seek enthusiastic and resourceful Backend Python Engineers at senior levels who are passionate about crafting exceptional products. Initially it will be a three-month contract but there is potential for it to be extended. The role is Hybrid, with one day a week being based in t…",https://www.adzuna.co.uk/jobs/details/5805473328?utm_medium=api&utm_source=c0698c3f,backend developer,London
5792089839,Senior Backend Developer,Waracle,"London, UK","UK, London",61456.03,61456.03,1,permanent,full_time,IT Jobs,2026-07-08T06:47:32Z,"Waracle are looking for a Senior Backend Developer for an exciting new role joining our world-class digital technology consultancy and home to a diverse, smart, curious and ambitious community of specialists in technology-driven transformation. We work with ambitious clients to help them solve their biggest business and customer challenges. We help our clients to innovate and create intelligent digital products and services. We thrive on complex challenges and deliver business-critical IT trans…",https://www.adzuna.co.uk/jobs/details/5792089839?utm_medium=api&utm_source=c0698c3f,backend developer,London
5781794668,Lead Backend Developer,Waracle,"London, UK","UK, London",75726.92,75726.92,1,permanent,full_time,IT Jobs,2026-06-30T06:13:55Z,"Waracle are looking for a Lead Backend Developer to join our world-class digital technology consultancy and home to a diverse, smart, curious, and ambitious community of specialists in technology-driven transformation. We work with ambitious clients to help them solve their biggest business and customer challenges. We help our clients to innovate and create intelligent digital products and services. We thrive on complex challenges and deliver business-critical IT transformation projects, moving…",https://www.adzuna.co.uk/jobs/details/5781794668?utm_medium=api&utm_source=c0698c3f,backend developer,London
5750470488,Backend developer - AGS,AGS,"London, UK","UK, London",58349.21,58349.21,1,,full_time,IT Jobs,2026-06-03T11:54:14Z,"Location: London, UK Industry: Investment Banking We’re looking for an experienced Backend Developer to join a leading investment bank and help drive innovation that empowers people and businesses across Asia, Africa, and the Middle East. This role is part of the Blade function, delivering strategic initiatives that make a real impact. Prior banking experience is highly desirable. The Key Responsibilities As a senior developer, you’ll be driving our platform forwards and delivering quality solu…",https://www.adzuna.co.uk/jobs/details/5750470488?utm_medium=api&utm_source=c0698c3f,backend developer,London
5775557011,Backend Developer - Fully Remote,Mercor,"London, UK","UK, London",45578.74,45578.74,1,contract,,IT Jobs,2026-06-25T02:49:30Z,"About the job Mercor connects elite creative and technical talent with leading AI research labs. Headquartered in San Francisco, our investors include Benchmark , General Catalyst , Peter Thiel , Adam D'Angelo , Larry Summers , and Jack Dorsey . Position: Backend Engineer (Coding Agent Experience) Type: Contract Compensation: $85/hour Location: Remote Role Responsibilities Use frontier AI coding agents to complete and evaluate complex engineering tasks. Review model-generated code for correctne…",https://www.adzuna.co.uk/jobs/details/5775557011?utm_medium=api&utm_source=c0698c3f,backend developer,London
5796298714,Senior Java Backend Developer,McGregor Boyall Associates Limited,"The City, Central London","UK, London, Central London, The City",195000,234000,0,contract,,IT Jobs,2026-07-11T00:40:27Z,"Senior Backend Developer | Java | Spring Boot | Hybrid| Contract Role Location: London (Hybrid) 3 days per week in office. Salary: Competitive Benefits Contract Length: 12 month rolling We're working with a leading global organisation looking to hire a Senior Backend Developer to join a high-performing engineering team. This is an opportunity to work on large-scale, enterprise-grade backend platforms, helping to shape technical architecture while building robust, scalable Java applications. Wh…",https://www.adzuna.co.uk/jobs/details/5796298714?utm_medium=api&utm_source=c0698c3f,backend developer,London
5472438894,Senior Backend Developer (ROR),Blink Tech,"London, UK","UK, London",78013.19,78013.19,1,,full_time,IT Jobs,2025-10-31T11:08:55Z,"A Senior Backend Developer (Ruby on Rails) is responsible for designing, developing, and testing server-side logic for web applications using Ruby and the Ruby on Rails framework. They build and maintain efficient, reusable, and reliable Ruby code, optimize the system for speed and scalability, and ensure high performance and availability of the applications. Collaborating with cross-functional teams, they integrate front-end elements into applications, conduct code reviews, mentor junior devel…",https://www.adzuna.co.uk/jobs/details/5472438894?utm_medium=api&utm_source=c0698c3f,backend developer,London
5517743844,Senior Backend Developer (Django/Python),Updraft,"London, UK","UK, London",62801.74,62801.74,1,,full_time,IT Jobs,2025-11-28T16:04:25Z,"Updraft. Helping you make changes that pay off. Updraft is an award winning, FCA-authorised, high-growth fintech based in London. Our vision is to revolutionise the way people spend and think about money, by automating the day to day decisions involved in managing money and mainstream borrowings like credit cards, overdrafts and other loans. A 360 degree spending view across all your financial accounts (using Open banking) A free credit report with tips and guidance to help improve your credit …",https://www.adzuna.co.uk/jobs/details/5517743844?utm_medium=api&utm_source=c0698c3f,backend developer,London
5795612917,Backend Developer (Node.js / TypeScript),Lush,"Piccadilly, West London","UK, London, West London, Piccadilly",35500,45000,0,contract,full_time,IT Jobs,2026-07-10T13:32:39Z,"Contract: 12-month fixed term Location: London, 3 days a week in the office minimum Salary banding: £35,500 - £45,000 Diversity matters We are building a brand that represents the people of the world. It’s what you do that counts, and we are always looking to expand perspectives and voices to shape our future. We see you, we celebrate you, we want you! Who we are You might know us as the inventors of the bath bomb, but there’s more to this great-smelling, partly employee-owned, family-run compa…",https://www.adzuna.co.uk/jobs/land/ad/5795612917?se=kvlRlQ6G8RGJg-uPs_L7lA&utm_medium=api&utm_source=c0698c3f&v=A2050578F160DC280A32A22D796F4DB980E0DD3F,backend developer,London
5754567892,Backend Developer - AI Trainer (UK),Anyone AI,"London, UK","UK, London",52000,104000,0,contract,part_time,IT Jobs,2026-06-06T16:51:55Z,"Anyone AI is recruiting skilled Backend Developers to work as a project consultants. Qualifications: Advanced professional written proficiency in English 3–7 years of professional software engineering experience Strong proficiency in Python and JavaScript/TypeScript; working knowledge of Java, C#, or Go Backend or full‑stack development experience in production systems Experience with testing frameworks (e.g., pytest, Jest, JUnit, xUnit, Go testing) Proven ability to debug and navigate large, m…",https://www.adzuna.co.uk/jobs/details/5754567892?utm_medium=api&utm_source=c0698c3f,backend developer,London
5797640795,Senior Backend Developer (C# .NET),TransPerfect,"London, UK","UK, London",57283.65,57283.65,1,permanent,full_time,IT Jobs,2026-07-12T06:16:57Z,"We’re looking for a Senior Software Engineer to join our global team to be responsible for the quality, development, and execution of our software products. You will be part of a technology department that is comprised of a successful and multidisciplinary group of professionals located across the globe – Barcelona, New York, London, Manchester, Bucharest and India. If you’re ready to join a growing company and make an immediate impact, we want to hear from you! You will be joining at TransPerf…",https://www.adzuna.co.uk/jobs/details/5797640795?utm_medium=api&utm_source=c0698c3f,backend developer,London
5810690732,Senior Backend Developer (Token Factory),Nebius,"London, UK","UK, London",87332.05,87332.05,1,,,IT Jobs,2026-07-22T10:46:48Z,"About Nebius: Nebius is leading a new era in cloud infrastructure for the global AI economy. We are building a full-stack AI cloud platform that supports developers and enterprises from data and model training through to production deployment, without the cost and complexity of building large in-house AI/ML infrastructure. Built by engineers, for engineers. From large-scale GPU orchestration to inference optimization, we own the hard problems across compute, storage, networking and applied AI. …",https://www.adzuna.co.uk/jobs/details/5810690732?utm_medium=api&utm_source=c0698c3f,backend developer,London
5775016669,"Java Backend Developer - London, UK (Fully REMOTE)",Randstad Technologies Recruitment,"Farringdon, Central London","UK, London, Central London, Farringdon",169000,195000,0,contract,,IT Jobs,2026-06-24T17:42:23Z,"Role: Java Backend Developer with Data Platform Type: 6 Months Contract Location: London, UK (Fully REMOTE) Working Model: Fully REMOTE Payrate: £450 - £550 per Day on PAYE £530 - £630 per Day on RUPAYE £650 - £750 per Day on Inside IR35 via Umbrella The Role: Join our Data Infrastructure team to drive large-scale pipeline migrations and core platform development across our Flink and Lakehouse architecture. We are looking for an execution-focused engineer who can jump into existing codebases, w…",https://www.adzuna.co.uk/jobs/land/ad/5775016669?se=kvlRlQ6G8RGJg-uPs_L7lA&utm_medium=api&utm_source=c0698c3f&v=9743B4375C27581324932814C8AE2CF3EB407FAC,backend developer,London
5809351188,Backend Python Developer,Xact Placements Limited,"London, UK","UK, London",60000,80000,0,permanent,full_time,IT Jobs,2026-07-21T14:16:27Z,"Backend Python Developer (Azure AI) Location: Remote / Hybrid Type: Full-time Our client is a fast-growing consulting business building an AI-driven platform on native Microsoft Azure services. They are looking for a strong Backend Python Developer to join their team and play a key role in delivering scalable, AI-first solutions used for business automation, workflows, and intelligent agents. This is an opportunity to work in a lean, high-impact environment where speed, quality, and innovation …",https://www.adzuna.co.uk/jobs/land/ad/5809351188?se=kvlRlQ6G8RGJg-uPs_L7lA&utm_medium=api&utm_source=c0698c3f&v=6974EEA0071B0FD391EBBAE75EADE0165EBBBA5C,backend developer,London
5810683671,Senior Backend Developer | Agency | Hybrid or remote ON | $100-110K,White Bay,"London, UK","UK, London",63721.59,63721.59,1,,,IT Jobs,2026-07-22T10:39:47Z,"The Company An established and forward-thinking digital agency is seeking a Senior Backend Developer to join its growing team in London, Ontario. Known for delivering enterprise-grade digital solutions for mid-market and enterprise organizations, this innovative firm combines strategy, technology, and creativity to build high-performing web applications and marketing technology platforms. Collaboration, continuous learning, and emerging technologies—including AI-powered development workflows—ar…",https://www.adzuna.co.uk/jobs/details/5810683671?utm_medium=api&utm_source=c0698c3f,backend developer,London
5802819327,Backend Java Developer (Python),Methods Business and Digital Technology,"London, UK","UK, London",54680.77,54680.77,1,,full_time,IT Jobs,2026-07-16T12:26:45Z,"Methods Business and Digital Technology Limited Methods is a £100M IT Services Consultancy who has partnered with a range of central government departments and agencies to transform the way the public sector operates in the UK. Established over 30 years ago and UK-based, we apply our skills in transformation, delivery, and collaboration from across the Methods Group, to create end-to-end business and technical solutions that are people-centred, safe, and designed for the future. Our human touch…",https://www.adzuna.co.uk/jobs/details/5802819327?utm_medium=api&utm_source=c0698c3f,backend developer,London
5775152521,Backend Java Developer (IT),Nexus Jobs Limited,"The City, Central London","UK, London, Central London, The City",400,400,0,contract,,IT Jobs,2026-06-24T21:34:22Z,"Backend Java Developer ? City London We are urgently looking to recruit a Java backend Developers with at least 5 years experience. Must have strong Data structures and Algorithms experience. Also experience of Spring, working with large code base, SQL, Unix etc. You should ideally have a solid problem solving and algorithm background coupled with excellent communication skills. This is a 6 to 12 month contract assignment based in the City London. Please forward your CV to us in Word format alo…",https://www.adzuna.co.uk/jobs/details/5775152521?utm_medium=api&utm_source=c0698c3f,backend developer,London
5794244212,Senior Backend Engineer - Developer Experience,Frontify,"London, UK","UK, London",56781.73,56781.73,1,,full_time,IT Jobs,2026-07-09T16:24:44Z,"We're all about helping brands turn ideas into impact. Frontify’s brand platform transforms how teams organize digital assets, collaborate on projects, and create engaging campaigns. Our people empower thousands of marketers and designers — including teams at Uber, Microsoft, Volkswagen, and Telefónica — to build engaging brands. With headquarters in St. Gallen, Switzerland, and offices in London and New York City, we share a vibrant culture built on creativity, collaboration, inclusion, and jo…",https://www.adzuna.co.uk/jobs/details/5794244212?utm_medium=api&utm_source=c0698c3f,backend developer,London
5780346800,Senior Backend Engineer - Developer Experience,Trainline,"London, UK","UK, London",85000,95000,0,,full_time,IT Jobs,2026-06-28T16:28:58Z,"About us We are champions of rail, inspired to build a greener, more sustainable future of travel. Trainline enables millions of travellers to find and book the best value tickets across carriers, fares, and journey options through our highly rated mobile app, website, and B2B partner channels. Great journeys start with Trainline Now Europe’s number 1 downloaded rail app, with over 135 million monthly visits and £6.3 billion in annual ticket sales, we collaborate with 270 rail and coach compan…",https://www.adzuna.co.uk/jobs/details/5780346800?utm_medium=api&utm_source=c0698c3f,backend developer,London
5787134287,Senior Python Backend Software Developer,Xelix,"London, UK","UK, London",66945.32,66945.32,1,,full_time,IT Jobs,2026-07-03T21:52:39Z,"About us At Xelix, we work with some of the world’s largest companies to automate and strengthen their financial controls. Our AI solutions redefine how Accounts Payable teams operate – moving from manual processes to automated, intelligent workflows. Xelix is a fast-paced scale-up – things move fast and expectations are high. We raised our Series B with Insight Partners in June 2025 and are expanding aggressively. We have a team of 150 talented people pulling together to achieve our goals. Eve…",https://www.adzuna.co.uk/jobs/details/5787134287?utm_medium=api&utm_source=c0698c3f,backend developer,London
5768363387,Integration Developer (Backend  DevOps),Sanderson Recruitment,"London, UK","UK, London",143000,156000,0,contract,,IT Jobs,2026-06-18T21:27:30Z,"Integration Developer (Backend DevOps Focus) Location: Fully Remote Pay: £550-£600 per day (Outside IR35) Duration: Initial 6-month contract (with strong extension potential) The Role We're supporting a leading UK financial services organisation on a new platform build and they're looking for an Integration Developer with a strong DevOps background. This is a developer-first role with a significant DevOps leaning, ideal for someone who enjoys building backend services ( TypeScript / Node.js on…",https://www.adzuna.co.uk/jobs/details/5768363387?utm_medium=api&utm_source=c0698c3f,backend developer,London
5768514408,Python Software Developer - Backend,Xelix,"London, UK","UK, London",59512.31,59512.31,1,,full_time,IT Jobs,2026-06-18T21:55:39Z,"About us At Xelix, we work with some of the world’s largest companies to automate and strengthen their financial controls. Our AI solutions redefine how Accounts Payable teams operate – moving from manual processes to automated, intelligent workflows. Xelix is a fast-paced scale-up – things move fast and expectations are high. We raised our Series B with Insight Partners in June 2025 and are expanding aggressively. We have a team 150 talented people pulling together to achieve our goals. Everyo…",https://www.adzuna.co.uk/jobs/details/5768514408?utm_medium=api&utm_source=c0698c3f,backend developer,London
5788127471,"Senior Backend Platform Developer, Contact Center Systems",Navan,"London, UK","UK, London",61941.23,61941.23,1,,,IT Jobs,2026-07-04T15:30:43Z,"We are looking for a Senior Backend Platform Developer to build modern services for Navan’s contact center systems. This is a software engineering role first: where you will design APIs, serverless services, data flows, observability tooling, and AI-enabled workflows that support our customer and agent experience. The contact center is the domain, but the core need is strong development capability. The right person is comfortable building production systems, integrating complex platforms, and u…",https://www.adzuna.co.uk/jobs/details/5788127471?utm_medium=api&utm_source=c0698c3f,backend developer,London
5664321593,Backend Java Developer - Birmingham • Hybrid • £50–65k • Not London,NextWave Consulting Ltd,"London, UK","UK, London",65911.89,65911.89,1,contract,,IT Jobs,2026-03-13T23:54:51Z,"Backend Java Developer Location: Birmingham (Hybrid) Employment: Fixed Term Contract Salary: £50,000 – £65,000 base (dependent on experience) If your idea of backend engineering is more than CRUD APIs and microservices boilerplate — this role is for you. We’re building the core backend services of a Data Fabric platform that governs data access, entitlements, and query policy enforcement across distributed enterprise data systems. This is platform engineering : deterministic rule engines, SQL p…",https://www.adzuna.co.uk/jobs/details/5664321593?utm_medium=api&utm_source=c0698c3f,backend developer,London
5790314129,Python Developer Backend (AI) - remote,Initialize Ltd,"The City, Central London","UK, London, Central London, The City",75000,75000,0,,,IT Jobs,2026-07-06T23:20:57Z,"Backend Python Developer (AI) - Remote - UK - excellent opportunity to join this innovative and fast-growing AI tech. organisation. Skills/experience Strong commercial experience in Python backend development. Solid back-end Python experience (clean coding) Experience building APIs and working with cloud-native architectures. Good understanding of Docker, and scalable distributed systems . An Agile mindset and Experience working in agile teams, using Github for CI/CD, branching, pull requests, …",https://www.adzuna.co.uk/jobs/details/5790314129?utm_medium=api&utm_source=c0698c3f,backend developer,London
5804705521,Full Stack Developer (Backend-Leaning) - Junior to Mid,Trendtype,"Brixton, South West London","UK, London, South West London, Brixton",35000,40000,0,,full_time,IT Jobs,2026-07-17T10:45:30Z,"Salary: £35,000 - 40,000 per year Requirements: JavaScript and Vue.js - comfortable building and maintaining component-based UIs Python - FastAPI or similar, writing Lambda endpoints PostgreSQL - confident writing queries and understanding schema design AWS basics - Lambda, API Gateway, S3 Git and clean working practices Responsibilities: What you'll work on Feature development and redesign of our core tools (Vue.js AWS Lambda Aurora PostgreSQL) Backend API layer - Lambda endpoints, API Gatew…",https://www.adzuna.co.uk/jobs/details/5804705521?utm_medium=api&utm_source=c0698c3f,backend developer,London
5789989708,Senior Node.js Engineer,Tesco,"London, UK","UK, London",59053.69,59053.69,1,,,IT Jobs,2026-07-06T16:39:45Z,"hackajob is collaborating with Tesco to connect them with exceptional professionals for this role. About the role As a backend development Engineer, you’ll be working in an agile team of industry leading engineers to define and develop Tesco’s xAPI (Experience API) that powers Tesco’s various shopping experiences i.e., tesco.com, the mobile shop application, store and other internal facing applications. You’ll be a passionate, pragmatic Engineer with an inquisitive mind who is motivated to make…",https://www.adzuna.co.uk/jobs/land/ad/5789989708?se=kvlRlQ6G8RGJg-uPs_L7lA&utm_medium=api&utm_source=c0698c3f&v=0D1EF3882EFADC4A795D17DC5DB846FF9FF26D39,backend developer,London
5805497713,Lead Backend Engineer Python - Tech for Good,Client Server,"London, UK","UK, London",100000,100000,0,permanent,full_time,IT Jobs,2026-07-18T01:47:31Z,"Lead Backend Engineer / Developer (Python C++ GCP) London onsite to £150k Are you a senior Backend Engineer who enjoys building platforms from the ground up? Do you thrive in start-up environments where you can own architecture, shape engineering culture and solve genuinely meaningful technical problems? This is an opportunity to join an innovative technology start-up that has developed a world leading navigation platform designed to improve independence for people with visual impairments. Comb…",https://www.adzuna.co.uk/jobs/details/5805497713?utm_medium=api&utm_source=c0698c3f,backend developer,London
5805094923,Full Stack MERN Developer,INSIGHT INTERNATIONAL  Limited,"London, UK","UK, London",62052.74,62052.74,1,,,IT Jobs,2026-07-17T18:56:26Z,"Job Summary (List Format): - Develop and maintain applications using Java, Node.js, and React. - Utilize Spring Boot framework for backend development. - Work with Oracle Database for data storage and management. - Deploy and manage solutions on Azure CNE deployment platform. - Leverage experience in digital banking or related banking domains. - Apply strong full-stack development skills to deliver immediate project value. - Utilize knowledge of Kafka and TypeScript where required. - Demonstrat…",https://www.adzuna.co.uk/jobs/details/5805094923?utm_medium=api&utm_source=c0698c3f,backend developer,London
5789989491,Senior Java Engineer,Tesco,"London, UK","UK, London",65791.12,65791.12,1,,,IT Jobs,2026-07-06T16:39:42Z,"hackajob is collaborating with Tesco to connect them with exceptional professionals for this role. Senior Software Engineer - Payments About the role The payment services team is at the heart of Tesco Technology, serving 28 million shoppers in the UK and abroad. We deliver HTTP services that reliably manage payments at global scale, 24 hours a day every day. We also provide capabilities that detect and prevent fraud and build upon innovative technologies to reduce loss. 100M transactions and bi…",https://www.adzuna.co.uk/jobs/land/ad/5789989491?se=kvlRlQ6G8RGJg-uPs_L7lA&utm_medium=api&utm_source=c0698c3f&v=07BC08087B0C8CFCE23075C006F05F6C6696F33A,backend developer,London
5775152523,Java Developer with SQL - Central London (IT),Nexus Jobs Limited,"London, UK","UK, London",400,400,0,contract,,IT Jobs,2026-06-24T21:34:22Z,"Java Developer with SQL Server ? Central London Our Client is looking to recruit a seasoned professional with 5 plus years experience in developing with Java as a backend Developer with SQL Server. You will have a good understanding of Data Structures and Algorithms. In addition to the Java and SQL Server development skills you should working knowledge of Spring, working with large code base, SQL, Unix etc. In addition you will have solid problem solving and algorithm skills. Excellent communic…",https://www.adzuna.co.uk/jobs/details/5775152523?utm_medium=api&utm_source=c0698c3f,backend developer,London
5790938040,Python Back-end Developer,Initialize,"London, UK","UK, London",50000,75000,0,permanent,full_time,IT Jobs,2026-07-07T11:46:29Z,"Backend Python Developer (AI) - Remote - UK - excellent opportunity to join this innovative and fast-growing AI tech. organisation! Skills/experience Strong commercial experience in Python backend development. Solid back-end Python experience (clean coding) Experience building APIs and working with cloud-native architectures. Good understanding of Docker, and scalable distributed systems . An Agile mindset and Experience working in agile teams, using Github for CI/CD, branching, pull requests, …",https://www.adzuna.co.uk/jobs/land/ad/5790938040?se=kvlRlQ6G8RGJg-uPs_L7lA&utm_medium=api&utm_source=c0698c3f&v=EC68DDE66303BA3D5E9FA941D78F3E4311A54DFF,backend developer,London
5808330163,Java Developer,Amber Labs,"Farringdon, Central London","UK, London, Central London, Farringdon",55000,85000,0,,full_time,IT Jobs,2026-07-20T19:59:13Z,"Java Developer - Public Sector - SC clearance required Java Developers needed who hold active SC clearance, to work on an exciting central government based project based out of London (95% remote role). As a seasoned Java Developer/Software Engineer, you'll have experience working with: * Central government transformation projects, ideally with GDS experience. * Java backend development with microservices. * Spring framework (Spring Boot) based web applications. * AWS and/or Kubernetes. * CI/CD…",https://www.adzuna.co.uk/jobs/land/ad/5808330163?se=kvlRlQ6G8RGJg-uPs_L7lA&utm_medium=api&utm_source=c0698c3f&v=F934A4D7D372B6B2F574239094661D8DFACFF793,backend developer,London
4870510678,PHP Developer,Gophr,"Bermondsey, South East London","UK, London, South East London, Bermondsey",71454.15,71454.15,1,,full_time,IT Jobs,2024-09-20T13:07:14Z,"BACKEND DEVELOPER (PHP) Intro to Gophr On demand delivery has never been so in demand. E-commerce has seen 5 years worth of growth in the past 12 months, and online grocery has gone nuts, bananas and crackers. Then add into the mix ever tighter margins, and all-time-high customer expectations (thanks Prime) and you see why better, and faster and more efficient delivery is so in demand. Which is where we come in. Gophr is a delivery tech company that is reimagining same day delivery to make it w…",https://www.adzuna.co.uk/jobs/details/4870510678?utm_medium=api&utm_source=c0698c3f,backend developer,London
5809517912,C# Software Engineer - Learn Rust,Client Server,"East London, London","UK, London, East London",80000,80000,0,,,IT Jobs,2026-07-21T16:45:23Z,"C# Software Engineer / Developer (.Net Rust Low Latency HFT) London / WFH to £80k Opportunity to join a hugely profitable High Frequency Trading firm that specialise in crypto markets and earning substantial bonuses in a hands-on role, working with C# and Rust. As a C# Software Engineer you will design and develop low latency trading applications working across the full stack with a focus on backend development. You'll collaborate with a small, talented team, problem solving and working on comp…",https://www.adzuna.co.uk/jobs/details/5809517912?utm_medium=api&utm_source=c0698c3f,backend developer,London
5787070496,Junior Software Engineer (Java / Kotlin / JVM),Salt Search,"London, UK","UK, London",52000,52000,0,contract,,IT Jobs,2026-07-03T21:31:45Z,"Junior Software Engineer (Java / Kotlin / JVM) Contract Overview Role: Junior Software Engineer (Java/ Kotlin/ JVM) Location: Victoria, London Length: 12 months Start: ASAP Rate: £200 per day Status: Inside IR35 Pattern: Hybrid working About the Role I'm currently recruiting for a Junior Software Engineer to join a digital product team working across modern financial services technology. This role would suit someone with a few years' commercial software engineering experience, particularly acro…",https://www.adzuna.co.uk/jobs/land/ad/5787070496?se=kvlRlQ6G8RGJg-uPs_L7lA&utm_medium=api&utm_source=c0698c3f&v=6433207A2A0A8A0359B8EF42F40B7137AA457F43,backend developer,London
5707242946,Senior Frontend Engineer,Simple Machines,"London, UK","UK, London",88063.19,88063.19,1,,full_time,IT Jobs,2026-04-22T15:55:21Z,"Hybrid · Full-time · London, UK About Simple Machines Simple Machines is a leading independent boutique technology firm with a global footprint across London, Sydney, New Zealand and Poland. We operate at the intersection of data, AI, machine learning, data engineering, and software engineering—building bespoke platforms and products that turn complex data into real-world outcomes. We work with enterprises, technology companies, and governments to help them better understand their organisations…",https://www.adzuna.co.uk/jobs/details/5707242946?utm_medium=api&utm_source=c0698c3f,backend developer,London
5754568150,Mid-level Python developer,Swiftsource,"London, UK","UK, London",47690.46,47690.46,1,,,IT Jobs,2026-06-06T16:52:45Z,"Mid Backend Developer This is a chance to join a great start-up company that has become the innovation leader in Oral Care in Europe and beyond, they create proper Dental care that is also fun to use, for children and adults. They have won multiple awards in the best technological innovation category which shows the success of this young, dynamic company. They are now looking for an experienced and ambitious Software Developer to join the team in London ( this role will be remote until the lock…",https://www.adzuna.co.uk/jobs/details/5754568150?utm_medium=api&utm_source=c0698c3f,backend developer,London
5800421631,Web Developer Intern - Remote,Business Web Solutions,"Westminster, South West London","UK, London, South West London, Westminster",200,200,0,contract,,IT Jobs,2026-07-14T23:22:26Z,"This is a remote position. Job Overview We are looking for aspiring Web Developer Interns who want to gain practical experience in website development and design. This remote internship, lasting between 1 and 6 months, allows interns to work on real-world assignments while learning modern development tools and techniques. We are building a globally distributed intern community to support our long-term growth. Responsibilities Help design, develop, and update websites with a user-focused and mob…",https://www.adzuna.co.uk/jobs/details/5800421631?utm_medium=api&utm_source=c0698c3f,backend developer,London
5799932142,Contract Software Engineer (Java & Kotlin),Spectrum IT Recruitment,"Farringdon, Central London","UK, London, Central London, Farringdon",91000,104000,0,contract,,IT Jobs,2026-07-14T13:35:16Z,"Senior Java & Kotlin Backend Engineer Location: London (Hybrid - Wednesday office attendance required) Contract: Initial 2 months IR35: Outside IR35 Start Date: ASAP The Role We're working with a leading technology organisation seeking an experienced Senior Java & Kotlin Backend Engineer to join their engineering team on an initial two-month contract. This role offers the opportunity to contribute to greenfield backend development, building scalable, cloud-native microservices within a modern e…",https://www.adzuna.co.uk/jobs/land/ad/5799932142?se=kvlRlQ6G8RGJg-uPs_L7lA&utm_medium=api&utm_source=c0698c3f&v=94EF3EE25B5079ADFB00F3D04AFD52045F1B4A88,backend developer,London
5783888649,Frontend Developer,Amber Labs,"Farringdon, Central London","UK, London, Central London, Farringdon",56212.39,56212.39,1,contract,full_time,IT Jobs,2026-07-01T16:15:46Z,"Location: Hybrid (approximately 2 days per month required onsite in London) Contract Type: Permanent/ or initial 12-Month Fixed Term Contract (FTC) Employer: Amber Labs – Digital Consultancy Clearance: Active SC Clearance Required Start Date: Immediate About Amber Labs Amber Labs is a forward-thinking digital consultancy delivering innovative cloud, data, and DevOps solutions across the UK public sector. We specialise in helping organisations achieve digital transformation at pace while maintai…",https://www.adzuna.co.uk/jobs/land/ad/5783888649?se=frtSlg6G8RGa14EqyXoy-w&utm_medium=api&utm_source=c0698c3f&v=CA1A959005C29B2AB1334E5FC6A266D62ED267E6,frontend developer,London
4802484624,Frontend Developer,Research Central,"London, UK","UK, London",61721.63,61721.63,1,,full_time,IT Jobs,2024-07-31T14:58:43Z,About the role We're looking for a Frontend Developer to design and build our desktop experience. With great reviews and feedback from our mobile-first platforms you will be delivering on an ambitious roadmap of features and getting the opportunity to be part of that evolution. You'll be working with a world-class team of engineers who are passionate about what they do. You should have an insatiable hunger for learning new things and improving existing ones. If you're the right one for us you h…,https://www.adzuna.co.uk/jobs/details/4802484624?utm_medium=api&utm_source=c0698c3f,frontend developer,London
5807906766,Frontend Developer,Noir,"London, UK","UK, London",60000,85000,0,permanent,full_time,IT Jobs,2026-07-20T07:42:47Z,"Vue.JS Developer - UK Leading Digital Technology Firm - London (Tech stack: Front End Developer, React, Vue, HTML, CSS, Webpack, Front End Engineer, JavaScript Developer, Front End Developer) Are you an enthusiastic Front-End Developer with 3 years of experience and have a knack for delivering top-notch software solutions? Do you thrive in an environment that champions front end technologies and embraces innovative technology? If so, I have the perfect opportunity for you with A UK leading digi…",https://www.adzuna.co.uk/jobs/land/ad/5807906766?se=frtSlg6G8RGa14EqyXoy-w&utm_medium=api&utm_source=c0698c3f&v=135B0263382B2615E24C52BE8DA282731FD1E480,frontend developer,London
5782683670,Frontend Developer - Fully Remote,Mercor,"London, UK","UK, London",47042.48,47042.48,1,contract,,IT Jobs,2026-07-01T02:43:03Z,"About the job Mercor connects elite creative and technical talent with leading AI research labs. Headquartered in San Francisco, our investors include Benchmark , General Catalyst , Peter Thiel , Adam D'Angelo , Larry Summers , and Jack Dorsey . Position: Frontend Engineer (Coding Agent Experience) Type: Contract Compensation: $85/hour Location: Remote Role Responsibilities Use frontier AI coding agents to complete and evaluate complex engineering tasks. Review model-generated frontend code for…",https://www.adzuna.co.uk/jobs/details/5782683670?utm_medium=api&utm_source=c0698c3f,frontend developer,London
5613420696,Senior Frontend Developer - React,Capco,"London, UK","UK, London",58938.29,58938.29,1,permanent,,IT Jobs,2026-02-04T09:22:40Z,"Senior Frontend Developer ( React ) Location: London (Hybrid) | Practice Area: Technology & Engineering | Type: Permanent Bring modern web applications to life in the world of financial services. The Role As a Senior Frontend Developer at Capco, you'll craft clean, responsive, and secure web applications that enhance digital experiences for global financial services clients. Working in an agile environment, you'll help shape user interface solutions using React and modern JavaScript technologie…",https://www.adzuna.co.uk/jobs/details/5613420696?utm_medium=api&utm_source=c0698c3f,frontend developer,London
5677956753,Principal Frontend Developer - React,Capco,"London, UK","UK, London",75944.33,75944.33,1,permanent,,IT Jobs,2026-03-25T10:08:00Z,"Principal Frontend Developer ( React ) Location: London (Hybrid) | Practice Area: Technology & Engineering | Type: Permanent Shape seamless digital experiences that define the future of financial services. The Role As a Principal Frontend Developer at Capco, you'll lead the development of scalable and secure web applications for global financial services clients using modern JavaScript frameworks, primarily React . You'll architect responsive, accessible, and intuitive user experiences while wo…",https://www.adzuna.co.uk/jobs/details/5677956753?utm_medium=api&utm_source=c0698c3f,frontend developer,London
5762594845,Mid/Senior Frontend Developer,Sensor Tower,"London, UK","UK, London",60818.47,60818.47,1,,full_time,IT Jobs,2026-06-13T13:43:22Z,"Sensor Tower’s digital intelligence platform provides unparalleled insight into market trends, advertising, competitor’s strategies, and consumer/user audience across mobile, web, and gaming. Sensor Tower’s insights are trusted by more than 2,500 enterprises worldwide across tech, retail/commerce, entertainment/media, gaming, consumer packaged goods, finance, and investment. Role Summary: As a Frontend Engineer at Sensor Tower, you will not only build features, you will define how we build them…",https://www.adzuna.co.uk/jobs/details/5762594845?utm_medium=api&utm_source=c0698c3f,frontend developer,London
5766871487,Frontend Developer (React) Junior/Mid,Careerswift,"London, UK","UK, London",57465.86,57465.86,1,,full_time,IT Jobs,2026-06-17T15:19:07Z,"Job Description We are hiring a Frontend Developer to build and maintain responsive, high-performance web applications using React. You will collaborate with designers and backend engineers to implement new features, optimize UI performance, and write clean, maintainable code. Requires 3 years of experience with React, JavaScript/TypeScript, modern CSS frameworks, and REST/GraphQL API integration. Job Overview Seniority Level: Middle",https://www.adzuna.co.uk/jobs/details/5766871487?utm_medium=api&utm_source=c0698c3f,frontend developer,London
5665221410,Frontend Developer (Vue.js or React or Angular),TransPerfect,"London, UK","UK, London",58620.51,58620.51,1,,full_time,IT Jobs,2026-03-14T10:16:21Z,"TransPerfect Is More Than Just a Job… Our greatest asset is our people, and nothing is more important to us than ensuring that everyone knows that. Each of our 100 offices has its own individual identity, and each also has its own unique rewards. We’re hiring a Frontend Engineer to join our global team to be responsible for the quality, development, and execution of our software products. If you’re ready to join a growing company and make an immediate impact, we want to hear from you! You will …",https://www.adzuna.co.uk/jobs/details/5665221410?utm_medium=api&utm_source=c0698c3f,frontend developer,London
5704449075,Frontend Web Developer,Air Apps,"London, UK","UK, London",47000,58000,0,,full_time,IT Jobs,2026-04-19T11:23:11Z,"About Air Apps At Air Apps, we believe in thinking bigger—and moving faster. We’re a family-founded company on a mission to create the world’s first AI-powered Personal & Entrepreneurial Resource Planner (PRP), and we need your passion and ambition to help us change how people plan, work, and live. Born in Lisbon, Portugal, in 2018—and now with offices in both Lisbon and San Francisco—we’ve remained self-funded while reaching over 100 million downloads worldwide. Our long-term focus drives us t…",https://www.adzuna.co.uk/jobs/details/5704449075?utm_medium=api&utm_source=c0698c3f,frontend developer,London
5754571007,Frontend- react native developer,Swiftsource,"London, UK","UK, London",53257.18,53257.18,1,,,IT Jobs,2026-06-06T17:00:09Z,"About The Role We are looking for Frontend engineers to help us build the Alena app. Alena helps users uncover the root cause of their social anxiety and offers targeted treatment that adjusts and adapts to their needs. You will join our tech team, and will work on building the treatments in our social anxiety programme. You will also help our science team create mobile first state-of-the-art cognitive tasks In the future, we will be developing programs for generalised anxiety, depression, and …",https://www.adzuna.co.uk/jobs/details/5754571007?utm_medium=api&utm_source=c0698c3f,frontend developer,London
5805145310,Full Stack .NET Engineer,83zero Limited,"London, UK","UK, London",45000,70000,0,permanent,full_time,IT Jobs,2026-07-17T20:28:23Z,".NET Full Stack Engineer - Consultant/Senior Consultant Salary: £45,000 - £70,000 plus benefits, perks, and healthcare options! Job type: Permanent | Hybrid (1-2 days per week) | Occasional travel to client sites Security Clearance: Must be SC eligible Base locations: London, Manchester, Newcastle or Glasgow Overview We're looking for a .NET Full Stack Engineer with strong backend and frontend development experience to join a team delivering innovative digital solutions for enterprise clients. …",https://www.adzuna.co.uk/jobs/details/5805145310?utm_medium=api&utm_source=c0698c3f,frontend developer,London
5791206348,Java Full Stack Engineer,83zero Ltd,"The City, Central London","UK, London, Central London, The City",45000,55000,0,permanent,full_time,IT Jobs,2026-07-07T19:16:10Z,"Java Full Stack Engineer - Consultant Salary: £45,000 - £55,000 plus benefits, perks, and healthcare options! Job type: Permanent | Hybrid (1-2 days per week) | Occasional travel to client sites Security Clearance: Must be SC eligible Base locations: London, Manchester or Glasgow Overview: We're looking for a Java Full Stack Engineer with strong backend and frontend development experience to join a team delivering innovative digital solutions for enterprise clients. You'll work on digital trans…",https://www.adzuna.co.uk/jobs/land/ad/5791206348?se=frtSlg6G8RGa14EqyXoy-w&utm_medium=api&utm_source=c0698c3f&v=E0D26F84D335756B74AAEB60BA6CD460A4E6CDDC,frontend developer,London
5804856024,Full Stack .NET Engineer,83zero Ltd,"Farringdon, Central London","UK, London, Central London, Farringdon",45000,70000,0,permanent,full_time,IT Jobs,2026-07-17T13:43:05Z,"NET Full Stack Engineer - Consultant/Senior Consultant Salary: £45,000 - £70,000 plus benefits, perks, and healthcare options! Job type: Permanent | Hybrid (1-2 days per week) | Occasional travel to client sites Security Clearance: Must be SC eligible Base locations: London, Manchester, Newcastle or Glasgow Overview We're looking for a .NET Full Stack Engineer with strong backend and frontend development experience to join a team delivering innovative digital solutions for enterprise clients. Y…",https://www.adzuna.co.uk/jobs/land/ad/5804856024?se=frtSlg6G8RGa14EqyXoy-w&utm_medium=api&utm_source=c0698c3f&v=83BFCE48BF9B93547CF026F3E80E9AF653510797,frontend developer,London
5791206345,Java Full Stack Engineer,83zero Ltd,"Farringdon, Central London","UK, London, Central London, Farringdon",60000,70000,0,permanent,full_time,IT Jobs,2026-07-07T19:16:09Z,"Java Full Stack Engineer - Senior Consultant Salary: £60,000 - £70,000 plus benefits, perks, and healthcare options! Job type: Permanent | Hybrid (1-2 days per week) | Occasional travel to client sites Security Clearance: Must be SC eligible Base locations: London, Manchester or GlasgowOverview We're looking for a Java Full Stack Engineer with strong backend and frontend development experience to join a team delivering innovative digital solutions for enterprise clients. You'll work on digital …",https://www.adzuna.co.uk/jobs/land/ad/5791206345?se=frtSlg6G8RGa14EqyXoy-w&utm_medium=api&utm_source=c0698c3f&v=ABF4C45F9DAA5F65FF6DE9DFD3E26E6A62DAECC6,frontend developer,London
5791474499,Java Full Stack Engineer,83zero Limited,"London, UK","UK, London",70000,70000,0,permanent,,IT Jobs,2026-07-07T23:23:44Z,"Java Full Stack Engineer - Senior Consultant Salary: £60,000 - £70,000 plus benefits, perks, and healthcare options! Job type: Permanent | Hybrid (1-2 days per week) | Occasional travel to client sites Security Clearance: Must be SC eligible Base locations: London, Manchester or Glasgow Overview We're looking for a Java Full Stack Engineer with strong backend and frontend development experience to join a team delivering innovative digital solutions for enterprise clients. You'll work on digital…",https://www.adzuna.co.uk/jobs/details/5791474499?utm_medium=api&utm_source=c0698c3f,frontend developer,London
5702619617,Frontend Engineer- Leading Global Crypto Market Maker,Oxford Knight,"London, UK","UK, London",88820.34,88820.34,1,,full_time,IT Jobs,2026-04-17T14:51:22Z,"Salary: Very competitive This is a unique opportunity at one of the largest crypto-native algo trading firms in digital assets. Looking to further expand with a Frontend Engineer who is passionate about building useful products & applications that users love. Working closely across multiple teams - product, marketing, trading, engineering - you'll be developing frontend applications for the firm's new trading products and client-facing portals. You'll also create and drive the vision for a plat…",https://www.adzuna.co.uk/jobs/details/5702619617?utm_medium=api&utm_source=c0698c3f,frontend developer,London
5744553683,Founding Frontend Engineer,Innerworks,"London, UK","UK, London",75000,90000,0,,full_time,IT Jobs,2026-05-29T12:40:15Z,"We're Hiring! We’re hiring a Founding Frontend Engineer. You will be our first in-house Frontend Engineer, responsible for developing, maintaining, and scaling our user portal - the first thing customer’s see when engaging with our product. You’ll also be crafting the principles and values we uphold when we do frontend engineering now, and into the future. This is an opportunity to take complete ownership over our frontend stack, work with an incredible team of talented engineers, and to help b…",https://www.adzuna.co.uk/jobs/details/5744553683?utm_medium=api&utm_source=c0698c3f,frontend developer,London
5119759833,Web Delivery Manager,Enorth Staffing Limited,"London, UK","UK, London",46471.01,46471.01,1,contract,,IT Jobs,2025-03-31T12:27:17Z,"Job Title · Web Delivery Manager (contract) Reporting to · Head of CX Key responsibilities Taking the lead on the implementation and configuration of our new Content Management System CoreMedia Creating a project plan and roadmap for the migration of content from our old CMS to CM Taking the lead on defining the new structure of content and a new process for content publishing, in collaboration with the business stakeholders, content editors, UI designers, the frontend development team and the …",https://www.adzuna.co.uk/jobs/land/ad/5119759833?se=frtSlg6G8RGa14EqyXoy-w&utm_medium=api&utm_source=c0698c3f&v=E7E169AB29302C883E110E479D044FA1CF0D7108,frontend developer,London
5805098803,VP Full Stack Java Engineer - Investment Bank (multiple roles),Robert Walters,"London, UK","UK, London",80000,120000,0,permanent,full_time,IT Jobs,2026-07-17T19:21:15Z,"A leading global financial institution is significantly expanding its engineering team and hiring multiple Java Full-Stack Engineers across various seniority levels. You will design and deliver secure, scalable and resilient financial technology solutions, developing Java services, APIs and batch-processing applications while contributing to modern Angular frontends. What you'll do: Build backend services, microservices, APIs and batch applications using Java and Spring. Contribute to frontend …",https://www.adzuna.co.uk/jobs/details/5805098803?utm_medium=api&utm_source=c0698c3f,frontend developer,London
5793532133,Senior Full-Stack Engineer,SR2 REC LTD,"London, UK","UK, London",0,550,0,contract,full_time,IT Jobs,2026-07-09T02:21:13Z,"We're working with an innovative UK technology business that's transforming the way scientific organisations analyse complex imaging data. They're entering an exciting phase of product development as they evolve a proven proof-of-concept into a scalable, enterprise-grade AI SaaS platform. They're looking for a Senior Full Stack Engineer to join the team on an initial 6-month contract, taking ownership of key platform features across the full technology stack while helping shape the technical di…",https://www.adzuna.co.uk/jobs/details/5793532133?utm_medium=api&utm_source=c0698c3f,frontend developer,London
5693038720,Senior Frontend Engineer,London Stock Exchange Group,"London, UK","UK, London",55169.38,55169.38,1,,full_time,IT Jobs,2026-04-08T11:25:37Z,"ABOUT US: LSEG (London Stock Exchange Group) is more than a diversified global financial markets infrastructure and data business. We are dedicated, open-access partners with a dedication to excellence in delivering the services our customers expect from us. With extensive experience, deep knowledge and worldwide presence across financial markets, we enable businesses and economies around the world to fund innovation, manage risk and create jobs. It’s how we’ve contributed to supporting the fin…",https://www.adzuna.co.uk/jobs/details/5693038720?utm_medium=api&utm_source=c0698c3f,frontend developer,London
5770624593,Senior Frontend Engineer - London Stock Exchange Group,London Stock Exchange Group,"London, UK","UK, London",56322.88,56322.88,1,,full_time,IT Jobs,2026-06-20T12:41:49Z,"ABOUT US: LSEG (London Stock Exchange Group) is more than a diversified global financial markets infrastructure and data business. We are dedicated, open-access partners with a dedication to excellence in delivering the services our customers expect from us. With extensive experience, deep knowledge and worldwide presence across financial markets, we enable businesses and economies around the world to fund innovation, manage risk and create jobs. It's how we've contributed to supporting the fin…",https://www.adzuna.co.uk/jobs/details/5770624593?utm_medium=api&utm_source=c0698c3f,frontend developer,London
5808398210,Fullstack Engineer,Randstad Technologies,"London, UK","UK, London",143000,156000,0,contract,,IT Jobs,2026-07-20T22:08:44Z,"The Opportunity In this role, you will go beyond building standard user-facing features to focus on critical internal platform architecture. You will work within a lean, agile team to bridge frontend development with backend systems, transforming how internal engineers interact with, validate, and secure core data pipelines. Your Impact Platform Innovation: Build and scale developer-facing tools and dashboards from scratch to manage data contracts at the code level. Infrastructure Safeguards: P…",https://www.adzuna.co.uk/jobs/land/ad/5808398210?se=frtSlg6G8RGa14EqyXoy-w&utm_medium=api&utm_source=c0698c3f&v=B09A7E1D964D57697BB8ABE1623FFAC80E3ACE24,frontend developer,London
5808330129,Fullstack Engineer,Randstad Technologies Recruitment,"Farringdon, Central London","UK, London, Central London, Farringdon",143000,156000,0,contract,,IT Jobs,2026-07-20T19:59:07Z,"The Opportunity In this role, you will go beyond building standard user-facing features to focus on critical internal platform architecture. You will work within a lean, agile team to bridge frontend development with backend systems, transforming how internal engineers interact with, validate, and secure core data pipelines. Your Impact Platform Innovation: Build and scale developer-facing tools and dashboards from scratch to manage data contracts at the code level. Infrastructure Safeguards: P…",https://www.adzuna.co.uk/jobs/land/ad/5808330129?se=frtSlg6G8RGa14EqyXoy-w&utm_medium=api&utm_source=c0698c3f&v=2A042EA4605C70D506316ED46430D7FE3D71B9DC,frontend developer,London
5800071910,Fullstack Engineer (Heavy Frontend) - SPFYJP00003550,Randstad Digital,"London, UK","UK, London",143000,156000,0,contract,,IT Jobs,2026-07-14T16:38:41Z,"The Opportunity In this role, you will go beyond building standard user-facing features to focus on critical internal platform architecture. You will work within a lean, agile team to bridge frontend development with backend systems, transforming how internal engineers interact with, validate, and secure core data pipelines. Your Impact Platform Innovation: Build and scale developer-facing tools and dashboards from scratch to manage data contracts at the code level. Infrastructure Safeguards: P…",https://www.adzuna.co.uk/jobs/details/5800071910?utm_medium=api&utm_source=c0698c3f,frontend developer,London
5804908937,Lead/Senior Lead Software Engineer - Agentic AI Engineering (Enterprise Asset Management),IFS,"London, UK","UK, London",77391.03,77391.03,1,,,IT Jobs,2026-07-17T14:28:09Z,"Job Description We are looking for a talented Lead/Senior Software Engineer to join our Enterprise Asset Management team and play a leading role in designing, developing, and implementing cloud-based enterprise solutions. The ideal candidate will demonstrate a strong leadership mindset, solid operational experience, and excellent problem-solving and communication skills. In this role, you will evaluate, implement, and extend enterprise solutions while driving continuous improvements in software…",https://www.adzuna.co.uk/jobs/details/5804908937?utm_medium=api&utm_source=c0698c3f,frontend developer,London
5789831289,"Software Engineer, Growth",Vercel,"London, UK","UK, London",54421.69,54421.69,1,,full_time,IT Jobs,2026-07-06T11:05:18Z,"For more than a decade, Vercel has shaped how the web is built. As the team behind Next.js, v0, and AI SDK, we create products that help builders move from idea to production with speed, security, and exceptional developer experience. Now, software is entering a new era, and the next generation of products will not just be used by people. They will be built, extended, and operated by agents. We are building the platform for that future, trusted by companies like OpenAI, PayPal, Ramp, Supreme, a…",https://www.adzuna.co.uk/jobs/details/5789831289?utm_medium=api&utm_source=c0698c3f,frontend developer,London
5793018191,IT Development Team Lead (Full Stack),Euro Car Parks,"London, UK","UK, London",100000,100000,0,permanent,,IT Jobs,2026-07-08T21:33:12Z,"IT Development Team Lead (Full Stack), Central London An exciting Development Team Lead (Full Stack) role with a salary of £100,000 plus commission and career progression opportunities for a permanent role based in our Marylebone, London office. We are offering a fantastic opportunity for an experienced Development Team Lead (Full Stack) with an immediate start at a market leading, dynamic and renowned property, technology and innovative, technology-based car parking company. Euro Car Parks is …",https://www.adzuna.co.uk/jobs/details/5793018191?utm_medium=api&utm_source=c0698c3f,frontend developer,London
5792435293,Senior .Net Back End Developer,Ascend Consulting,"London, UK","UK, London",45000,80000,0,permanent,full_time,IT Jobs,2026-07-08T12:19:43Z,"Senior Developer, Back End, API, .Net SQL, NW London to £80K (office based role) A Senior Back End Developer is required to join this established financial software house based in North London. They work with some of the leading brands in retail and media, offering financial management systems developed in house by their small dynamic team of tech professionals. Due to growth a Senior Developer is required with expertise in .NET, C# / VB, SQL Server, and SAP Business One integration. The ideal …",https://www.adzuna.co.uk/jobs/land/ad/5792435293?se=frtSlg6G8RGa14EqyXoy-w&utm_medium=api&utm_source=c0698c3f&v=668F76064CE55E513DFCC7F7B3D73CA57BE3931E,frontend developer,London
5795587320,Frontend Engineer,Hyre AI Limited,"Farringdon, Central London","UK, London, Central London, Farringdon",80000,95000,0,,full_time,IT Jobs,2026-07-10T13:20:12Z,"Founding Frontend Engineer We're recruiting for a leading AI security start-up who are building an adaptive security layer designed to detect and respond to evolving threats in real time. As a Founding Frontend Engineer, you'll be responsible for developing, maintaining, and scaling their user portal - the first thing customers see when engaging with their product. You'll also be crafting the principles and values the organisation upholds when doing frontend engineering now, and into the future…",https://www.adzuna.co.uk/jobs/land/ad/5795587320?se=frtSlg6G8RGa14EqyXoy-w&utm_medium=api&utm_source=c0698c3f&v=AE511794C7CEF14484EF27D8D92148081287B5CB,frontend developer,London
5803046049,Founding Frontend Engineer,Hyre AI Limited,"Broadgate, Central London","UK, London, Central London, Broadgate",75000,90000,0,,full_time,IT Jobs,2026-07-16T15:21:22Z,"Founding Frontend Engineer We're recruiting for a leading AI security start-up who are building an adaptive security layer designed to detect and respond to evolving threats in real time. As a Founding Frontend Engineer, you'll be responsible for developing, maintaining, and scaling their user portal - the first thing customers see when engaging with their product. You'll also be crafting the principles and values the organisation upholds when doing frontend engineering now, and into the future…",https://www.adzuna.co.uk/jobs/land/ad/5803046049?se=frtSlg6G8RGa14EqyXoy-w&utm_medium=api&utm_source=c0698c3f&v=25D84ED62F9BD95A2F18DE22E871EBB8CAFCA220,frontend developer,London
5805099694,Senior .Net Developer,Ascend Consulting,"Mill Hill, North West London","UK, London, North West London, Mill Hill",50000,85000,0,,full_time,IT Jobs,2026-07-17T19:23:49Z,"Senior .Net Developer, C# / VB.Net, API, SQL, NW London to £85K A Back End Developer is required to join this established financial software house based in North London. They work with some of the leading brands in retail and media, offering financial management systems developed in house by their small dynamic team of tech professionals. Due to growth a Senior .Net Back End Developer is required with expertise in Visual Basic .NET, C#, SQL Server, and SAP Business One integration. The ideal ca…",https://www.adzuna.co.uk/jobs/land/ad/5805099694?se=frtSlg6G8RGa14EqyXoy-w&utm_medium=api&utm_source=c0698c3f&v=1480CE5B054934F02BD5811EFCE45D54109F4637,frontend developer,London
5804709397,Founding Frontend Engineer,Hyre AI Limited,"Bishopsgate, Central London","UK, London, Central London, Bishopsgate",75000,90000,0,,full_time,IT Jobs,2026-07-17T10:45:44Z,"Salary: £75,000 - 90,000 per year Requirements: Strong commercial experience as a front end developer, delivering production web applications. Excellent JavaScript and TypeScript skills, with strong experience building UI with React. Solid HTML5 and CSS skills, including building responsive interfaces that work well across devices and browsers. Experience working with modern web application patterns, including server-side rendering or similar techniques and performance-minded UI delivery. Exper…",https://www.adzuna.co.uk/jobs/details/5804709397?utm_medium=api&utm_source=c0698c3f,frontend developer,London
5804707689,Lead Full Stack Engineer,ReVybe IT Recruitment Limited,"St Lukes, Central London","UK, London, Central London, St Lukes",100000,125000,0,,full_time,IT Jobs,2026-07-17T10:45:37Z,"Salary: £100,000 - 125,000 per year Requirements: Significant commercial experience developing modern .NET applications Strong front-end experience with Angular, JavaScript, and TypeScript Experience designing scalable distributed systems and microservices A passion for writing clean, maintainable, high-quality code Strong understanding of SOLID principles and Clean Architecture Previous experience leading or mentoring software engineers Excellent communication and stakeholder management skills…",https://www.adzuna.co.uk/jobs/details/5804707689?utm_medium=api&utm_source=c0698c3f,frontend developer,London
5781155440,Full Stack Software Engineer,Matched Group,"London, UK","UK, London",91000,104000,0,contract,,IT Jobs,2026-06-29T14:52:00Z,"Full Stack Software Engineer Tech : AWS, NodeJS, TypeScript, JavaScript, ReactJS, React Native (back end leaning) Why? start-up financial services, revolutionising the industry Start : ASAP Inside IR35 £400 day rate Location : Hybrid - 1-3 days in the office (Central London) Our Client A start-up FinTech is launching credit card, personal loans and insurance offerings aimed at delivering fair, flexible, and user-friendly financial products to consumers. The organisation is committed to empoweri…",https://www.adzuna.co.uk/jobs/land/ad/5781155440?se=frtSlg6G8RGa14EqyXoy-w&utm_medium=api&utm_source=c0698c3f&v=293707234BBD6AE95B3D7712DBFA3E2AFEF90C97,frontend developer,London
5722147509,Senior Security Solutions Expert,ThreatAware,"London, UK","UK, London",44294.38,44294.38,1,,full_time,IT Jobs,2026-05-07T21:59:52Z,"About the role We're hiring a Senior Security Solutions Expert to bring deep domain expertise to our AI-powered security workspace. You'll craft the solutions that solve real-world security problems within our platform — then showcase and deliver them to prospects and customers alike. You sit in the Customer Enablement team, working at the intersection of product, security, and customer value. If you've lived and breathed cybersecurity and want to shape how security teams actually use AI to do …",https://www.adzuna.co.uk/jobs/details/5722147509?utm_medium=api&utm_source=c0698c3f,frontend developer,London
5672944140,Senior/Staff Engineer - Bombadil,Antithesis,"London, UK","UK, London",140000,170000,0,,full_time,IT Jobs,2026-03-20T10:31:02Z,"About Antithesis We've been quietly reinventing how the world thinks about software reliability, and we're just getting started! At Antithesis, we start at the foundations – we run entire software systems inside a deterministic simulation and break them in every way imaginable. Every issue then comes with a perfect reproduction, so you can identify root causes fast instead of spending days trying to recreate what went wrong. The rise of AI-generated code has made this work more urgent than ever…",https://www.adzuna.co.uk/jobs/details/5672944140?utm_medium=api&utm_source=c0698c3f,frontend developer,London
5804707857,Java Full Stack Engineer,83zero Ltd,"Victoria, South West London","UK, London, South West London, Victoria",45000,55000,0,permanent,full_time,IT Jobs,2026-07-17T10:45:37Z,"Salary: £45,000 - 55,000 per year Requirements: Strong experience building RESTful microservices using Java and Spring Boot Frontend development experience with React, JavaScript/TypeScript, HTML and CSS Experience designing and integrating REST APIs Proficiency with Git and platforms such as GitHub or GitLab Experience working with AWS or Azure Hands-on experience with Docker and Docker Compose Experience with CI/CD tools such as GitLab CI, GitHub Actions or Jenkins Experience working in Agile…",https://www.adzuna.co.uk/jobs/details/5804707857?utm_medium=api&utm_source=c0698c3f,frontend developer,London
5807057850,Full Stack .NET Engineer,83zero Ltd,"Bankside, South East London","UK, London, South East London, Bankside",45000,70000,0,permanent,full_time,IT Jobs,2026-07-19T10:51:55Z,"Salary: £45,000 - 70,000 per year Requirements: Strong experience developing applications using C# and ASP.NET Core. Frontend development experience with React, Angular, or Blazor. Experience designing and integrating REST APIs. Proficiency with Git and platforms such as GitHub or GitLab. Experience working with Azure or AWS. Experience with CI/CD tools such as GitLab CI, GitHub Actions, Azure DevOps, or Jenkins. Experience working in Agile software development teams. Experience with Entity Fra…",https://www.adzuna.co.uk/jobs/details/5807057850?utm_medium=api&utm_source=c0698c3f,frontend developer,London
5807367732,Front-End Developer (React and React Native),Foresters Financial,"Shortlands, Bromley","UK, London, South East London, Bromley, Shortlands",52773.23,52773.23,1,contract,,IT Jobs,2026-07-19T22:26:46Z,"We’re looking for an experienced Frontend Developer (React & React Native) to join our Digital Solutions team on a 12-month fixed-term contract. In this hands-on role, you’ll play a key part in growing our digital platform, delivering intuitive omni-channel services for our customers, and enhancing the workflows and systems that support our customer-facing teams. You’ll be involved across the full development lifecycle from collaborating with the business to understand cus…",https://www.adzuna.co.uk/jobs/details/5807367732?utm_medium=api&utm_source=c0698c3f,frontend developer,London
5789831328,"Software Engineer, AI SDK",Vercel,"London, UK","UK, London",60426.09,60426.09,1,,full_time,IT Jobs,2026-07-06T11:05:23Z,"For more than a decade, Vercel has shaped how the web is built. As the team behind Next.js, v0, and AI SDK, we create products that help builders move from idea to production with speed, security, and exceptional developer experience. Now, software is entering a new era, and the next generation of products will not just be used by people. They will be built, extended, and operated by agents. We are building the platform for that future, trusted by companies like OpenAI, PayPal, Ramp, Supreme, a…",https://www.adzuna.co.uk/jobs/details/5789831328?utm_medium=api&utm_source=c0698c3f,frontend developer,London
5738777196,Senior UI Platform Engineer,Jain Global,"London, UK","UK, London",70529.27,70529.27,1,,full_time,IT Jobs,2026-05-23T13:24:49Z,"Job Description: Senior UI Platform Engineer Location : London About Jain Global Jain Global is an innovative multi-strategy / multi-manager investment firm founded on the basis of achieving scale on Day 1 across regions, markets and investors. With over 300 employees operating from offices in New York, Houston, London, Singapore, and Hong Kong, we are looking to add to our growing teams. Role Summary Core Platform is responsible for defining and building shared engineering foundations used acr…",https://www.adzuna.co.uk/jobs/details/5738777196?utm_medium=api&utm_source=c0698c3f,frontend developer,London
5809726580,Senior Tech Lead - FinTech,Carousel Consultancy Ltd,"London, UK","UK, London",90633.43,90633.43,1,permanent,full_time,IT Jobs,2026-07-21T22:12:57Z,"Senior Tech Lead - PHP, Node.js, React, AWS - Successful FinTech - UK Remote-First - Highly Competitive Salary We have a fabulous opportunity to join a successful FinTech as their Senior Tech Lead , on a UK remote-first basis. Joining the engineering team that develops and maintains the technology that powers the entire fintech platform, the Senior Tech Lead will help drive architecture decisions and evolve the platform as the company scales. This is a hands-on role that would suit Tech Leads w…",https://www.adzuna.co.uk/jobs/land/ad/5809726580?se=frtSlg6G8RGa14EqyXoy-w&utm_medium=api&utm_source=c0698c3f&v=AEF8D4AC01AC1F09A1A87CFC7176296A315B839C,frontend developer,London
5501974690,Engineering Lead,Attio,"London, UK","UK, London",120000,150000,0,,full_time,Engineering Jobs,2025-11-18T17:06:23Z,"Attio is the CRM built for the AI era. Designed for the most ambitious go-to-market teams, it gives companies the power to understand every customer, automate at scale, and build their go-to-market motion exactly as they need. We've raised $116M from some of the world's best investors: GV (Google Ventures), Redpoint, Balderton, Point Nine, and 01A. We hire builders who thrive on complex technical challenges, hold themselves to a high bar, and genuinely care about delighting the people who use w…",https://www.adzuna.co.uk/jobs/details/5501974690?utm_medium=api&utm_source=c0698c3f,frontend developer,London
5798875649,Junior Full Stack Developer: AI-Assisted Engineering,MyPocketSkill,"London, UK","UK, London",35000,35000,0,permanent,full_time,Graduate Jobs,2026-07-13T15:17:44Z,"Help build the AI-powered platform giving young people real earning power. MyPocketSkill is looking for a Junior Full Stack Developer to join our engineering team and help build our fintech/edtech platform for 13–25-year-olds. This is a hands-on role for someone early in their software career who wants to learn quickly, ship fast and make real progress using modern AI coding tools such as Claude, Cursor, Augment, GitHub Copilot or similar . About MyPocketSkill MyPocketSkill helps young people: …",https://www.adzuna.co.uk/jobs/details/5798875649?utm_medium=api&utm_source=c0698c3f,full stack developer,London
5601945831,Full Stack Developer,EnableAll Limited,"Somers Town, North West London","UK, London, North West London, Somers Town",75000,100000,0,,full_time,IT Jobs,2026-01-27T16:43:50Z,"B2B SaaS | Pioneering Web Accessibility App | Angular, .Net, C#, ASP, SQL, OOO Programming, Python, API About EnableAll We’re on a mission to make the web more accessible to people with disabilities and neurodiversities. Our AI-powered platform helps eCommerce businesses comply with global accessibility standards (ADA, EAA, WCAG), increase conversions, and build more inclusive brands. We’ve launched on the Shopify App Store and are building a modern, scalable SaaS platform, with plans to expand…",https://www.adzuna.co.uk/jobs/details/5601945831?utm_medium=api&utm_source=c0698c3f,full stack developer,London
5681687167,Full Stack Developer,QuantumLoopAI,"London, UK","UK, London",60150.69,60150.69,1,,full_time,IT Jobs,2026-03-28T21:01:23Z,"ABOUT QUANTUMLOOPAI QuantumLoopAI is transforming how patients access NHS primary care. Our AI-powered reception system, EMMA, serves millions of NHS patients, helping GP surgeries manage demand, reduce phone queues, and ensure patients get the right care at the right time. Backed by leading healthcare investors and working with NHS practices across England, we are building the future of primary care access. As we prepare for our Series A and expand our team, we are looking for exceptional peop…",https://www.adzuna.co.uk/jobs/details/5681687167?utm_medium=api&utm_source=c0698c3f,full stack developer,London
5792882044,Full Stack Developer,Spectrum IT Recruitment,"London, UK","UK, London",40000,50000,0,permanent,full_time,IT Jobs,2026-07-08T17:47:09Z,"We are seeking a Full Stack Developer to join a globally recognised organisation as part of a small development team, building and enhancing their product range.Previous commercial experience in a Full Stack development role is essential. The company offers flexible hybrid working, with just one day per month required in their London office. Technical Requirements C# / .NET React AWS or Azure API Development Agile Additional & Beneficial Skills: Salesforce Apex Please apply to this advert or em…",https://www.adzuna.co.uk/jobs/land/ad/5792882044?se=jrx3lw6G8RGOjq-EnQ330Q&utm_medium=api&utm_source=c0698c3f&v=E5C05EBFA3D8A8F6CE71F26CA53832E421142A9D,full stack developer,London
5792489002,Full Stack Developer,Spectrum IT Recruitment,"Farringdon, Central London","UK, London, Central London, Farringdon",40000,50000,0,,full_time,IT Jobs,2026-07-08T15:47:44Z,"We are seeking a Full Stack Developer to join a globally recognised organisation as part of a small development team, building and enhancing their product range. Previous commercial experience in a Full Stack development role is essential. The company offers flexible hybrid working, with just one day per month required in their London office. Technical Requirements C# / .NET React AWS or Azure API Development AgileAdditional & Beneficial Skills: Salesforce ApexPlease apply to this advert or ema…",https://www.adzuna.co.uk/jobs/land/ad/5792489002?se=jrx3lw6G8RGOjq-EnQ330Q&utm_medium=api&utm_source=c0698c3f&v=BB0C9ABB0B960B0786B2CE5679A10B354F38B9E8,full stack developer,London
5802786461,Full Stack Developer,Arc IT Recruitment,"London, UK","UK, London",50000,60000,0,permanent,full_time,IT Jobs,2026-07-16T11:29:42Z,"Full Stack Developer X2 (Mid-Level – React, Node) – Product Development (Remote, UK-based) £50k - £60k Full Stack Software Developer required to join our client’s growing Product Development team. This is a unique opportunity to work remotely in the UK, contribute to modern digital platforms, and shape the future of our products in a collaborative and progressive tech environment. As part of their team, you’ll help rebuild and enhance our web platform, backend systems, and APIs, as well as main…",https://www.adzuna.co.uk/jobs/land/ad/5802786461?se=jrx3lw6G8RGOjq-EnQ330Q&utm_medium=api&utm_source=c0698c3f&v=97FE376DC79DF0790523D2EFFC2EF4372209B80C,full stack developer,London
5804790469,Full Stack Developer,Third Nexus Group Limited,"Farringdon, Central London","UK, London, Central London, Farringdon",84500,91000,0,contract,,IT Jobs,2026-07-17T11:23:44Z,"Full Stack Developer - (Python FAST API React JS) Up to £350pd Inside IR35 London - (Hybrid - 2 days per week in the office) 6 months Job Description 1. Primary Skillset - Python, FAST API, React & Containerization(Docker) 2. Secondary skills – AWS, PostgreSQL Python Web Application Development: o Experience with API development, related services, and controllers o Database connectivity modules (preferably with FAST API, SQLAlchemy, or similar) Core Python Skills: o Solid grasp of Python fund…",https://www.adzuna.co.uk/jobs/land/ad/5804790469?se=jrx3lw6G8RGOjq-EnQ330Q&utm_medium=api&utm_source=c0698c3f&v=342FA05E45E0A249CF000B7E3F00968070D823E7,full stack developer,London
5790937586,Full Stack Developer,Reed,"London, UK","UK, London",65000,85000,0,permanent,full_time,IT Jobs,2026-07-07T11:44:44Z,"Full Stack Cloud Engineer Salary: £65,000 - £85,000 Equity Potential Location: London (Hybrid) Security Requirement: Must be eligible for SC Clearance (minimum 5 years continuous UK residency) Help Build the Next Generation of AI-Powered Public Safety Technology We're partnering with a highly ambitious, venture-backed technology company operating in stealth mode. Their mission is to become a global leader in AI solutions that support law enforcement, public safety and other mission-critical en…",https://www.adzuna.co.uk/jobs/land/ad/5790937586?se=jrx3lw6G8RGOjq-EnQ330Q&utm_medium=api&utm_source=c0698c3f&v=D6F808B94C6F6D152AA8C3B8B4EF2960202EA548,full stack developer,London
5770217126,Full Stack Developer,Sanderson Recruitment,"London, UK","UK, London",65000,65000,0,permanent,,IT Jobs,2026-06-20T05:40:28Z,"Full Stack Developer (React Focused) Location: Remote first - 1/4 visits to London Type: Permanent Salary: up to £65,000 We are looking for two experienced Full Stack Developers with a strong React background to join a fast-growing technology company delivering innovative digital products to a global customer base. This is an exciting opportunity to play a leading role in building and evolving modern, customer-facing platforms. Working across a React-based front end and Node.js back end, you'll…",https://www.adzuna.co.uk/jobs/details/5770217126?utm_medium=api&utm_source=c0698c3f,full stack developer,London
5807905075,Full Stack Developer,Tavion,"London, UK","UK, London",57899.78,57899.78,1,,part_time,IT Jobs,2026-07-20T07:38:44Z,"We are looking for a Full Stack Developer to join our team and build scalable, high-performance web applications. You will work across the entire technology stack, collaborating with cross-functional teams to deliver reliable and user-friendly solutions. Responsibilities Develop and maintain front-end and back-end components of web applications. Design, implement, and optimize RESTful APIs and microservices. Build responsive and intuitive user interfaces. Integrate third-party services and APIs…",https://www.adzuna.co.uk/jobs/details/5807905075?utm_medium=api&utm_source=c0698c3f,full stack developer,London
5784175604,Full Stack Developer,Robert Half Limited,"London, UK","UK, London",61786.24,61786.24,1,contract,,IT Jobs,2026-07-01T21:42:44Z,"Robert Half Technology are assisting UK's market leading media organisation to recruit a Full Stack Developer on a 6-12 month contract basis Join an innovative team operating at the intersection of technology, digital experiences, and consumer engagement. As a fast-growing organisation backed by an established industry leader, we are building products that serve a large and highly engaged global audience. Our product ecosystem spans live commerce, marketplaces, real-time purchasing experiences,…",https://www.adzuna.co.uk/jobs/details/5784175604?utm_medium=api&utm_source=c0698c3f,full stack developer,London
5792947905,Full Stack Developer,Hexwired Recruitment Limited,"Farringdon, Central London","UK, London, Central London, Farringdon",80000,150000,0,,full_time,IT Jobs,2026-07-08T18:52:03Z,"Please note this is a remote working role from the UK Hexwired has partnered with a company who are an AI Start up and are already excelling in their field. They are looking for a Full Stack Engineer who will own how the company systems behave in desktop environments, within their production desktop applications. The main responsibilities for the Full Stack Engineer are to build and maintain cross-platform desktop applications using Electron whilst designing responsive and scalable UIs for real…",https://www.adzuna.co.uk/jobs/land/ad/5792947905?se=jrx3lw6G8RGOjq-EnQ330Q&utm_medium=api&utm_source=c0698c3f&v=A748836D53A8089CD0C458D471F85BB2A8A8FCF1,full stack developer,London
5792948971,Full Stack Developer,Hexwired Recruitment Limited,"Farringdon, Central London","UK, London, Central London, Farringdon",80000,150000,0,,full_time,IT Jobs,2026-07-08T18:53:43Z,"Please note this is a remote working role from the UK Hexwired has partnered with a company who are an AI Start up and are already excelling in their field. They are looking for a Full Stack Engineer who will build the product layer that turns AI capabilities into usable, production-grade workflows. The main responsibilities for the Full Stack Engineer are to build end-to-end product features across frontend, backend, and AI integrations. You will be collaborating closely with ML, backend, and …",https://www.adzuna.co.uk/jobs/land/ad/5792948971?se=jrx3lw6G8RGOjq-EnQ330Q&utm_medium=api&utm_source=c0698c3f&v=2565E18270E40E9BDD31760976D77467DD55D4D1,full stack developer,London
5799004319,Full Stack Developer,Trafalgar House,"London, UK","UK, London",57841.39,57841.39,1,permanent,full_time,IT Jobs,2026-07-13T20:05:24Z,"Main purpose of the role The Full Stack Developer will design, develop, and support modern web applications and internal digital platforms that improve automation, efficiency, and user experience across the business. The role focuses on Python and Django development, contributing across the full technology stack including front-end development, APIs, integrations, databases, testing, and cloud deployment practices. Key responsibilities Agile Product Delivery Work within Agile delivery squads, c…",https://www.adzuna.co.uk/jobs/details/5799004319?utm_medium=api&utm_source=c0698c3f,full stack developer,London
5804704586,Full Stack Developer,Hexwired Recruitment Limited,"Broadgate, Central London","UK, London, Central London, Broadgate",30000,60000,0,,full_time,IT Jobs,2026-07-17T10:45:23Z,"Salary: £30,000 - 60,000 per year Requirements: 4 years experience developing web and mobile applications Proficient in JavaScript Experience with Node.js, Next.js, Express.js Knowledge of React/React Native Familiarity with .Net 4.8, 9/10 Proficient in C# Strong understanding of HTML/CSS Experience with API Restful Services Responsibilities: Build and maintain the companys platforms Collaborate with the team while being able to work independently Develop both web and mobile applications Ensure…",https://www.adzuna.co.uk/jobs/details/5804704586?utm_medium=api&utm_source=c0698c3f,full stack developer,London
5799154745,Full Stack Developer,TEAM LEWIS,"London, UK","UK, London",52608.66,52608.66,1,,,IT Jobs,2026-07-13T22:44:47Z,"TEAM LEWIS is looking for a Developer to join our incredible team of creative, forward thinking Developers. We are looking for someone with a strong and detailed understanding of both back-end concepts and front-end development. This is an exciting time to be joining TEAM LEWIS as we seek to rapidly expand our development team. This is an opportunity that will suit an ambitious professional who relishes the chance to help grow a business, thrives on challenges and working in a fast-paced intern…",https://www.adzuna.co.uk/jobs/details/5799154745?utm_medium=api&utm_source=c0698c3f,full stack developer,London
5807057845,Full Stack Developer,Third Nexus Group Limited,"Stepney, East London","UK, London, East London, Stepney",71224.12,71224.12,1,contract,,IT Jobs,2026-07-19T10:51:55Z,"Salary: £? - ? per year Requirements: Primary skillset: Python, FastAPI, React, and containerization with Docker Secondary skills: AWS and PostgreSQL Strong Python fundamentals Proficiency in data structures and algorithms Understanding of space-time complexity Strong understanding of APIs Fundamentals of relational and NoSQL databases Experience with CI/CD pipelines Proficiency in unit testing React experience with ReactJS, React Query, NodeJS, JavaScript, TypeScript, CSS, and HTML Experience …",https://www.adzuna.co.uk/jobs/details/5807057845?utm_medium=api&utm_source=c0698c3f,full stack developer,London
5801190803,Full Stack Developer,Cloud People,"London, UK","UK, London",79226.76,79226.76,1,,,IT Jobs,2026-07-15T13:51:11Z,"Full Stack Developer Home based with one day per month in the London office Company & role This role sits within the CTO Office of a global IT managed services provider that is investing in building out its own suite of digital products. You will join an established software function of around 30 people, working across the full stack to design, build and maintain scalable, user focused web applications. The core stack is TypeScript, React and NestJS, deployed via containerised environments int…",https://www.adzuna.co.uk/jobs/details/5801190803?utm_medium=api&utm_source=c0698c3f,full stack developer,London
5754570463,Full stack developer,Swiftsource,"London, UK","UK, London",60555.6,60555.6,1,,,IT Jobs,2026-06-06T16:58:24Z,"We are an award winning sustainable fintech consultancy applying innovative connected data approaches (graph databases, semantic and related technologies) to complex requirements for NGOs and the financial services industry. We have extensive experience in developing ESG investment software leveraging the latest data science, big data, machine learning, data visualisation and financial analysis techniques. We are a recognised thought leader applying these technologies in projects such as Trase.…",https://www.adzuna.co.uk/jobs/details/5754570463?utm_medium=api&utm_source=c0698c3f,full stack developer,London
5765804212,Full Stack Developer,Kennedy Pearce Consulting,"South East London, London","UK, London, South East London",70000,70000,0,,,IT Jobs,2026-06-16T21:37:26Z,"Frontend-Leaning Full Stack Engineer We're partnered with a venture-backed cybersecurity business building cutting-edge software that helps organisations identify, understand and mitigate complex security risks. As the team continues to grow, they're looking for a frontend-leaning Full Stack Engineer who enjoys building intuitive user experiences while remaining comfortable working across the entire stack. You'll work closely with product, engineering and leadership teams to design and deliver …",https://www.adzuna.co.uk/jobs/details/5765804212?utm_medium=api&utm_source=c0698c3f,full stack developer,London
5804737772,Principal Full Stack Developer,RedTech Recruitment Ltd.,"St Lukes, Central London","UK, London, Central London, St Lukes",90000,100000,0,permanent,full_time,IT Jobs,2026-07-17T11:10:07Z,"Principal Full Stack Developer A unique opportunity for a Principal Full Stack Developer to join a very well-funded early-stage technology company. Initially working remotely, with plans for a hybrid London office, you will play a pivotal role in transforming an innovative prototype into a production-ready platform while helping shape the long-term technical direction of the product. This is an exciting opportunity to work with a modern technology stack, take ownership of key technical decision…",https://www.adzuna.co.uk/jobs/details/5804737772?utm_medium=api&utm_source=c0698c3f,full stack developer,London
5804737773,Senior Full Stack Developer,RedTech Recruitment Ltd.,"St Lukes, Central London","UK, London, Central London, St Lukes",65000,80000,0,permanent,full_time,IT Jobs,2026-07-17T11:10:07Z,"Senior Full Stack Developer A unique opportunity for a Senior Full Stack Developer to join a well-funded early-stage technology company. Initially working remotely, with plans for a hybrid London office, you will play a key role in developing a cutting-edge software platform, working across the front end, back end, APIs and data-driven workflows. Taking ownership of features throughout the full software development lifecycle, from design and implementation through to testing and release, you wi…",https://www.adzuna.co.uk/jobs/details/5804737773?utm_medium=api&utm_source=c0698c3f,full stack developer,London
5810204344,Full-stack Developer/Engineer,The Opportunity Hub UK,"London, UK","UK, London",55000,55000,0,permanent,full_time,IT Jobs,2026-07-22T02:24:29Z,"Exceptional opportunity for an experienced Full Stack Developer to join a groundbreaking AI-powered video technology company revolutionising how we capture and experience live events. The future of media is multi perspective, interactive, and AI-driven. London's tech sector is at the forefront of this transformation, where innovative start ups are redefining storytelling through cutting-edge video technology and artificial intelligence. This Senior Full Stack Developer position offers the rare …",https://www.adzuna.co.uk/jobs/details/5810204344?utm_medium=api&utm_source=c0698c3f,full stack developer,London
5782683657,Senior Full Stack Developer,Mercor,"London, UK","UK, London",50204.8,50204.8,1,contract,,IT Jobs,2026-07-01T02:43:03Z,"About the job Mercor connects elite creative and technical talent with leading AI research labs. Headquartered in San Francisco, our investors include Benchmark , General Catalyst , Peter Thiel , Adam D'Angelo , Larry Summers , and Jack Dorsey . Position: Senior Software Engineer Expert Type: Contract Compensation: $80–$130/hour Location: Remote Role Responsibilities Design, develop, and maintain full-stack applications using Python . Build and integrate APIs and MCP-based systems . Collaborate…",https://www.adzuna.co.uk/jobs/details/5782683657?utm_medium=api&utm_source=c0698c3f,full stack developer,London
5699153659,Senior Full Stack Developer,Appvia,"London, UK","UK, London",70000,80000,0,permanent,full_time,IT Jobs,2026-04-14T19:03:11Z,"Senior Full Stack Developer Internal Title: Senior Full Stack Developer Location: London, UK (Hybrid - typically 1-2 days per month in office) Contract: Permanent, Full-time Package (perm): £70,000 - £80,000 10% Bonus 10% Shares Benefits (see more below) About Appvia Appvia is a specialist cloud, platform, and solutions engineering consultancy, helping organisations modernise software systems, improve developer productivity, and adopt cloud-native practices that enable long-term, sustainable…",https://www.adzuna.co.uk/jobs/details/5699153659?utm_medium=api&utm_source=c0698c3f,full stack developer,London
5783679547,Senior Full Stack Developer,Pure Human Resources Ltd,"East London, London","UK, London, East London",74416.5,74416.5,1,permanent,full_time,IT Jobs,2026-07-01T13:43:17Z,"Senior Full Stack Developer England (Remote) Full time, permanent Salary: £55,000 £70,000 (DOE) Competitive benefits package Building technology that makes a real difference in healthcare Our client, Holmusk, is a global health technology company transforming behavioural health and chronic disease care through data, digital innovation and evidence-driven medicine. Following continued growth, they are seeking an experienced Senior Full Stack Developer to join their UK team and play a key role in…",https://www.adzuna.co.uk/jobs/details/5783679547?utm_medium=api&utm_source=c0698c3f,full stack developer,London
5808894073,Full-stack Developer/Engineer,The Opportunity Hub UK,"London, UK","UK, London",55000,55000,0,permanent,,IT Jobs,2026-07-21T06:16:36Z,"Exceptional opportunity for an experienced Full Stack Developer to join a groundbreaking AI-powered video technology company revolutionising how we capture and experience live events. TheExceptional opportunity for an experienced Full Stack Developer to join a groundbreaking AI-powered video technology company revolutionising how we capture and experience live events. The future of media is multi perspective, interactive, and AI-driven. London's tech sector is at the forefront of this transform…",https://www.adzuna.co.uk/jobs/details/5808894073?utm_medium=api&utm_source=c0698c3f,full stack developer,London
5706562567,Full-Stack Development- Consultant,Avanade Inc.,"London, UK","UK, London",52063.33,52063.33,1,,,IT Jobs,2026-04-22T01:07:17Z,"Join as a visionary Full Stack Developer, leading transformative development with integrated solutions across front and back-end, bridging the technology-business gap and shaping the future with innovative user experiences.Join as a Full Stack Developer and lead transformative development, crafting innovative solutions across front and back-end with integrated services and APIs. Embrace your leadership role, creating conceptual architecture to meet precise client needs, while bridging the techn…",https://www.adzuna.co.uk/jobs/details/5706562567?utm_medium=api&utm_source=c0698c3f,full stack developer,London
5773739263,Full-Stack Development- Consultant,Avanade,"London, UK","UK, London",61456.03,61456.03,1,,full_time,IT Jobs,2026-06-23T17:10:24Z,"Join as a visionary Full Stack Developer, leading transformative development with integrated solutions across front and back-end, bridging the technology-business gap and shaping the future with innovative user experiences. Join as a Full Stack Developer and lead transformative development, crafting innovative solutions across front and back-end with integrated services and APIs. Embrace your leadership role, creating conceptual architecture to meet precise client needs, while bridging the tech…",https://www.adzuna.co.uk/jobs/details/5773739263?utm_medium=api&utm_source=c0698c3f,full stack developer,London
5767009471,Full Stack Developer (.NET),DGH Recruitment,"The City, Central London","UK, London, Central London, The City",51971.41,51971.41,1,contract,,IT Jobs,2026-06-17T21:44:05Z,"Full Stack Developer (.NET) / 12 month fixed term contract An established professional services organisation is seeking a Full Stack Developer to join its IT team. You'll play a key role in designing and delivering bespoke applications that support internal teams and clients, working within a collaborative, global agile environment. This is a hands-on development role where you'll contribute to building high-quality web solutions, influence technical direction, and help deliver impactful digita…",https://www.adzuna.co.uk/jobs/details/5767009471?utm_medium=api&utm_source=c0698c3f,full stack developer,London
5727333138,Senior Full Stack Developer,talentcentric.com,"London, UK","UK, London",80000,100000,0,,,IT Jobs,2026-05-12T22:14:52Z,"Senior Full Stack Developer Location: London (Hybrid – 3 days in office) Salary: £80,000 – £100,000 equity benefits About the company This is a fast-growing, venture-backed SaaS company redefining how modern organisations operate. They’re building infrastructure for globally distributed teams — moving beyond traditional systems of record into intelligent, AI-powered platforms that connect workflows across People, Finance, IT, and Operations. With strong product-market fit, ambitious growth pl…",https://www.adzuna.co.uk/jobs/details/5727333138?utm_medium=api&utm_source=c0698c3f,full stack developer,London
5677960255,Sr. Full Stack Developer,Broadridge,"London, UK","UK, London",73019.41,73019.41,1,,full_time,IT Jobs,2026-03-25T10:20:19Z,"At Broadridge, we've built a culture where the highest goal is to empower others to accomplish more. If you’re passionate about developing your career, while helping others along the way, come join the Broadridge team. We are excited to announce an opportunity for a Senior Developer to join our organization as part of our AI Enablement Team. In this role, you will play a crucial role in Implementing and designing the solutions that enhance our AI capabilities across the organization, with a spe…",https://www.adzuna.co.uk/jobs/details/5677960255?utm_medium=api&utm_source=c0698c3f,full stack developer,London
5808309108,Full Stack Developer (Node/React),Arc IT Recruitment,"London, UK","UK, London",60000,60000,0,permanent,full_time,IT Jobs,2026-07-20T18:15:14Z,"Full Stack Developer (Node/React) Are you a pragmatic, innovative, and self-motivated problem solver with a passion for building scalable, high-performing software? We're looking for a Full Stack Engineer, with skills working in Node and React, to join a high-performing product team working on a global, high-traffic eCommerce platform handling thousands of transactions daily. You'll play a key role in designing and developing end-to-end solutions, collaborating closely with both technical and b…",https://www.adzuna.co.uk/jobs/land/ad/5808309108?se=jrx3lw6G8RGOjq-EnQ330Q&utm_medium=api&utm_source=c0698c3f&v=77F5DA8F0DED8A5043FACAF1BA5FD3A5B5C8FC76,full stack developer,London
5773191425,Full Stack Developer (.NET / C#),Ernest Gordon Recruitment,"Greenford, London","UK, London, Greenford",55000,55000,0,permanent,,IT Jobs,2026-06-23T05:41:04Z,"Full Stack Developer (.NET / C#) £53,000 - £58,000 Company Benefits WFH 2 / 3 days a week 1:30pm Finish on a Friday Greenford, London Are you a Full Stack Developer from a .NET and C# background, with an understanding of JavaScript and C++, looking for an autonomous position where you will be the go-to technical expert? Do you want a Hybrid role where you'll be working on cutting-edge water harvesting technology and be an integral part in the move towards smart device integration, responsibl…",https://www.adzuna.co.uk/jobs/details/5773191425?utm_medium=api&utm_source=c0698c3f,full stack developer,London
5804708010,Full Stack Developer (Principal / Senior),Hays Technology,"St Paul's, Central London","UK, London, Central London, St Paul's",30000,60000,0,contract,full_time,IT Jobs,2026-07-17T10:45:38Z,"Salary: £30,000 - 60,000 per year Requirements: Strong commercial full stack software engineering experience Experience with React and/or Next.js Experience with Node.js and TypeScript AWS cloud-native development experience Experience with REST APIs and microservices architecture Experience with CI/CD and modern software delivery practices Experience with automated testing Experience delivering cloud-native digital products within Agile teams Strong understanding of modern engineering, DevOps …",https://www.adzuna.co.uk/jobs/details/5804708010?utm_medium=api&utm_source=c0698c3f,full stack developer,London
5810158224,"Full Stack Developer, SC Clearance Required",Deloitte - Recruitment,"Fleet Street, Central London","UK, London, Central London, Fleet Street",57130.29,57130.29,1,contract,,IT Jobs,2026-07-22T02:06:29Z,"Role: Full Stack Developer, SC Clearance Required Location: London (Hybrid) Start Date: 3 rd August 2026 End Date: 6 Months initially Daily Rate: Competitive Inside IR35 Payroll provider – Rockford Payroll Info for Contingent Workers – Rockford Pay Help build an AI solution for the UK Cabinet Office We’re looking for an experienced Full Stack Developer to join a hybrid Deloitte/client team delivering an exciting AI project for the Cabinet Office . You’ll play a key role in taking an existing AI…",https://www.adzuna.co.uk/jobs/details/5810158224?utm_medium=api&utm_source=c0698c3f,full stack developer,London
5796939899,Full-Stack Developer - AI Trainer (UK),Anyone AI,"London, UK","UK, London",93600,166400,0,contract,part_time,IT Jobs,2026-07-11T13:29:05Z,"Anyone AI is recruiting skilled Full-Stack Developers (Python, Javascript/TypeScript) to work on a project with a leading AI Lab. Qualifications: Advanced professional written proficiency in English 3–7 years of professional software engineering experience Strong proficiency in Python and JavaScript/TypeScript; working knowledge of Java, C#, or Go Backend or full‑stack development experience in production systems Experience with testing frameworks (e.g., pytest, Jest, JUnit, xUnit, Go testing) …",https://www.adzuna.co.uk/jobs/details/5796939899?utm_medium=api&utm_source=c0698c3f,full stack developer,London
5769383651,SCON | Java Full Stack Developer | London,Infosys,"London, UK","UK, London",60986.5,60986.5,1,,,IT Jobs,2026-06-19T14:44:37Z,"Role – Senior Consultant Technology – Java Full Stack Developer Location – London, UK Business Unit – BCCORE Compensation – Competitive (including bonus) Job Description Today, the corporate landscape is dynamic and the world ahead is full of possibilities! None of the amazing things we do at Infosys would be possible without an equally amazing culture, the environment where ideas can flourish and where you are empowered to move forward as far as your ideas will take you. At Infosys, we assure …",https://www.adzuna.co.uk/jobs/details/5769383651?utm_medium=api&utm_source=c0698c3f,full stack developer,London
5809631782,Full Stack Developer - Investment Banking - Perm - London,Oliver James Associates,"The City, Central London","UK, London, Central London, The City",80000,100000,0,permanent,full_time,IT Jobs,2026-07-21T20:34:14Z,"Senior Full Stack Developer - Front End Location: London (Hybrid) Employment Type: Permanent Department: Data & Analytics About the Role We are looking for a Senior Full Stack Developer to help shape the next generation of data applications within our Data & Analytics function. As our technology stack evolves, we're moving beyond traditional reporting solutions and investing in modern, interactive applications built on the Databricks platform. This role will play a key part in establishing our …",https://www.adzuna.co.uk/jobs/details/5809631782?utm_medium=api&utm_source=c0698c3f,full stack developer,London
5809341141,Full Stack Developer - Investment Banking - Perm - London,Oliver James,"London, UK","UK, London",80000,100000,0,permanent,full_time,IT Jobs,2026-07-21T14:00:45Z,"Senior Full Stack Developer - Front End Location: London (Hybrid) Employment Type: Permanent Department: Data & Analytics About the Role We are looking for a Senior Full Stack Developer to help shape the next generation of data applications within our Data & Analytics function. As our technology stack evolves, we're moving beyond traditional reporting solutions and investing in modern, interactive applications built on the Databricks platform. This role will play a key part in establishing our …",https://www.adzuna.co.uk/jobs/details/5809341141?utm_medium=api&utm_source=c0698c3f,full stack developer,London
5808205555,Full Stack Developer Python TypeScript AWS Ruby,Client Server,"East London, London","UK, London, East London",100000,100000,0,,,IT Jobs,2026-07-20T16:45:18Z,"Full Stack Developer / Software Engineer (Python TypeScript AWS Ruby) London to £100k Are you a technologist who enjoys working with a range of technology across the full stack? You could be progressing your career in a senior, hands-on Full Stack Developer position at an ethical FinTech that specialises in providing small, short-term, secured loans that allow people to improve their credit ratings. What's in it for you: Salary to £100k bonus Pension, Life Assurance Private Medical Care and In…",https://www.adzuna.co.uk/jobs/details/5808205555?utm_medium=api&utm_source=c0698c3f,full stack developer,London
5810895592,Senior/Lead Full stack Developer (Angular & .NET),EPAM Systems,"London, UK","UK, London",81896.73,81896.73,1,,full_time,IT Jobs,2026-07-22T14:19:36Z,"As a Senior/Lead Full Stack Developer at EPAM, you will play a key role in designing, developing and delivering high-quality scalable software solutions. You will design robust, secure and efficient systems, taking ownership of the end-to-end software delivery lifecycle. This position is ideal for a dynamic, articulate professional who excels both independently and collaboratively and who is passionate about continuous learning and engineering excellence. This role requires working in a hybrid …",https://www.adzuna.co.uk/jobs/details/5810895592?utm_medium=api&utm_source=c0698c3f,full stack developer,London
5692096038,Full Stack Developer- Tech-Driven Algorithmic Fund,Oxford Knight,"London, UK","UK, London",72974.16,72974.16,1,,full_time,IT Jobs,2026-04-07T13:37:38Z,"One of the world's top algorithmic trading firms is looking to hire an experienced Full Stack Developer. In this role, you will be responsible for automating and developing a wide variety of web-based systems with a Python backend, including their post-trade and middle-office systems. As a Full Stack Developer, your code will impact business logic, provide user-friendly interfaces, and increase the quality of the web-based infrastructure. You will work closely with different teams such as Algo,…",https://www.adzuna.co.uk/jobs/details/5692096038?utm_medium=api&utm_source=c0698c3f,full stack developer,London
5784657091,Senior Full Stack Developer - eSC/eDV Clearance,IBM,"London, UK","UK, London",52416.8,52416.8,1,contract,,IT Jobs,2026-07-02T01:45:40Z,"Introduction At IBM Consulting UK FutureNow, you'll build a career at the forefront of hybrid cloud and AI, working with leading clients across the public and private sectors. You'll collaborate with top industry professionals, gain hands on experience with cutting edge technologies, and deliver solutions that create real business impact. From day one, you'll work on meaningful, high profile programmes that stretch your skills and accelerate your growth. We invest heavily in yousupporting conti…",https://www.adzuna.co.uk/jobs/details/5784657091?utm_medium=api&utm_source=c0698c3f,full stack developer,London
5804897740,Senior Consultant - Full-Stack Developer (Azure / Snowflake),Alpha Financial Markets,"London, UK","UK, London",60024.96,60024.96,1,contract,,IT Jobs,2026-07-17T13:58:37Z,"Alpha Financial Markets Consulting (Alpha) is a leading global consultancy to the financial services industry. We are a boutique management consulting firm that offers the world’s top industry players a competitive edge through our expertise and industry insight. Our team is of a uniquely high calibre and works across regulated financial markets, bringing deep expertise in insurance, alternative asset markets — including private equity, private credit, infrastructure and real estate — and other…",https://www.adzuna.co.uk/jobs/details/5804897740?utm_medium=api&utm_source=c0698c3f,full stack developer,London
5807185009,"Full Stack Developer, Aladdin Trading Engineering, Associate",BlackRock,"London, UK","UK, London",56615.95,56615.95,1,,full_time,IT Jobs,2026-07-19T13:53:05Z,"About this role What are Aladdin and Trading Engineering? You will be working on BlackRock's investment operating system called Aladdin. Aladdin is used both internally within BlackRock and externally by many financial institutions. Aladdin combines sophisticated risk analytics with comprehensive portfolio management, trading, and operations tools on a single platform to power informed decision-making and create a connective tissue for thousands of users investing worldwide. Our trading enginee…",https://www.adzuna.co.uk/jobs/details/5807185009?utm_medium=api&utm_source=c0698c3f,full stack developer,London
5809726926,"Senior Full Stack Developer (React, JavaScript & C#.NET)",Pontoon,"London, UK","UK, London",169000,169000,0,contract,,IT Jobs,2026-07-21T22:14:58Z,"Job Title: Senior Full Stack Developer (React & Java script) Contract Length: 12 Months Location: London - 3 Days a week onsite Daily Rate: Circa £650/Day (Inside IR35) About the Role Join our dynamic team as a Senior Full Stack Developer, where your expertise in React JS and C# .NET Core will shine! We are looking for a tech-savvy professional with a passion for building scalable applications within the financial sector. This is an exciting opportunity to work with cloud-native architectures a…",https://www.adzuna.co.uk/jobs/land/ad/5809726926?se=jrx3lw6G8RGOjq-EnQ330Q&utm_medium=api&utm_source=c0698c3f&v=21D3DB616B9D822B122BE6C08D7B2473832211C5,full stack developer,London
5733143782,Full Stack GIS Developer,Informed Solutions,"Moorgate, Central London","UK, London, Central London, Moorgate",45987.64,45987.64,1,contract,full_time,IT Jobs,2026-05-18T14:46:27Z,"About us: Make a difference and advance your career by helping deliver some of the UK’s most important tech4good projects, making the world a smarter, safer, greener, and healthier place. You’ll join a talented team of dynamic and driven professional problem solvers; creative thinkers and solutions builders who thrive on helping clients meet the most exciting digital transformation challenges. At a certified Great Place to Work®, you’ll experience a dynamic and nurturing environment that reward…",https://www.adzuna.co.uk/jobs/details/5733143782?utm_medium=api&utm_source=c0698c3f,full stack developer,London
5806331200,Software Engineer,Raytheon,"Manchester, Greater Manchester","UK, North West England, Greater Manchester, Manchester",42040.99,42040.99,1,permanent,full_time,IT Jobs,2026-07-18T20:22:41Z,"hackajob is collaborating with Raytheon to connect them with exceptional professionals for this role. Date Posted: 2026-03-17 Country: United Kingdom Location: Manchester, Lancashire Position Role Type: Onsite Raytheon UK have a full time, perm opportunity for a Software Engineer to join our specialist teams working onsite. You'll be part of our experienced software dev function, working in a cross-functional team, delivering and deploying critical software across a variety of business areas. W…",https://www.adzuna.co.uk/jobs/land/ad/5806331200?se=gkiDmA6G8RGbGoMv58FbYQ&utm_medium=api&utm_source=c0698c3f&v=D37AF7C6D0F227B23A3FB53AA5075ABA7AF3AE89,software engineer,Manchester
5806641241,Senior Software Engineer,Raytheon,"Manchester, Greater Manchester","UK, North West England, Greater Manchester, Manchester",56637.12,56637.12,1,permanent,full_time,IT Jobs,2026-07-19T01:50:10Z,"Raytheon UK have a full time, perm opportunity for a Senior Software Engineer to join our specialist teams in Manchester, Gloucester or London working fully onsite. As Senior Software Engineer, you'll be part of our experienced Software Engineering function, working in a cross-functional team, delivering and deploying critical software across a variety of business areas. We have opportunities for Software Engineers at every level within a team, so your Recruiter will discuss the great opportuni…",https://www.adzuna.co.uk/jobs/details/5806641241?utm_medium=api&utm_source=c0698c3f,software engineer,Manchester
5789988763,Full Stack Software Engineer / Java Software Engineer,Raytheon,"Manchester, Greater Manchester","UK, North West England, Greater Manchester, Manchester",57619.07,57619.07,1,,,IT Jobs,2026-07-06T16:39:35Z,"hackajob is collaborating with Raytheon to connect them with exceptional professionals for this role. We have opportunities for Software Engineers at every level within a team across our Manchester, Gloucester. Due to the interesting work we do and the sector this team is working in, we require all candidates to currently hold SC clearance. Responsibilities Design and build software using industry best practice Collaborate with stakeholders and other engineers Contribute to the completion of mi…",https://www.adzuna.co.uk/jobs/land/ad/5789988763?se=gkiDmA6G8RGbGoMv58FbYQ&utm_medium=api&utm_source=c0698c3f&v=BCEFE7D9E7F95622D94DAA2BD4DD82753A1F8A4C,software engineer,Manchester
5806940180,Senior Software Engineer,Verisk,"Manchester, Greater Manchester","UK, North West England, Greater Manchester, Manchester",56060.72,56060.72,1,,,IT Jobs,2026-07-19T08:24:57Z,"hackajob is collaborating with Verisk to connect them with exceptional professionals for this role. Description Are you passionate about building exceptional customer experiences and shaping the future of software engineering? We're looking for a Senior Software Engineer to join our Customer Portal team and play a key role in designing, building, and scaling modern customer-facing applications. In this hands-on technical leadership role, you'll work with cutting-edge technologies including Vue.…",https://www.adzuna.co.uk/jobs/land/ad/5806940180?se=gkiDmA6G8RGbGoMv58FbYQ&utm_medium=api&utm_source=c0698c3f&v=F3029C3C82E892CE659468A67EA00BF2CD5D3B1A,software engineer,Manchester
5806331205,Senior Software Engineer,Raytheon,"Manchester, Greater Manchester","UK, North West England, Greater Manchester, Manchester",63360.43,63360.43,1,permanent,full_time,IT Jobs,2026-07-18T20:22:42Z,"hackajob is collaborating with Raytheon to connect them with exceptional professionals for this role. Date Posted: 2026-06-24 Country: United Kingdom Location: Manchester, Lancashire Position Role Type: Onsite At RTX, the world's largest aerospace and defense company, 185,000 great minds are united by purpose and inspired to make a difference solving the world’s most complex problems. With our three market leading businesses, world-class operations and investments in research and development, w…",https://www.adzuna.co.uk/jobs/land/ad/5806331205?se=gkiDmA6G8RGbGoMv58FbYQ&utm_medium=api&utm_source=c0698c3f&v=357ECCB6C68DD9CE9699A11B4534B1841F0830C9,software engineer,Manchester
5789989596,Lead Software Engineer,Made Tech,"Manchester, Greater Manchester","UK, North West England, Greater Manchester, Manchester",61213.87,61213.87,1,,part_time,IT Jobs,2026-07-06T16:39:43Z,"hackajob is collaborating with Made Tech to connect them with exceptional professionals for this role. Job description About Made Tech Our aim at Made Tech is to use human-centred technology to improve our society. We believe putting people at the heart of designing, building and delivering public services leads to better outcomes for everyone. Are you a Software Engineer that wants to actually see the real-world impact from what you help to create? Our mission is simple! We believe we can use …",https://www.adzuna.co.uk/jobs/land/ad/5789989596?se=gkiDmA6G8RGbGoMv58FbYQ&utm_medium=api&utm_source=c0698c3f&v=321DB3C87FF61AA2D7BFB1D0B2D8EAD6D6F3827F,software engineer,Manchester
5793826998,Senior Software Engineer,bet365,"Manchester, Greater Manchester","UK, North West England, Greater Manchester, Manchester",58451.36,58451.36,1,,,IT Jobs,2026-07-09T07:46:52Z,"hackajob is collaborating with Bet365 to connect them with exceptional professionals for this role. About the role As a Senior Software Developer, you will build and maintain the core infrastructure and tools that empower our development teams to deliver high-quality software efficiently and reliably. The developer platform team forms part of the wider Platform Engineering department and is responsible for delivering solutions designed to streamline and enhance internal development processes th…",https://www.adzuna.co.uk/jobs/land/ad/5793826998?se=gkiDmA6G8RGbGoMv58FbYQ&utm_medium=api&utm_source=c0698c3f&v=E82C2A0FB8694E54F4182FE1B5BE172BE8C29688,software engineer,Manchester
5789989158,Principal Software Engineer / Senior Full-Stack Software Engineer,Raytheon,"Manchester, Greater Manchester","UK, North West England, Greater Manchester, Manchester",81262.81,81262.81,1,permanent,full_time,IT Jobs,2026-07-06T16:39:39Z,"hackajob is collaborating with Raytheon to connect them with exceptional professionals for this role. Raytheon UK have a full time, permanent opportunity for a Principal Software Engineer to join our team on our Manchester or Gloucester sites within a hybrid working pattern. As Principal Software Engineer, you have the opportunity to focus on technical work or have a mixture of technical focus and people management focus - guiding and developing our more junior members of the team. Either way, …",https://www.adzuna.co.uk/jobs/land/ad/5789989158?se=gkiDmA6G8RGbGoMv58FbYQ&utm_medium=api&utm_source=c0698c3f&v=8E7F31A9E76C6C6AEFE42DDFE5DEDF6BF89B3D58,software engineer,Manchester
5804500036,Software Engineer - Data Engineering,Moody's Corporation,"Manchester, Greater Manchester","UK, North West England, Greater Manchester, Manchester",82989.59,82989.59,1,,,IT Jobs,2026-07-17T08:17:18Z,"hackajob is collaborating with Moody's Corporation to connect them with exceptional professionals for this role. At Moody's, we unite the brightest minds to turn today’s risks into tomorrow’s opportunities. We do this by striving to create an inclusive environment where everyone feels welcome to be who they are—with the freedom to exchange ideas, think innovatively, and listen to each other and customers in meaningful ways. Moody’s is transforming how the world sees risk. As a global leader in …",https://www.adzuna.co.uk/jobs/land/ad/5804500036?se=gkiDmA6G8RGbGoMv58FbYQ&utm_medium=api&utm_source=c0698c3f&v=04D1CD341F4F3492B1CAB5FADBD052CC2126A3AE,software engineer,Manchester
5804500066,Senior Software Engineer - Data Engineering,Moody's Corporation,"Manchester, Greater Manchester","UK, North West England, Greater Manchester, Manchester",84995.55,84995.55,1,,,IT Jobs,2026-07-17T08:17:18Z,"hackajob is collaborating with Moody's Corporation to connect them with exceptional professionals for this role. At Moody's, we unite the brightest minds to turn today’s risks into tomorrow’s opportunities. We do this by striving to create an inclusive environment where everyone feels welcome to be who they are—with the freedom to exchange ideas, think innovatively, and listen to each other and customers in meaningful ways. Moody’s is transforming how the world sees risk. As a global leader in …",https://www.adzuna.co.uk/jobs/land/ad/5804500066?se=gkiDmA6G8RGbGoMv58FbYQ&utm_medium=api&utm_source=c0698c3f&v=08A6443BA36526E749F57A2FFA09A9058ECD7391,software engineer,Manchester
5789987960,Senior Software Engineer / Senior Full-Stack Engineer,Raytheon,"Manchester, Greater Manchester","UK, North West England, Greater Manchester, Manchester",72098.88,72098.88,1,permanent,full_time,IT Jobs,2026-07-06T16:39:25Z,"hackajob is collaborating with Raytheon to connect them with exceptional professionals for this role. At RTX, the world's largest aerospace and defense company, 185,000 great minds are united by purpose and inspired to make a difference solving the world’s most complex problems. With our three market leading businesses, world-class operations and investments in research and development, we offer capabilities and opportunity no one else can. Together, we push the boundaries of known science and …",https://www.adzuna.co.uk/jobs/land/ad/5789987960?se=gkiDmA6G8RGbGoMv58FbYQ&utm_medium=api&utm_source=c0698c3f&v=95C168EA69FCEE405C690B0E5B85003B9A0B7D1C,software engineer,Manchester
5339972365,Software Engineer,Hamiltonian Dynamics,"Manchester, Greater Manchester","UK, North West England, Greater Manchester, Manchester",40000,85000,0,,full_time,IT Jobs,2025-08-06T15:50:02Z,"Hamiltonian Dynamics is a growing technology company working across Defence and Cyber Security, delivering software solutions that support critical national and enterprise systems. With teams based in Gloucestershire, Manchester, and London, we are entering an exciting new phase of expansion and are looking for Software Engineers to join us. This role offers the opportunity to work on meaningful, technically challenging projects while continuing to grow your skills in a supportive, flexible env…",https://www.adzuna.co.uk/jobs/details/5339972365?utm_medium=api&utm_source=c0698c3f,software engineer,Manchester
5809629825,Software Engineer,AJ Bell,"Manchester, Greater Manchester","UK, North West England, Greater Manchester, Manchester",59548.36,59548.36,1,,full_time,IT Jobs,2026-07-21T20:32:24Z,"Job Description We now have an exciting opportunity for a Software Engineer to join a forward thinking company offering a collaborative team working environment, training and excellent career progression. Our strategy is to have a cross functional development team, with team members working on all areas of our technology stack and propositions. What we're looking for: We’re looking for an intelligent, energetic and driven software engineer to help us deliver our brand, products and services to …",https://www.adzuna.co.uk/jobs/details/5809629825?utm_medium=api&utm_source=c0698c3f,software engineer,Manchester
5653673209,Software Engineer,Gemba Advantage,"Manchester, Greater Manchester","UK, North West England, Greater Manchester, Manchester",40000,70000,0,,full_time,IT Jobs,2026-03-04T13:05:27Z,"Please note: This role requires applicants to hold active, or recently active, SC or DV clearance. This role also requires applicants to be willing to work on-site up to 4 days per week. At Gemba Advantage, we build secure, user-centred digital products for critical public sector organisations across the UK. Our teams work on complex, high-impact systems, the kind that have to be secure, scalable, and actually usable by the people who rely on them. We’re looking for junior and mid‑level enginee…",https://www.adzuna.co.uk/jobs/land/ad/5653673209?se=gkiDmA6G8RGbGoMv58FbYQ&utm_medium=api&utm_source=c0698c3f&v=4E4B76783BCAEB74059548C114948532D9E20EC6,software engineer,Manchester
5750712985,Software Engineer,KO2 Embedded Recruitment Solutions LTD,"Manchester, Greater Manchester","UK, North West England, Greater Manchester, Manchester",45000,57000,0,,full_time,IT Jobs,2026-06-03T14:47:18Z,"Software Engineer - C++, C and/or C# Location: Manchester Hybrid Working From Home Salary: Up to £57,000 DOE Benefits The Opportunity KO2's client is seeking a Software Engineer to join their established engineering team based in Manchester. This is an excellent opportunity for a software developer who enjoys solving technical challenges, working within a collaborative environment, and continuously developing their skills. The role is particularly suited to engineers who have experience devel…",https://www.adzuna.co.uk/jobs/land/ad/5750712985?se=gkiDmA6G8RGbGoMv58FbYQ&utm_medium=api&utm_source=c0698c3f&v=B2F1CD1E447ECEC4944B10E07BFEF91F782419E4,software engineer,Manchester
5798990684,Software Engineer,KO2 Embedded Recruitment Solutions LTD,"Manchester, Greater Manchester","UK, North West England, Greater Manchester, Manchester",45000,60000,0,,full_time,IT Jobs,2026-07-13T19:12:39Z,"Software Engineer Manchester Hybrid Work from Home Up to £60,000 Benefits About the Role Our client, an innovative industrial automation company, is looking for a Software Engineer with a strong focus on C++, Qt, and Linux to join their software development team. In this role, you will develop operating system components and service tools for Linux-based industrial systems, implement applications in C++ with Qt, and maintain the CI/CD pipeline while applying agile methodologies. What You'll B…",https://www.adzuna.co.uk/jobs/land/ad/5798990684?se=gkiDmA6G8RGbGoMv58FbYQ&utm_medium=api&utm_source=c0698c3f&v=283055922D853859613617EA0FF5B0EAED300C9D,software engineer,Manchester
5781464513,Software Engineer,Consula Group LTD,"Manchester, Greater Manchester","UK, North West England, Greater Manchester, Manchester",70000,110000,0,permanent,full_time,IT Jobs,2026-06-29T23:01:12Z,"About the Role We are recruiting on behalf of a growing and ambitious technology-driven organisation that is expanding its engineering team. This is an exciting opportunity to join a business at a pivotal stage of its growth, where your work will have a genuine impact and your ideas will be heard. The successful candidate will be joining a collaborative and talented engineering team, working on meaningful products in a fast-paced but supportive environment. If you are a driven Software Engineer…",https://www.adzuna.co.uk/jobs/land/ad/5781464513?se=gkiDmA6G8RGbGoMv58FbYQ&utm_medium=api&utm_source=c0698c3f&v=274FC6D68DC9E08FA8AA7B8D5F8BCBECFB831DE0,software engineer,Manchester
5791077257,Software Engineer,Anson Mccade,"Manchester, Greater Manchester","UK, North West England, Greater Manchester, Manchester",55000,55000,0,,,IT Jobs,2026-07-07T15:07:34Z,"Software Engineer Location: Manchester - Hybrid Salary: up to £55,000 We're working with a leading global technology and professional services organisation that delivers innovative digital, cloud and engineering solutions across a wide range of industries. This is an opportunity to join a highly skilled engineering team, building modern applications and working on large-scale projects that impact millions of users. As a Software Engineer , you'll develop cloud-native applications and services i…",https://www.adzuna.co.uk/jobs/details/5791077257?utm_medium=api&utm_source=c0698c3f,software engineer,Manchester
5809317411,Software Engineer,Anson Mccade,"Manchester, Greater Manchester","UK, North West England, Greater Manchester, Manchester",75207.8,75207.8,1,permanent,full_time,IT Jobs,2026-07-21T13:47:04Z,"£50,000-66,000 GBP Bonus, Pension, Benefits Hybrid WORKING Location: Manchester, North West - United Kingdom Type: Permanent Software Engineer Manchester Up to £66,000 S/C Eligible We're looking for a Software Engineer to design, build and deliver modern cloud-native applications across large-scale programmes. You'll work on cutting-edge digital products, leveraging AWS and modern engineering practices to deliver high-quality, scalable solutions. What you'll have the opportunity to do as a Soft…",https://www.adzuna.co.uk/jobs/details/5809317411?utm_medium=api&utm_source=c0698c3f,software engineer,Manchester
5765042253,Software Engineer,Anson Mccade,"Manchester, Greater Manchester","UK, North West England, Greater Manchester, Manchester",65000,65000,0,,,IT Jobs,2026-06-16T05:24:16Z,"Application Support Engineer (software focus) Location: Manchester (hybrid) Salary: Up to £65,000 (depending on experience) package NOTE: Due to the nature of the client's work, you must be eligible for UK Security Clearance (DV). Are you a Software Engineer looking for a role that combines development with operational problem-solving? Or perhaps you're currently working in 2nd/3rd Line Support and want to move into a more engineering-focused position? We're working with a highly respected org…",https://www.adzuna.co.uk/jobs/details/5765042253?utm_medium=api&utm_source=c0698c3f,software engineer,Manchester
5785848287,Software Engineer,Anson Mccade,"Manchester, Greater Manchester","UK, North West England, Greater Manchester, Manchester",65000,65000,0,,,IT Jobs,2026-07-02T21:46:43Z,"Manchester | Hybrid Salary: £55,000£65,000 Excellent Benefits We're working with a leading global technology consultancy that's looking to hire talented Software Engineers to join its growing Software & Platform Engineering team in Manchester. This is an exciting opportunity to develop cutting-edge cloud-native applications for some of the world's leading organisations. You'll work alongside highly skilled engineers, using modern technologies to build scalable digital solutions while developin…",https://www.adzuna.co.uk/jobs/details/5785848287?utm_medium=api&utm_source=c0698c3f,software engineer,Manchester
5782403229,Software Engineer,Anson Mccade,"Manchester, Greater Manchester","UK, North West England, Greater Manchester, Manchester",65000,65000,0,,,IT Jobs,2026-06-30T21:45:28Z,"Software Engineer (Frontend / Backend / Full Stack) We're working with a leading global technology consultancy that is looking to hire talented Software Engineers to join its growing engineering practice. This is an opportunity to work on cutting-edge cloud-native applications across a wide range of industries, delivering solutions that are used by millions of people. You'll collaborate with highly skilled engineers, work with modern technologies and continue developing your technical expertise…",https://www.adzuna.co.uk/jobs/details/5782403229?utm_medium=api&utm_source=c0698c3f,software engineer,Manchester
5710436555,Software Engineer,Parking Eye,"Manchester, Greater Manchester","UK, North West England, Greater Manchester, Manchester",40000,65000,0,,full_time,IT Jobs,2026-04-25T19:22:54Z,"Job Description Software Engineers Location: Manchester - hybrid Salary: £40,000 - £65,000 Security Clearance – You will ideally hold an active SC clearance and be willing to go through the higher clearance process. This role offers the opportunity to work across the full software development lifecycle, contributing to the design, implementation, and verification of complex, mission-critical systems within an agile environment. Key Responsibilities As a Software Engineer, you will: Write clean,…",https://www.adzuna.co.uk/jobs/details/5710436555?utm_medium=api&utm_source=c0698c3f,software engineer,Manchester
5805473322,Software Engineer,Raytheon,"Manchester, Greater Manchester","UK, North West England, Greater Manchester, Manchester",53754.94,53754.94,1,permanent,full_time,IT Jobs,2026-07-18T00:47:13Z,"Raytheon UK have a full time, perm opportunity for a Software Engineer to join our specialist teams working onsite. You'll be part of our experienced software dev function, working in a cross-functional team, delivering and deploying critical software across a variety of business areas. We have opportunities for Software Engineers at every level within a team across our Manchester, Gloucester or London teams, so your Recruiter will discuss the great opportunities for development or challenges w…",https://www.adzuna.co.uk/jobs/details/5805473322?utm_medium=api&utm_source=c0698c3f,software engineer,Manchester
5671802150,Software Engineer,RTX,"Manchester, Greater Manchester","UK, North West England, Greater Manchester, Manchester",42405.12,42405.12,1,permanent,full_time,IT Jobs,2026-03-19T10:16:31Z,"Date Posted: 2026-03-17 Country: United Kingdom Location: Manchester, Lancashire Position Role Type: Onsite Raytheon UK have a full time, perm opportunity for a Software Engineer to join our specialist teams working onsite. You'll be part of our experienced software dev function, working in a cross-functional team, delivering and deploying critical software across a variety of business areas. We have opportunities for Software Engineers at every level within a team across our Manchester, Glouce…",https://www.adzuna.co.uk/jobs/details/5671802150?utm_medium=api&utm_source=c0698c3f,software engineer,Manchester
5671292234,Software Engineer,RTX Corporation,"Manchester, Greater Manchester","UK, North West England, Greater Manchester, Manchester",37256.88,37256.88,1,permanent,full_time,IT Jobs,2026-03-18T22:01:23Z,"Date Posted: 2026-03-17 Country: United Kingdom Location: Manchester, Lancashire Position Role Type: Onsite Raytheon UK have a full time, perm opportunity for a Software Engineer to join our specialist teams working onsite. You'll be part of our experienced software dev function, working in a cross-functional team, delivering and deploying critical software across a variety of business areas. We have opportunities for Software Engineers at every level within a team across our Manchester, Glouce…",https://www.adzuna.co.uk/jobs/details/5671292234?utm_medium=api&utm_source=c0698c3f,software engineer,Manchester
5810766396,Software Engineer,Accenture,"Hulme, Manchester","UK, North West England, Greater Manchester, Manchester, Hulme",50000,75000,0,,full_time,IT Jobs,2026-07-22T11:30:51Z,"Salary: £50,000 - 75,000 per year Requirements: Strong experience in software development with a focus on traditional and serverless applications Proficiency in agile methodologies and collaborative development environments Familiarity with source control, data storage services, and message buses Experience deploying applications to the cloud, utilizing containers and CI/CD practices Understanding of documentation standards and testing methodologies, including unit, integration, and contract te…",https://www.adzuna.co.uk/jobs/details/5810766396?utm_medium=api&utm_source=c0698c3f,software engineer,Manchester
5687231302,Software Engineer,Gamma,"Manchester, Greater Manchester","UK, North West England, Greater Manchester, Manchester",46736.25,46736.25,1,,,IT Jobs,2026-04-02T11:09:58Z,"A bit about us At Gamma, we’re more than just a leader in Unified Communications as a Service (UCaaS). We’re a fast-moving technology organisation delivering innovative voice, data, and mobile solutions across Europe. Our product and service portfolio is at the heart of what we do — powering reliable, scalable communications for thousands of businesses. Behind the scenes, our engineering teams design, build, and maintain the software systems that generate real business impact. We combine the ag…",https://www.adzuna.co.uk/jobs/details/5687231302?utm_medium=api&utm_source=c0698c3f,software engineer,Manchester
5765582837,Software Engineer,Kitman Labs,"Manchester, Greater Manchester","UK, North West England, Greater Manchester, Manchester",49606.17,49606.17,1,,full_time,Engineering Jobs,2026-06-16T14:36:25Z,"Kitman Labs is the performance intelligence company, disrupting and transforming the way the sports industry uses data to unlock the potential of the world's top athletes. Driven by a passion to innovate in the areas of sports performance, analytics and user experience, we have assembled a team of the industry's top data scientists, sports performance scientists, product specialists and engineers. Kitman Labs' advanced Intelligence Platform (iP) is now used by over 2000 teams in 50 leagues on 6…",https://www.adzuna.co.uk/jobs/details/5765582837?utm_medium=api&utm_source=c0698c3f,software engineer,Manchester
5646178138,Software Engineer,Foundation Health,"Manchester, Greater Manchester","UK, North West England, Greater Manchester, Manchester",48794.69,48794.69,1,,full_time,IT Jobs,2026-02-26T13:10:17Z,"About Foundation Health Foundation Health is transforming healthcare through an AI-powered digital pharmacy platform that seamlessly connects operational infrastructure with high quality patient experiences. Our mission is to transform patient centric care by connecting fragmented infrastructure, optimizing care coordination, and removing friction from the patient journey. We refuse to adhere to the status quo; instead, we actively pioneer solutions that will shape the healthcare practices of t…",https://www.adzuna.co.uk/jobs/details/5646178138?utm_medium=api&utm_source=c0698c3f,software engineer,Manchester
5789987687,Software Engineer,Gemba Advantage,"Manchester, Greater Manchester","UK, North West England, Greater Manchester, Manchester",50058.93,50058.93,1,,,IT Jobs,2026-07-06T16:39:20Z,"hackajob is collaborating with Gemba Advantage to connect them with exceptional professionals for this role. block Please note: This role requires applicants to hold active, or recently active, SC or DV clearance. block This role also requires applicants to be willing to work on-site up to 4 days per week. block At Gemba Advantage, we build secure, user-centred digital products for critical public sector organisations across the UK. Our teams work on complex, high-impact systems, the kind that …",https://www.adzuna.co.uk/jobs/land/ad/5789987687?se=gkiDmA6G8RGbGoMv58FbYQ&utm_medium=api&utm_source=c0698c3f&v=2CCEA177D35F29DD889929FF059D127E57100C73,software engineer,Manchester
5785769277,Embedded Software Engineer,Chroma Recruitment,"Manchester Science Park, Manchester","UK, North West England, Greater Manchester, Manchester, Manchester Science Park",40000,50000,0,,,Engineering Jobs,2026-07-02T20:14:39Z,"An innovative company based in the Manchester area is looking for an Embedded Software Engineer . We’re looking for an experienced engineer that’s comfortable working in embedded systems whilst working on some electronics hardware too. These Embedded Software Engineer roles will be working on advanced projects from cradle to grave, working with customers delivering solutions against their requirements. This role is around 80% Embedded Software, and the rest is electronics design and fault findi…",https://www.adzuna.co.uk/jobs/details/5785769277?utm_medium=api&utm_source=c0698c3f,software engineer,Manchester
5781965954,Software Engineer in Test,Searchability  Ltd,"Manchester, Greater Manchester","UK, North West England, Greater Manchester, Manchester",50000,55000,0,permanent,full_time,IT Jobs,2026-06-30T10:26:14Z,"SOFTWARE ENGINEER IN TEST Salary up to £55,000 Office-based in Manchester city centre Opportunity to develop your automation skills within a growing QA function KEY POINTS Hands-on Software Engineer in Test role with a strong automation focus Opportunity to influence quality from the early stages of development Modern testing tools including Playwright, Cypress and Postman Collaborative Agile environment with ongoing learning and development ABOUT THE CLIENT We're supporting an established tech…",https://www.adzuna.co.uk/jobs/details/5781965954?utm_medium=api&utm_source=c0698c3f,software engineer,Manchester
5410591620,Principal Software Engineer,Codurance,"Manchester, Greater Manchester","UK, North West England, Greater Manchester, Manchester",100000,125000,0,,full_time,IT Jobs,2025-09-22T14:15:11Z,"We are looking for a Principal Software Engineer (we call them Principal Software Craftspeople) who shares the same values of pragmatism, professionalism and transparency as us to join our team. You'd be utilising your expertise with clients, helping to shape Codurance, and being involved in coaching and mentoring across the company. We support our clients in many ways, and you will have the opportunity to work on a wide range of different internal and client projects. You’ll primarily work rem…",https://www.adzuna.co.uk/jobs/details/5410591620?utm_medium=api&utm_source=c0698c3f,software engineer,Manchester
5789877770,Senior Software Engineer,Gonini,"Manchester, Greater Manchester","UK, North West England, Greater Manchester, Manchester",70000,90000,0,,full_time,IT Jobs,2026-07-06T13:01:45Z,"About Us At Bezos, our vision is to Deliver Happiness - for our team, for end consumers, for the e-commerce brands we serve, and for our logistics partners. We're the managed global fulfilment partner for scaling e-commerce brands: one platform and one team handling fulfilment across a global fulfilment network, spanning the UK, Europe, North America and Australia. We give growing brands enterprise-grade logistics without the enterprise-grade complexity. We're a fast-moving, AI-native, Series A…",https://www.adzuna.co.uk/jobs/details/5789877770?utm_medium=api&utm_source=c0698c3f,software engineer,Manchester
5718201629,Lead Software Engineer,Arch Capital Group,"Manchester, Greater Manchester","UK, North West England, Greater Manchester, Manchester",49450.77,49450.77,1,,full_time,IT Jobs,2026-05-03T21:59:56Z,"With a company culture rooted in collaboration, expertise and innovation, we aim to promote progress and inspire our clients, employees, investors and communities to achieve their greatest potential. Our work is the catalyst that helps others achieve their goals. In short, We Enable Possibility℠. Lead Software Engineer Technical Guidance: Provide technical guidance and leadership in the design and development of software applications using C#. Ensure the application of best practices in coding,…",https://www.adzuna.co.uk/jobs/land/ad/5718201629?se=gkiDmA6G8RGbGoMv58FbYQ&utm_medium=api&utm_source=c0698c3f&v=0BC22ECA50EE0B316EE2F121D9F08F8EE30B9636,software engineer,Manchester
5786790626,Senior Software Engineer,DCS Recruitment,"Manchester, Greater Manchester","UK, North West England, Greater Manchester, Manchester",65000,75000,0,permanent,full_time,IT Jobs,2026-07-03T13:12:31Z,"Senior Software Engineer (.NET / AWS) Location: Manchester / Hybrid Salary: Up to £75,000 benefits The Role We are looking to hire experienced Senior Software Engineers to join a growing engineering function. You'll play a key role in designing and building scalable, cloud-native applications that support a rapidly evolving digital product suite. Working closely with the wider engineering team, product managers, and stakeholders, you'll contribute across the full development lifecycle - from a…",https://www.adzuna.co.uk/jobs/land/ad/5786790626?se=gkiDmA6G8RGbGoMv58FbYQ&utm_medium=api&utm_source=c0698c3f&v=307D4DC475698DF5E461E76968B8AAC3905C5D2D,software engineer,Manchester
5786678256,Senior Software Engineer,DCS Recruitment Limited,"Rusholme, Manchester","UK, North West England, Greater Manchester, Manchester, Rusholme",65000,75000,0,,full_time,IT Jobs,2026-07-03T10:43:10Z,"Senior Software Engineer (.NET / AWS) Location: Manchester / Hybrid Salary: Up to £75,000 benefits The Role We are looking to hire experienced Senior Software Engineers to join a growing engineering function. You'll play a key role in designing and building scalable, cloud-native applications that support a rapidly evolving digital product suite. Working closely with the wider engineering team, product managers, and stakeholders, you'll contribute across the full development lifecycle - from a…",https://www.adzuna.co.uk/jobs/land/ad/5786678256?se=gkiDmA6G8RGbGoMv58FbYQ&utm_medium=api&utm_source=c0698c3f&v=E61DBA8CDD70517D4420501D1B7A7ADA14E65ECA,software engineer,Manchester
5794372213,Embedded Software Engineer,KO2 Embedded Recruitment Solutions LTD,"Rusholme, Manchester","UK, North West England, Greater Manchester, Manchester, Rusholme",45000,50000,0,,full_time,Engineering Jobs,2026-07-09T19:00:19Z,"Embedded Software Engineer Manchester Hybrid WFH Up to £50,000 DOE KO2 is working with an exciting startup based in Manchester, who are now on the lookout for an Embedded Software Engineer to join their growing team. This is a fantastic opportunity to join a dynamic business at a pivotal moment in its growth, working on prototype hardware products that have the potential to make a real impact in their industry. This is a chance to join a startup at a pivotal stage of growth, working on technol…",https://www.adzuna.co.uk/jobs/land/ad/5794372213?se=gkiDmA6G8RGbGoMv58FbYQ&utm_medium=api&utm_source=c0698c3f&v=A66FC1931B907D36E3A91C30BD8CE959223FB94A,software engineer,Manchester
5804707158,Software Engineering Manager,Adria Solutions Ltd,"Ardwick, Manchester","UK, North West England, Greater Manchester, Manchester, Ardwick",80000,120000,0,,full_time,IT Jobs,2026-07-17T10:45:35Z,"Salary: £80,000 - 120,000 per year Requirements: Previous experience as a Senior Software Engineer, Principal Engineer, Lead Developer, or similar technical leadership role A desire to move into, or recent experience within, an Engineering Manager position Experience working within a fast-paced Agile software delivery environment Strong leadership, mentoring, and coaching capabilities Excellent communication skills, with the ability to explain complex technical challenges clearly to both techni…",https://www.adzuna.co.uk/jobs/details/5804707158?utm_medium=api&utm_source=c0698c3f,software engineer,Manchester
5727313562,Head Of Software Engineering,Adria Solutions,"Manchester, Greater Manchester","UK, North West England, Greater Manchester, Manchester",85964.41,85964.41,1,,,IT Jobs,2026-05-12T22:05:16Z,"Head of Software Engineering My client, a forward-thinking company, is seeking a visionary Head of Software Engineering to lead and evolve their engineering function. This is a unique opportunity to join a purpose-driven organisation making a genuine impact on people's lives through accessible and inclusive technology solutions. We would also consider exceptional candidates who have been an Engineering Manager or Principal Software Engineer and are now ready to take the next step into a senior …",https://www.adzuna.co.uk/jobs/details/5727313562?utm_medium=api&utm_source=c0698c3f,software engineer,Manchester
5785848263,Lead Software Engineer,Anson Mccade,"Manchester, Greater Manchester","UK, North West England, Greater Manchester, Manchester",70000,70000,0,,,IT Jobs,2026-07-02T21:46:43Z,"Lead Software Engineer (Frontend / Backend / Full Stack) Manchester | Hybrid Salary: £70,000 Excellent Benefits We're working with a leading global technology consultancy that's looking to hire experienced Lead Software Engineers to join its growing team in Manchester. This is an exciting opportunity to lead the development of cutting-edge cloud-native applications for some of the world's leading organisations. You'll remain hands-on with modern technologies while mentoring engineers, driving …",https://www.adzuna.co.uk/jobs/details/5785848263?utm_medium=api&utm_source=c0698c3f,software engineer,Manchester
5808583890,Contract Software Engineer,Erin Associates,"Manchester, Greater Manchester","UK, North West England, Greater Manchester, Manchester",104000,104000,0,contract,,IT Jobs,2026-07-21T01:06:19Z,"Senior Software Engineer (Contract) - Remote must be UK based 6 months contract Outside IR35 We're seeking a Contract Senior Software Engineer to lead the design and delivery of enterprise software across cloud, web, and AI-driven development (Github Copilot, Claude) . The Software Engineer willprovide hands-on technical leadership, modernise legacy platforms, define solution architecture, and deliver scalable cloud-native applications using the Microsoft technology stack. Key skills: .NET, ASP…",https://www.adzuna.co.uk/jobs/details/5808583890?utm_medium=api&utm_source=c0698c3f,software engineer,Manchester
5804704393,Software Engineer - C++,Morson Edge,"Eccles, Manchester","UK, North West England, Greater Manchester, Manchester, Eccles",36000,76000,0,,full_time,IT Jobs,2026-07-17T10:45:22Z,"Salary: £36,000 - 76,000 per year Requirements: SC Clearance required (or eligibility to gain it before starting) Understanding of military systems, particularly maritime systems Experience with Software Engineering Lifecycle processes and tools Familiarity with Open Systems Architectures and Principles Ability to solve complex problems and critically review results and methods Awareness of ISO 9001 and TickITplus standards Understanding of software configuration management Strong communication…",https://www.adzuna.co.uk/jobs/details/5804704393?utm_medium=api&utm_source=c0698c3f,software engineer,Manchester
5782396412,Lead Software Engineer,Anson Mccade,"Manchester, Greater Manchester","UK, North West England, Greater Manchester, Manchester",75000,75000,0,,,IT Jobs,2026-06-30T21:43:39Z,"Lead Software Engineer Are you an experienced Software Engineer who enjoys building high-quality digital products while leading and mentoring engineering teams? We're working with a leading global technology consultancy that delivers innovative software solutions across both public and private sectors. They're looking for a Lead Software Engineer to join a growing engineering practice working on large-scale, modern software projects that make a real impact. The Role: You'll play a key role in d…",https://www.adzuna.co.uk/jobs/details/5782396412?utm_medium=api&utm_source=c0698c3f,software engineer,Manchester
5809317388,Cyber Software Engineer,Anson Mccade,"Manchester, Greater Manchester","UK, North West England, Greater Manchester, Manchester",75451.7,75451.7,1,permanent,full_time,IT Jobs,2026-07-21T13:46:59Z,"£60,000-80,000 GBP Bonus, Pension, Benefits Onsite WORKING Location: Manchester, North West - United Kingdom Type: Permanent Operational Cyber Software Engineer Location: Manchester (5 Days Onsite) Salary: £60,000 - £80,000 Excellent Benefits Company Overview Our client is a leading cyber and national security organisation delivering secure software solutions across some of the UK's most complex and mission-critical programmes. This is an exciting opportunity to join a high-performing cyber en…",https://www.adzuna.co.uk/jobs/details/5809317388?utm_medium=api&utm_source=c0698c3f,software engineer,Manchester
5807057284,Senior Software Engineer,Raytheon,"Old Trafford, Manchester","UK, North West England, Greater Manchester, Manchester, Old Trafford",50000,90000,0,permanent,full_time,IT Jobs,2026-07-19T10:51:38Z,"Salary: £50,000 - 90,000 per year Requirements: Full stack experience within an agile team building enterprise-grade web applications or backend services Java development with Spring Boot Front-end development using modern JavaScript frameworks (e.g., React, Vue) Experience with cloud platforms such as AWS or Azure Containerisation and orchestration using Docker and Kubernetes Infrastructure as Code (Terraform, Ansible or equivalent) Unit testing and test automation Use of code repositories (Gi…",https://www.adzuna.co.uk/jobs/details/5807057284?utm_medium=api&utm_source=c0698c3f,software engineer,Manchester
5805147023,Principal Software Engineer,Raytheon,"Manchester, Greater Manchester","UK, North West England, Greater Manchester, Manchester",82911.34,82911.34,1,permanent,full_time,IT Jobs,2026-07-17T20:30:27Z,"Raytheon UK have a full time, permanent opportunity for a Principal Software Engineer to join our team on our Manchester or Gloucester sites within a hybrid working pattern. As Principal Software Engineer, you have the opportunity to focus on technical work or have a mixture of technical focus and people management focus - guiding and developing our more junior members of the team. Either way, you'll be a part of our experienced software dev function, working in a cross-functional team, deliver…",https://www.adzuna.co.uk/jobs/details/5805147023?utm_medium=api&utm_source=c0698c3f,software engineer,Manchester
5620363320,Associate Software Engineer,Anaplan,"Manchester, Greater Manchester","UK, North West England, Greater Manchester, Manchester",75761.59,75761.59,1,,,IT Jobs,2026-02-08T09:34:22Z,"At Anaplan, we are a team of innovators focused on optimizing business decision-making through our leading AI-infused scenario planning and analysis platform so our customers can outpace their competition and the market. What unites Anaplanners across teams and geographies is our collective commitment to our customers’ success and to our Winning Culture. Our customers rank among the who’s who in the Fortune 50. Coca-Cola, LinkedIn, Adobe, LVMH and Bayer are just a few of the 2,400 global compan…",https://www.adzuna.co.uk/jobs/details/5620363320?utm_medium=api&utm_source=c0698c3f,software engineer,Manchester
5807167056,Senior Software Engineer,Verisk Analytics,"Manchester, Greater Manchester","UK, North West England, Greater Manchester, Manchester",61837.94,61837.94,1,,full_time,IT Jobs,2026-07-19T13:41:36Z,"Description Are you passionate about building exceptional customer experiences and shaping the future of software engineering? We're looking for a Senior Software Engineer to join our Customer Portal team and play a key role in designing, building, and scaling modern customer-facing applications. In this hands-on technical leadership role, you'll work with cutting-edge technologies including Vue.js, Nuxt, TypeScript, Azure, and AI-assisted development tools to deliver innovative solutions used …",https://www.adzuna.co.uk/jobs/details/5807167056?utm_medium=api&utm_source=c0698c3f,software engineer,Manchester
5789988785,Software Developer - T&T,bet365,"Manchester, Greater Manchester","UK, North West England, Greater Manchester, Manchester",46839.28,46839.28,1,,,IT Jobs,2026-07-06T16:39:35Z,"hackajob is collaborating with Bet365 to connect them with exceptional professionals for this role. Working within the trading and tools team, you will develop a diverse range of applications, including desktop solutions, such as WPF & WinForms, backend services such as, .NET & Golang, and SQL Server stored procedures. Your contribution will be vital in delivering real-time data through our innovative trading platform. This will empower the trading department to create, configure and trade both…",https://www.adzuna.co.uk/jobs/land/ad/5789988785?se=nDuTmQ6G8RGbGoMv58FbYQ&utm_medium=api&utm_source=c0698c3f&v=FEAD44EA0C1E19E4A7573335D2CC1BB5E84C05EC,software developer,Manchester
5811141198,"Software Developer, In-Play",bet365,"Manchester, Greater Manchester","UK, North West England, Greater Manchester, Manchester",51017.59,51017.59,1,,,IT Jobs,2026-07-22T20:47:08Z,"hackajob is collaborating with Bet365 to connect them with exceptional professionals for this role. Company Description We’re one of the world’s leading online gambling companies, revolutionising the industry since 2000. Founded by Denise Coates CBE, we now employ over 10,000 people and serve over 120 million customers in 26 languages. We empower our employees to push boundaries and explore new ideas, cultivating a culture that celebrates and rewards creativity. This offers employees a wealth o…",https://www.adzuna.co.uk/jobs/land/ad/5811141198?se=nDuTmQ6G8RGbGoMv58FbYQ&utm_medium=api&utm_source=c0698c3f&v=95191086F1AE3A74BA505FC075AE896F6FFC9E38,software developer,Manchester
5789988310,Software Developer (SC),bet365,"Manchester, Greater Manchester","UK, North West England, Greater Manchester, Manchester",52705.43,52705.43,1,,,IT Jobs,2026-07-06T16:39:30Z,"hackajob is collaborating with Bet365 to connect them with exceptional professionals for this role. About the role As a Software Developer in the Martech Sports Content team, you will be responsible for the Marketing, Affiliates systems, and various content management platforms used across the Business. The Martech Sports Content team is responsible for developing and enhancing our platforms for Partners, Hub pages, Offers, Zendesk and Responsible Gambling, which support the delivery of both cu…",https://www.adzuna.co.uk/jobs/land/ad/5789988310?se=nDuTmQ6G8RGbGoMv58FbYQ&utm_medium=api&utm_source=c0698c3f&v=55E43904A4892C523E3836F73509C4926226A978,software developer,Manchester
5790388075,"Senior Software Developer, Verification",bet365,"Manchester, Greater Manchester","UK, North West England, Greater Manchester, Manchester",75392.13,75392.13,1,,,IT Jobs,2026-07-07T00:17:48Z,"hackajob is collaborating with Bet365 to connect them with exceptional professionals for this role. Company Description We’re one of the world’s leading online gambling companies, revolutionising the industry since 2000. Founded by Denise Coates CBE, we now employ over 10,000 people and serve over 120 million customers in 26 languages. We empower our employees to push boundaries and explore new ideas, cultivating a culture that celebrates and rewards creativity. This offers employees a wealth o…",https://www.adzuna.co.uk/jobs/land/ad/5790388075?se=nDuTmQ6G8RGbGoMv58FbYQ&utm_medium=api&utm_source=c0698c3f&v=C924C82AF6C59A2744F6C369368CE30CBAA466DF,software developer,Manchester
5789988440,"Software Developer, Trading and Tools",bet365,"Manchester, Greater Manchester","UK, North West England, Greater Manchester, Manchester",55986.73,55986.73,1,,,IT Jobs,2026-07-06T16:39:31Z,"hackajob is collaborating with Bet365 to connect them with exceptional professionals for this role. Company Description At bet365, we're one of the world's leading online gambling companies, revolutionising the industry since 2000. Founded by Denise Coates CBE, we now employ over 9,000 people and serve over 100 million customers in 27 languages. Our focus on In-Play betting has solidified our market-leading position, offering an unmatched experience across 96 sports and 700,000 streaming events…",https://www.adzuna.co.uk/jobs/land/ad/5789988440?se=nDuTmQ6G8RGbGoMv58FbYQ&utm_medium=api&utm_source=c0698c3f&v=BD45C629B1A1E166BD862869F35402D142539BB9,software developer,Manchester
5807283323,Software Development Manager - Law - Manchester,Circle Group,"Manchester, Greater Manchester","UK, North West England, Greater Manchester, Manchester",169000,221000,0,contract,,IT Jobs,2026-07-19T18:02:58Z,Software Development Manager - Law - Manchester £700-850/day Inside - 12-month contract We are looking for an experienced Software Development Manager with legal case management experience to lead the development and delivery of solutions with a particular focus on the migration to a new case management system. This is an exciting opportunity for an experienced Lead Developer / Manager to play a key role as they move from one case management system to a brand new SaaS case management software. …,https://www.adzuna.co.uk/jobs/details/5807283323?utm_medium=api&utm_source=c0698c3f,software developer,Manchester
5789989618,Senior Software Developer - Backend (FS),bet365,"Manchester, Greater Manchester","UK, North West England, Greater Manchester, Manchester",65788.61,65788.61,1,,,IT Jobs,2026-07-06T16:39:43Z,"hackajob is collaborating with Bet365 to connect them with exceptional professionals for this role. About the role As a Senior Software Developer, you will implement and maintain systems to support the features being delivered in our FollowScores app, while ensuring high quality standards for our software products. FollowScores is a football scores app and our goal is to continue growing it’s userbase over the coming years, introducing new and innovative features as part of its development road…",https://www.adzuna.co.uk/jobs/land/ad/5789989618?se=nDuTmQ6G8RGbGoMv58FbYQ&utm_medium=api&utm_source=c0698c3f&v=9E20CF3CA30D47DC3FEA39887672B283A1829895,software developer,Manchester
5805889408,"Senior Software Developer, Sports Content",bet365,"Manchester, Greater Manchester","UK, North West England, Greater Manchester, Manchester",62856.21,62856.21,1,,,IT Jobs,2026-07-18T08:20:17Z,"hackajob is collaborating with Bet365 to connect them with exceptional professionals for this role. Company Description We’re one of the world’s leading online gambling companies, revolutionising the industry since 2000. Founded by Denise Coates CBE, we now employ over 10,000 people and serve over 120 million customers in 26 languages. We empower our employees to push boundaries and explore new ideas, cultivating a culture that celebrates and rewards creativity. This offers employees a wealth o…",https://www.adzuna.co.uk/jobs/land/ad/5805889408?se=nDuTmQ6G8RGbGoMv58FbYQ&utm_medium=api&utm_source=c0698c3f&v=70C14F38AE8427511C7506733339B88A4AF90D20,software developer,Manchester
5805889435,"Senior Software Developer, Developer Platform",bet365,"Manchester, Greater Manchester","UK, North West England, Greater Manchester, Manchester",57385.41,57385.41,1,,,IT Jobs,2026-07-18T08:20:18Z,"hackajob is collaborating with Bet365 to connect them with exceptional professionals for this role. Company Description At bet365, we're one of the world's leading online gambling companies, revolutionising the industry since 2000. Founded by Denise Coates CBE, we now employ over 9,000 people and serve over 100 million customers in 27 languages. Our focus on In-Play betting has solidified our market-leading position, offering an unmatched experience across 96 sports and 700,000 streaming events…",https://www.adzuna.co.uk/jobs/land/ad/5805889435?se=nDuTmQ6G8RGbGoMv58FbYQ&utm_medium=api&utm_source=c0698c3f&v=F453826E039CDCC49BEE027FAA6D632C979118AC,software developer,Manchester
5789988815,Junior C++ Software Developer/Engineer,BAE Systems Digital Intelligence,"Manchester, Greater Manchester","UK, North West England, Greater Manchester, Manchester",38229.36,38229.36,1,,,IT Jobs,2026-07-06T16:39:35Z,"hackajob is collaborating with BAE Systems Digital Intelligence to connect them with exceptional professionals for this role. Location(s): UK, Europe & Africa : UK : Manchester BAE Systems Digital Intelligence is home to 4,500 digital, cyber and intelligence experts. We work collaboratively across 10 countries to collect, connect and understand complex data, so that governments, nation states, armed forces and commercial businesses can unlock digital advantage in the most demanding environments…",https://www.adzuna.co.uk/jobs/land/ad/5789988815?se=nDuTmQ6G8RGbGoMv58FbYQ&utm_medium=api&utm_source=c0698c3f&v=4D98692B84EABD995ACE2C8D1818C7699D636D2A,software developer,Manchester
5809635354,Software Development Team Lead - Regulatory Data,bet365,"Manchester, Greater Manchester","UK, North West England, Greater Manchester, Manchester",63127.74,63127.74,1,,,IT Jobs,2026-07-21T20:41:46Z,"hackajob is collaborating with Bet365 to connect them with exceptional professionals for this role. Software Development Team Lead - Regulatory Data As a Regulatory Data Team Leader, you will lead a cross-functional team in the delivery of regulatory reporting software solutions. The Data Engineering department is responsible for writing software and reporting systems to communicate jurisdiction-specific information to international regulators. They are developed to high standards, tuned for pe…",https://www.adzuna.co.uk/jobs/land/ad/5809635354?se=nDuTmQ6G8RGbGoMv58FbYQ&utm_medium=api&utm_source=c0698c3f&v=23B265AF4A40A3DA8CDD06CE78327B8EBF930BB7,software developer,Manchester
5805889433,Software Development Team Lead - Regulatory Data,bet365,"Manchester, Greater Manchester","UK, North West England, Greater Manchester, Manchester",62750.49,62750.49,1,,,IT Jobs,2026-07-18T08:20:18Z,"hackajob is collaborating with Bet365 to connect them with exceptional professionals for this role. Company Description At bet365, we're one of the world's leading online gambling companies, revolutionising the industry since 2000. Founded by Denise Coates CBE, we now employ over 9,000 people and serve over 100 million customers in 27 languages. Our focus on In-Play betting has solidified our market-leading position, offering an unmatched experience across 96 sports and 700,000 streaming events…",https://www.adzuna.co.uk/jobs/land/ad/5805889433?se=nDuTmQ6G8RGbGoMv58FbYQ&utm_medium=api&utm_source=c0698c3f&v=617AF12B49487317DB0FB82E4254EA8CFDBD45D1,software developer,Manchester
5777957037,Software Developer,Rebel Recruitment Limited,"Rusholme, Manchester","UK, North West England, Greater Manchester, Manchester, Rusholme",50000,70000,0,,full_time,IT Jobs,2026-06-26T18:11:44Z,"Role: Mid Level Software Engineer Location: Manchester Working Arrangement: Hybrid - 2 days a week in the office Salary: Up to £70k This is a hands-on engineering role where you will build and improve software used in real, live customer environments. You will work across a mix of planned feature work, improvements to existing systems, and customer-driven fixes. The role suits someone who enjoys seeing their work through from idea to release, and who takes pride in writing code that is clear, t…",https://www.adzuna.co.uk/jobs/land/ad/5777957037?se=nDuTmQ6G8RGbGoMv58FbYQ&utm_medium=api&utm_source=c0698c3f&v=28C058E5EF67EC9F19EBD10227706FF56840094C,software developer,Manchester
5783724966,Software Developer,Maxwell Bond,"Rusholme, Manchester","UK, North West England, Greater Manchester, Manchester, Rusholme",40000,50000,0,,full_time,IT Jobs,2026-07-01T14:14:30Z,"React / PHP Developer Manchester, Hybrid, 1 day per week UpTo £50,000 I’m working with a growing SaaS business building out their engineering team. They’re looking for a Product Engineer who wants ownership, works well across full stack delivery, and enjoys building product features end to end. Tech stack includes PHP, Laravel, React, Next.js, AWS. You’ll work closely with Product and Design, ship features into a live product, and help shape technical direction as the platform scales. What they…",https://www.adzuna.co.uk/jobs/land/ad/5783724966?se=nDuTmQ6G8RGbGoMv58FbYQ&utm_medium=api&utm_source=c0698c3f&v=4B57D2A6D06B2C8E5A257FF811E91084C1D2C88F,software developer,Manchester
5810043669,Software Developer,Mydentist,"Manchester, Greater Manchester","UK, North West England, Greater Manchester, Manchester",50000,50000,0,contract,full_time,IT Jobs,2026-07-22T00:59:37Z,"Your future, as a Software Developer at mydentist The role is initially a 12-month fixed-term contract to support our tech transformation projects Full-time hours - 37 hours over Monday - Friday Hybrid working arrangements - 1 day a week onsite in our Support Centre in Kearsley (M26 1GG) Joining our supportive and growing data team You will benefit from free onsite parking, and Kearsley train station is just a short walk away With an on-site mini market shop and casual seating space inside and …",https://www.adzuna.co.uk/jobs/details/5810043669?utm_medium=api&utm_source=c0698c3f,software developer,Manchester
5770809942,Software Developer,Network Plus,"Mosley Common, Worsley","UK, North West England, Greater Manchester, Manchester, Worsley, Mosley Common",45000,50000,0,,full_time,IT Jobs,2026-06-20T16:34:10Z,"Software Developer - .NET & Angular Network Plus is one of the UK's leading providers of essential utility and infrastructure services, delivering critical work across power, gas, water, and telecoms for the nation's largest network owners. We're modernising the platforms behind that work, and we're looking for a full stack developer energised by real world problems on a modern tech stack - shipping production ready systems that directly impact how critical infrastructure gets delivered. Key Re…",https://www.adzuna.co.uk/jobs/details/5770809942?utm_medium=api&utm_source=c0698c3f,software developer,Manchester
5746372600,Software Developer,Skuuudle,"Manchester, Greater Manchester","UK, North West England, Greater Manchester, Manchester",39927.06,39927.06,1,,full_time,IT Jobs,2026-05-31T10:40:04Z,"About Us Skuuudle is a scaleup supporting the pricing strategy of some of the world’s largest retailers with market-leading competitive pricing intelligence. Although we are well established, we are proud of our start-up culture of collaboration, ownership and ingenuity. We are looking for a talented and pragmatic Software Developer to join our team of around 60 people and help us build reliable internal infrastructure that supports large-scale ecommerce data products. The Role We are looking f…",https://www.adzuna.co.uk/jobs/details/5746372600?utm_medium=api&utm_source=c0698c3f,software developer,Manchester
5718204655,Software Developer,Themis Solutions,"Manchester, Greater Manchester","UK, North West England, Greater Manchester, Manchester",75000,75000,0,,full_time,IT Jobs,2026-05-03T22:01:04Z,"Clio is the global leader in legal AI technology, empowering legal professionals and law firms of every size to work smarter, faster, and more securely. We are transforming the legal experience for all by bettering the lives of legal professionals while increasing access to justice . Summary: What your team does The Clio operate team builds and maintains an innovative work and case management platform used across legal, energy, telecoms, and property management sectors. Our team works on a wide…",https://www.adzuna.co.uk/jobs/details/5718204655?utm_medium=api&utm_source=c0698c3f,software developer,Manchester
5808924477,"Software Developer, In-Play",bet365,"Manchester, Greater Manchester","UK, North West England, Greater Manchester, Manchester",42945.8,42945.8,1,,,IT Jobs,2026-07-21T08:31:39Z,"Job Description As a Software Developer, you will work alongside a small team of talented developers, following agile practices to develop high-quality scalable solutions on Linux and Cloud platforms. You will join our in-play team within the Sports Platform department during a period of growth, fuelled by the product’s success and new emerging markets. You will be working on our flagship Sports product to enhance our product offering with innovative new features. The in-play team plays a pivot…",https://www.adzuna.co.uk/jobs/details/5808924477?utm_medium=api&utm_source=c0698c3f,software developer,Manchester
5785666848,Software Development Manager,Adria Solutions,"Manchester, Greater Manchester","UK, North West England, Greater Manchester, Manchester",80000,110000,0,permanent,full_time,IT Jobs,2026-07-02T16:59:08Z,"Software Development Manager – Manchester Are you a hands-on Software Development Manager who enjoys building high-performing engineering teams while shaping technology strategy? Our client, an ambitious and growing technology company based in Greater Manchester, is looking for an experienced Software Development Manager to play a key role in driving both technical excellence and business growth. As part of the senior leadership team, you'll combine strategic thinking with hands-on technical le…",https://www.adzuna.co.uk/jobs/land/ad/5785666848?se=nDuTmQ6G8RGbGoMv58FbYQ&utm_medium=api&utm_source=c0698c3f&v=48AA141609D0C08C746EC0D0C7646ABA86B9CB53,software developer,Manchester
5785651074,Software Development Manager,Adria Solutions Ltd,"Rusholme, Manchester","UK, North West England, Greater Manchester, Manchester, Rusholme",80000,110000,0,,full_time,IT Jobs,2026-07-02T16:40:26Z,"Software Development Manager – Manchester Are you a hands-on Software Development Manager who enjoys building high-performing engineering teams while shaping technology strategy? Our client, an ambitious and growing technology company based in Greater Manchester, is looking for an experienced Software Development Manager to play a key role in driving both technical excellence and business growth. As part of the senior leadership team, you'll combine strategic thinking with hands-on technical le…",https://www.adzuna.co.uk/jobs/land/ad/5785651074?se=nDuTmQ6G8RGbGoMv58FbYQ&utm_medium=api&utm_source=c0698c3f&v=B28F107D5CEB05E4B44AB477BFA9AAF235FF637F,software developer,Manchester
5789852504,Trainee Software Developer,ITOL Recruit,"Manchester, Greater Manchester","UK, North West England, Greater Manchester, Manchester",30000,45000,0,permanent,full_time,IT Jobs,2026-07-06T11:37:01Z,"Trainee Coding Programme – No Experience Needed Future-proof your career in Coding – starting today. Looking for a career change? Maybe you’re already working but want a more technical role with better long-term prospects. Or you could be between jobs and ready for a fresh start in tech. The ITOL Recruit Coding Job Programme is designed to help you move into a high-demand coding role, even if you have no prior experience. Train online at your own pace and land your coding role in 1-3 months. Pl…",https://www.adzuna.co.uk/jobs/land/ad/5789852504?se=nDuTmQ6G8RGbGoMv58FbYQ&utm_medium=api&utm_source=c0698c3f&v=802BB77AE7318C96ACFEAC34A4552F52FB690E82,software developer,Manchester
5802838809,Software Development Manager,Spectrum IT Recruitment,"Manchester, Greater Manchester","UK, North West England, Greater Manchester, Manchester",90000,100000,0,permanent,full_time,IT Jobs,2026-07-16T13:40:53Z,"Lead the engineering standards behind a High-Growth UK SaaS platform Software Development Manager NestJS / NodeJS, Vue: .NET backgrounds welcome Greater Manchester (Hybrid: 1 day per week onsite) Up to £100,000 benefits If you're a technically strong engineering leader who built your career on solid engineering foundations (whether in C# / .NET or modern JavaScript frameworks) and still care deeply about code quality, DevOps maturity, and scalable systems, this is a genuinely exciting opportun…",https://www.adzuna.co.uk/jobs/land/ad/5802838809?se=nDuTmQ6G8RGbGoMv58FbYQ&utm_medium=api&utm_source=c0698c3f&v=86625429E563AD4FC97A2EFAAE6155B9F6DA9DD8,software developer,Manchester
5802837236,Software Development Manager,Spectrum IT Recruitment,"Manchester, Greater Manchester","UK, North West England, Greater Manchester, Manchester",90000,100000,0,,full_time,IT Jobs,2026-07-16T13:37:54Z,"Lead the engineering standards behind a High-Growth UK SaaS platform Software Development Manager NestJS / NodeJS, Vue: .NET backgrounds welcome Greater Manchester (Hybrid: 1 day per week onsite) Up to £100,000 benefitsIf you're a technically strong engineering leader who built your career on solid engineering foundations (whether in C# / .NET or modern JavaScript frameworks) and still care deeply about code quality, DevOps maturity, and scalable systems, this is a genuinely exciting opportuni…",https://www.adzuna.co.uk/jobs/land/ad/5802837236?se=nDuTmQ6G8RGbGoMv58FbYQ&utm_medium=api&utm_source=c0698c3f&v=ADA5756923C0B2F37EB2C2E952D2BB947873F152,software developer,Manchester
5804707397,Software Development Manager,Adria Solutions Ltd,"Ardwick, Manchester","UK, North West England, Greater Manchester, Manchester, Ardwick",80000,110000,0,,full_time,IT Jobs,2026-07-17T10:45:36Z,"Salary: £80,000 - 110,000 per year Requirements: Proven experience leading software engineering teams. Strong software development background, ideally with hands-on experience in Golang and modern web technologies. Experience building and deploying applications on AWS. Strong understanding of software architecture, cloud-native development and engineering best practices. Excellent stakeholder management and communication skills, with the ability to bridge technical and business priorities. A pa…",https://www.adzuna.co.uk/jobs/details/5804707397?utm_medium=api&utm_source=c0698c3f,software developer,Manchester
5766833604,Junior Software Developer,Skuuudle,"Manchester, Greater Manchester","UK, North West England, Greater Manchester, Manchester",31432.82,31432.82,1,,full_time,IT Jobs,2026-06-17T15:14:46Z,"About Skuuudle Skuuudle is the leader in pricing intelligence and competitor monitoring solutions. Our mission is to provide retailers, distributors and brands with price and product intelligence, enabling them to optimise margins and increase market share through data-driven decision making. Although we are well established within our market, we are proud of our start-up culture of collaboration and ingenuity. We value bright, intellectually curious individuals who want to work hard on challen…",https://www.adzuna.co.uk/jobs/details/5766833604?utm_medium=api&utm_source=c0698c3f,software developer,Manchester
5804897415,Senior Software Developer,NCC Group,"Hulme, Manchester","UK, North West England, Greater Manchester, Manchester, Hulme",67088.99,67088.99,1,,full_time,IT Jobs,2026-07-17T13:58:24Z,"The ServiceNow Certified Application Developer is responsible for designing, developing, and implementing custom applications and solutions within the ServiceNow platform to meet the business needs of our cybersecurity company. This role requires a blend of programming expertise and a deep understanding of the ServiceNow platform's capabilities to create efficient, scalable, and effective applications. The ServiceNow Application Developer has experience with the latest web technologies, and a c…",https://www.adzuna.co.uk/jobs/details/5804897415?utm_medium=api&utm_source=c0698c3f,software developer,Manchester
5750343975,Senior Software Developer,NCC Group,"Hulme, Manchester","UK, North West England, Greater Manchester, Manchester, Hulme",69210.64,69210.64,1,,full_time,IT Jobs,2026-06-03T10:24:49Z,"This role is a Full Stack JavaScript Developer is responsible for designing, building, and maintaining secure, scalable, and high￼quality applications that extend and enhance our ITSM platform (ServiceNow). Operating within a cybersecurity‑focused Managed Services environment, this role requires strong full‑stack JavaScript expertise across backend, frontend, and API development, combined with a security‑first mindset. The developer will take ownership of end‑to‑end solutions—from requirements …",https://www.adzuna.co.uk/jobs/details/5750343975?utm_medium=api&utm_source=c0698c3f,software developer,Manchester
5801657314,Software Development Manager,Club L London,"Trafford Park, Manchester","UK, North West England, Greater Manchester, Manchester, Trafford Park",80042.71,80042.71,1,,,IT Jobs,2026-07-15T22:39:51Z,"About Us Club L London is the next-generation online fashion retailer for the forward-thinking woman. Conceptualised and crafted in-house and abroad, we specialise in accessible luxury and designs of unrivalled quality that flatter all figures. From prom to occasion, maternity, bridal, and beyond, we deliver an elevated shopping experience that connects our global community of trend-setting consumers, influencers, and content creators with fresh collections dropping weekly. Our engineering team…",https://www.adzuna.co.uk/jobs/details/5801657314?utm_medium=api&utm_source=c0698c3f,software developer,Manchester
5718192273,Senior Software Developer,Themis Solutions,"Manchester, Greater Manchester","UK, North West England, Greater Manchester, Manchester",85700,85700,0,,full_time,IT Jobs,2026-05-03T21:56:49Z,"Clio is the global leader in legal AI technology, empowering legal professionals and law firms of every size to work smarter, faster, and more securely. We are transforming the legal experience for all by bettering the lives of legal professionals while increasing access to justice . Summary: We are currently seeking a Senior Full-Stack Software Engineer to join our Sharedo engineering team in Alderley Edge, Cheshire UK . The Sharedo engineering team builds and maintains an innovative work and …",https://www.adzuna.co.uk/jobs/details/5718192273?utm_medium=api&utm_source=c0698c3f,software developer,Manchester
5804704714,Software Developer - Manchester,Rebel Recruitment Limited,"Manchester, Greater Manchester","UK, North West England, Greater Manchester, Manchester",40000,70000,0,contract,full_time,IT Jobs,2026-07-17T10:45:24Z,"Salary: £40,000 - 70,000 per year Requirements: We are looking for solid experience building software as part of a team. We need someone who is comfortable working across both backend and frontend tasks. We require strong experience with C# and .NET. We value experience with Vue.js or similar frontend technologies. We expect a strong understanding of testing and quality assurance. We are looking for someone who can manage their time across planned work and unexpected issues. We want someone who…",https://www.adzuna.co.uk/jobs/details/5804704714?utm_medium=api&utm_source=c0698c3f,software developer,Manchester
5804122512,"Software Developer, Risk and Regulatory",bet365,"Manchester, Greater Manchester","UK, North West England, Greater Manchester, Manchester",58675.99,58675.99,1,,,IT Jobs,2026-07-17T02:27:31Z,"Job Description As a Software Developer, you will be working in a small team of talented developers following agile practices, to develop high quality scalable solutions. The Risk and Regulatory team’s goal is to form a function around an ever-growing road map. This will be covering not only Software Product Development, but also tooling, automation and platform architecture. As a full stack team, the core skills are Typescript, React, JavaScript and Golang. The technology stack also covers SQL…",https://www.adzuna.co.uk/jobs/details/5804122512?utm_medium=api&utm_source=c0698c3f,software developer,Manchester
5781274398,"Senior Software Developer, Verification",bet365,"Manchester, Greater Manchester","UK, North West England, Greater Manchester, Manchester",65812.27,65812.27,1,,,IT Jobs,2026-06-29T19:35:04Z,"Job Description As a Senior Software Developer, you will be experienced and passionate to join our dedicated Verification team as we embark on a ground up re-architecture. Within the Verification team, you will be developing, enhancing, and supporting our business-critical Verification platform. From the delivery of real time facial recognition systems utilising innovative AI technology, to core operational tooling. Verification operates as a full stack team who are in the process of undertakin…",https://www.adzuna.co.uk/jobs/details/5781274398?utm_medium=api&utm_source=c0698c3f,software developer,Manchester
5811134005,"Software Developer, Sports Content",bet365,"Manchester, Greater Manchester","UK, North West England, Greater Manchester, Manchester",48498.01,48498.01,1,,,IT Jobs,2026-07-22T20:33:56Z,"Job Description As a Software Developer in the Martech Sports Content team, you will be responsible for the Marketing, Affiliates systems, and various content management platforms used across the Business. The Martech Sports Content team is responsible for developing and enhancing our platforms for Partners, Hub pages, Offers, Zendesk and Responsible Gambling, which support the delivery of both customer facing and internal business systems. We operate as a full stack team with the core skills b…",https://www.adzuna.co.uk/jobs/details/5811134005?utm_medium=api&utm_source=c0698c3f,software developer,Manchester
5778381953,"Software Developer, Trading and Tools",bet365,"Manchester, Greater Manchester","UK, North West England, Greater Manchester, Manchester",52635.46,52635.46,1,,,IT Jobs,2026-06-27T01:29:24Z,"Job Description As a Software Developer, you will collaborate with a team of exceptionally skilled professionals dedicated to the development, enhancement and support of our cutting-edge Sports Trading Platform. Working within the trading and tools team, you will develop a diverse range of applications, including desktop solutions, such as WPF & WinForms, backend services such as, .NET & Golang, and SQL Server stored procedures. Your contribution will be vital in delivering real-time data throu…",https://www.adzuna.co.uk/jobs/details/5778381953?utm_medium=api&utm_source=c0698c3f,software developer,Manchester
5791063234,Software Development Manager - Legal,Circle Group,"Manchester, Greater Manchester","UK, North West England, Greater Manchester, Manchester",90000,90000,0,,,IT Jobs,2026-07-07T15:05:29Z,"Software Development Manager - Legal Manchester £75-90k depending on experience We are currently recruiting for a Software Development Manager to join our legal sector client's team in Manchester. We are looking for someone with strong case / practice management system experience (e.g. Visualfiles, Proclaim, Clio Operate / ShareDo, Actionstep, LEAP etc) who either has experience managing small teams or is ready to take the step into management. Key Responsibilities Lead and manage the software …",https://www.adzuna.co.uk/jobs/details/5791063234?utm_medium=api&utm_source=c0698c3f,software developer,Manchester
5808010264,Software Development Manager - Manchester,Circle Group,"Hulme, Manchester","UK, North West England, Greater Manchester, Manchester, Hulme",38500,67000,0,contract,full_time,IT Jobs,2026-07-20T11:33:18Z,"Salary: £38,500 - 67,000 per year Requirements: We require strong hands-on experience developing solutions within case management platforms such as VisualFiles, SOS Connect, P4W, ShareDO, Actionstep, Proclaim, or similar. We require experience migrating from one case management system to another. We require previous experience managing or leading a software development team, or informal leadership experience such as mentoring developers, leading projects, or acting as a technical lead. We requi…",https://www.adzuna.co.uk/jobs/details/5808010264?utm_medium=api&utm_source=c0698c3f,software developer,Manchester
5789988457,Software Developer - PG/IP,bet365,"Manchester, Greater Manchester","UK, North West England, Greater Manchester, Manchester",52287.04,52287.04,1,,,IT Jobs,2026-07-06T16:39:31Z,"hackajob is collaborating with Bet365 to connect them with exceptional professionals for this role. Who we are looking for A Software Developer, who will work in a small team of talented developers, following agile practices to develop high quality scalable solutions on Linux and Cloud platforms. You will be joining our pre-game and in-play team within the Site Services Trading and Tools department. You will be working on our flagship Sports product, to enhance our product offering with innovat…",https://www.adzuna.co.uk/jobs/land/ad/5789988457?se=nDuTmQ6G8RGbGoMv58FbYQ&utm_medium=api&utm_source=c0698c3f&v=AE0A0B24FCBD17EBFB6232CA7ACC6EDE4C93A8F8,software developer,Manchester
5805889381,"Software Developer, Risk and Regulatory",bet365,"Manchester, Greater Manchester","UK, North West England, Greater Manchester, Manchester",60759.86,60759.86,1,,,IT Jobs,2026-07-18T08:20:16Z,"hackajob is collaborating with Bet365 to connect them with exceptional professionals for this role. Company Description We’re one of the world’s leading online gambling companies, revolutionising the industry since 2000. Founded by Denise Coates CBE, we now employ over 10,000 people and serve over 120 million customers in 26 languages. We empower our employees to push boundaries and explore new ideas, cultivating a culture that celebrates and rewards creativity. This offers employees a wealth o…",https://www.adzuna.co.uk/jobs/land/ad/5805889381?se=nDuTmQ6G8RGbGoMv58FbYQ&utm_medium=api&utm_source=c0698c3f&v=3D05ACDCBD304E3D5361B888B6F3735A406AFD0E,software developer,Manchester
5793529234,Principal Software Development Engineer,Intrum,"Manchester, Greater Manchester","UK, North West England, Greater Manchester, Manchester",70830.1,70830.1,1,permanent,full_time,IT Jobs,2026-07-09T02:18:46Z,"Investment. Tech. Freedom. Ambition. At Intrum, technology is transforming the way we support customers and clients across the financial ecosystem. We are investing in modern platforms, intelligent automation, AI-enabled capabilities, and engineering excellence to create secure, scalable, and insight-led digital solutions. We are looking for a Principal Software Development Engineer to play a pivotal role in shaping the future of our customer-facing digital platforms and technology solutions. T…",https://www.adzuna.co.uk/jobs/details/5793529234?utm_medium=api&utm_source=c0698c3f,software developer,Manchester
5795166022,"Software Developer, Sports Content",bet365,"Manchester, Greater Manchester","UK, North West England, Greater Manchester, Manchester",50889.21,50889.21,1,,,IT Jobs,2026-07-10T07:48:00Z,"hackajob is collaborating with Bet365 to connect them with exceptional professionals for this role. Company Description At bet365, we're one of the world's leading online gambling companies, revolutionising the industry since 2000. Founded by Denise Coates CBE, we now employ over 9,000 people and serve over 100 million customers in 27 languages. Our focus on In-Play betting has solidified our market-leading position, offering an unmatched experience across 96 sports and 700,000 streaming events…",https://www.adzuna.co.uk/jobs/land/ad/5795166022?se=nDuTmQ6G8RGbGoMv58FbYQ&utm_medium=api&utm_source=c0698c3f&v=55AADF633F8FB67DE883A57A0C0353653A28F6BD,software developer,Manchester
5796379058,Principal Software Development Engineer,Intrum,"Manchester, Greater Manchester","UK, North West England, Greater Manchester, Manchester",69464.23,69464.23,1,permanent,full_time,IT Jobs,2026-07-11T02:20:35Z,"Investment. Tech. Freedom. Ambition. At Intrum, technology is transforming the way we support customers and clients across the financial ecosystem. We are investing in modern platforms, intelligent automation, AI-enabled capabilities, and engineering excellence to create secure, scalable, and insight-led digital solutions. We are looking for a Principal Software Development Engineer to play a pivotal role in shaping the future of our customer-facing digital platforms and technology solutions. T…",https://www.adzuna.co.uk/jobs/details/5796379058?utm_medium=api&utm_source=c0698c3f,software developer,Manchester
5804122444,"Senior Software Developer, Developer Platform",bet365,"Manchester, Greater Manchester","UK, North West England, Greater Manchester, Manchester",51041.05,51041.05,1,,,IT Jobs,2026-07-17T02:27:31Z,"Job Description As a Senior Software Developer, you will build and maintain the core infrastructure and tools that empower our development teams to deliver high-quality software efficiently and reliably. The developer platform team forms part of the wider Platform Engineering department and is responsible for delivering solutions designed to streamline and enhance internal development processes through automation, tooling, and visibility. Our platform developers build high-profile, impactful, a…",https://www.adzuna.co.uk/jobs/details/5804122444?utm_medium=api&utm_source=c0698c3f,software developer,Manchester
5804122515,"Senior Software Developer, Sports Content",bet365,"Manchester, Greater Manchester","UK, North West England, Greater Manchester, Manchester",55245.3,55245.3,1,,,IT Jobs,2026-07-17T02:27:31Z,"Job Description As a Senior Software Developer, you will collaborate with a team of skilled professionals dedicated to the development, enhancement and support of our cutting-edge Martech Content Platform. The Martech Content team is responsible for developing and enhancing our platforms for Hub pages, Offers, Help, News and Responsible Gambling, which support the delivery of both customer facing and internal business systems. Within the Content team, you will develop and support our business-c…",https://www.adzuna.co.uk/jobs/details/5804122515?utm_medium=api&utm_source=c0698c3f,software developer,Manchester
5810729688,Software Development Engineer in Test - DV Cleared,Searchability  Ltd,"Manchester, Greater Manchester","UK, North West England, Greater Manchester, Manchester",77828.52,77828.52,1,permanent,full_time,IT Jobs,2026-07-22T11:22:35Z,"Software Development Engineer in Test Location: Manchester Salary: £45,000 to £80,000 Clearance: Must hold eDV clearance To Apply: Email poppy.coutts@searchability.com Join a team building technology that helps keep the UK secure, resilient, and prepared for the future. Working on complex digital systems across defence and national security, you'll help deliver high-quality software that underpins critical services and mission-critical platforms. As a Software Development Engineer in Test (SDET…",https://www.adzuna.co.uk/jobs/details/5810729688?utm_medium=api&utm_source=c0698c3f,software developer,Manchester
5804122479,Software Development Team Lead - Regulatory Data,bet365,"Manchester, Greater Manchester","UK, North West England, Greater Manchester, Manchester",51057.99,51057.99,1,,,IT Jobs,2026-07-17T02:27:31Z,"Job Description As a Regulatory Data Team Leader, you will lead a cross-functional team in the delivery of regulatory reporting software solutions. The Data Engineering department is responsible for writing software and reporting systems to communicate jurisdiction-specific information to international regulators. They are developed to high standards, tuned for performance and reliability with low tolerances for error. We're using an architecture that includes high-throughput, database-centric …",https://www.adzuna.co.uk/jobs/details/5804122479?utm_medium=api&utm_source=c0698c3f,software developer,Manchester
5811132282,Software Product Development Manager,bet365,"Manchester, Greater Manchester","UK, North West England, Greater Manchester, Manchester",48006.14,48006.14,1,,,IT Jobs,2026-07-22T20:33:07Z,"Job Description As a Software Product Development Manager, your vision will help to shape the future of our Player Account Management platform and ensure we remain an industry leader. You will join our Software Product Development department, where we build our bespoke, in-house technology from the ground up and handle massive scale, high concurrency, and real-time data. Stepping into this role, you will collaborate with cross-functional teams and provide clear direction to our development team…",https://www.adzuna.co.uk/jobs/details/5811132282?utm_medium=api&utm_source=c0698c3f,software developer,Manchester
5799943929,Software Business Development Manager,The Portfolio Group,"Manchester, Greater Manchester","UK, North West England, Greater Manchester, Manchester",46995.31,46995.31,1,permanent,full_time,Sales Jobs,2026-07-14T13:38:12Z,"Software Business Development Manager | Manchester | Competitive base salary uncapped commission. Realistic OTE £80k, Top Performers £140k Are you a passionate Business Development Manager who is looking for their next exciting challenge? I am representing an award-winning Software Leader who provide HR and Payroll platform solutions to SME's. You will be instrumental in the sales cycle, drives sales and growth and set new benchmarks in a fast, agile environment. Key Responsibilities: Identify…",https://www.adzuna.co.uk/jobs/details/5799943929?utm_medium=api&utm_source=c0698c3f,software developer,Manchester
5786784335,Software Business Development Manager,The Portfolio Group,"Rusholme, Manchester","UK, North West England, Greater Manchester, Manchester, Rusholme",46836.29,46836.29,1,,full_time,Sales Jobs,2026-07-03T12:53:10Z,"Software Business Development Manager | Manchester | Competitive base salary uncapped commission. Realistic OTE £80k, Top Performers £140k Are you a passionate Business Development Manager who is looking for their next exciting challenge? I am representing an award-winning Software Leader who provide HR and Payroll platform solutions to SME's. You will be instrumental in the sales cycle, drives sales and growth and set new benchmarks in a fast, agile environment. Key Responsibilities: Identify…",https://www.adzuna.co.uk/jobs/details/5786784335?utm_medium=api&utm_source=c0698c3f,software developer,Manchester
5799936341,Sales Development Representative (Software),The Portfolio Group,"Manchester, Greater Manchester","UK, North West England, Greater Manchester, Manchester",25500,29000,0,permanent,full_time,Sales Jobs,2026-07-14T13:36:09Z,"Do you want to work for a business where top earners are earning over £100K & the number 1 biller takes home £250,000? Sales Development Representative (Software) Manchester City Centre (onsite) Up to £29,000 DOE uncapped commission (OTE £40,000) PLUS bonus up to £4K a quarter PLUS guaranteed commission for your first 3 months of £300 The Portfolio Group are partnering with an industry leading, global group who provide a software solutions to various businesses across the UK and Ireland. They …",https://www.adzuna.co.uk/jobs/details/5799936341?utm_medium=api&utm_source=c0698c3f,software developer,Manchester
5784933161,Data Scientist,LATHAM & WATKINS LLP,"Manchester, Greater Manchester","UK, North West England, Greater Manchester, Manchester",42352.83,42352.83,1,,,Accounting & Finance Jobs,2026-07-02T05:45:10Z,"Company description Latham & Watkins is one of the worlds leading global law firms advising the businesses and institutions that drive the global economy. We are the market leaders in major financial and business centers around the world. Our investment in people, commitment to innovation, and focus on the future empower you to build an incredible career and thrive as an exceptional professional in a supportive culture. If you aspire to be the best, and work with the best, this is where you bel…",https://www.adzuna.co.uk/jobs/details/5784933161?utm_medium=api&utm_source=c0698c3f,data scientist,Manchester
5774973989,Data Scientist,PHMG,"Manchester, Greater Manchester","UK, North West England, Greater Manchester, Manchester",53729.11,53729.11,1,,,IT Jobs,2026-06-24T16:31:29Z,"Role: Data Scientist Location: Manchester – Hybrid working Hours: Monday-Friday – 8:45am – 5:15pm Package: £77,000 OTE PHMG is embarking on an exciting new phase in its journey, focusing on modernizing our data capability and enhancing the way we work. This evolution presents numerous opportunities to leverage data more effectively, allowing us to better serve our customers and colleagues. As part of this growth, we are expanding our team to maximize the value from the wealth of data stored wit…",https://www.adzuna.co.uk/jobs/details/5774973989?utm_medium=api&utm_source=c0698c3f,data scientist,Manchester
5785238322,eDV Data Scientist,Searchability  Ltd,"Manchester, Greater Manchester","UK, North West England, Greater Manchester, Manchester",45000,95000,0,permanent,full_time,IT Jobs,2026-07-02T10:27:47Z,"Must have active enhanced DV Clearance Junior to Lead levels available £45k to £95k DoE plus 15% clearance bonus Must be willing to be full-time on-site in Central London Skills required in machine learning, GenAI, NLP, Customer Engagement/Consultancy Who are we? We are recruiting Junior, Senior and Lead Data Scientists with AI specialism and enhanced DV Clearance for a prestigious client to work on a portfolio of public and private sector projects. Our client is a global leader in technology, …",https://www.adzuna.co.uk/jobs/details/5785238322?utm_medium=api&utm_source=c0698c3f,data scientist,Manchester
5808130334,Lead Data Scientist,Uniting Ambition,"Manchester, Greater Manchester","UK, North West England, Greater Manchester, Manchester",90000,100000,0,,full_time,IT Jobs,2026-07-20T13:56:03Z,"Lead Data Scientist | Fully Remote | £90,000–£100,000 Benefits Build the models behind real-time decision making at scale. Why this role stands out This isn’t just another senior data science position. It’s a chance to shape the future of analytics in one of the UK’s most successful privately owned technology businesses, a market leader trusted by millions and driven by data at its core. You’ll join a high-performing team working with real-time data, advanced machine learning, and large-scale …",https://www.adzuna.co.uk/jobs/land/ad/5808130334?se=Rhz9mg6G8RGOjq-EnQ330Q&utm_medium=api&utm_source=c0698c3f&v=B8845AA39B1350E1095ECED044E94DE773CE5747,data scientist,Manchester
5783922427,eDV Data Scientist,Searchability NS&D,"Manchester, Greater Manchester","UK, North West England, Greater Manchester, Manchester",45000,95000,0,permanent,full_time,IT Jobs,2026-07-01T16:52:24Z,"Must have active enhanced DV Clearance Junior to Lead levels available £45k to £95k DoE plus 15% clearance bonus Must be willing to be full-time on-site in Central London Skills required in machine learning, GenAI, NLP, Customer Engagement/Consultancy Who are we? We are recruiting Junior, Senior and Lead Data Scientists with AI specialism and enhanced DV Clearance for a prestigious client to work on a portfolio of public and private sector projects. Our client is a global leader in technology, …",https://www.adzuna.co.uk/jobs/land/ad/5783922427?se=Rhz9mg6G8RGOjq-EnQ330Q&utm_medium=api&utm_source=c0698c3f&v=1E0D841CE1F54B4C7B303FFC4D55F4C243E1E164,data scientist,Manchester
5788133785,Senior Data Scientist,Autotrader,"Manchester, Greater Manchester","UK, North West England, Greater Manchester, Manchester",50000,70000,0,,,IT Jobs,2026-07-04T15:41:24Z,"About us You've probably heard of Autotrader, but do you know what we're all about? We're the most trusted, most visited automotive marketplace in the UK. A heritage brand and a tech innovator. We bring together vehicle buyers and sellers to give them real choices. Cars may be what we're best known for but we’re also the place for pretty much everything else on wheels, from e-bikes to caravans. In the automotive world, change is a constant, that’s why we take our job of untangling the complex c…",https://www.adzuna.co.uk/jobs/details/5788133785?utm_medium=api&utm_source=c0698c3f,data scientist,Manchester
5808712192,Principal Data Scientist,National Highways,"Manchester, Greater Manchester","UK, North West England, Greater Manchester, Manchester",55810,66690,0,permanent,full_time,IT Jobs,2026-07-21T02:33:18Z,"As part of the development of our Digital Services function, we are recruiting to strengthen our internal digital capability. These roles are central to building sustainable in-house expertise that supports the design, development, and delivery of digital solutions across the transport network. A key focus of this campaign is creating new opportunities. As a result, we are recruiting a Lead Date Scientist to play a leading role in shaping the future of digital services across National Highways.…",https://www.adzuna.co.uk/jobs/details/5808712192?utm_medium=api&utm_source=c0698c3f,data scientist,Manchester
5808712188,Lead Data Scientist,National Highways,"Manchester, Greater Manchester","UK, North West England, Greater Manchester, Manchester",47410,54210,0,permanent,full_time,IT Jobs,2026-07-21T02:33:18Z,"As part of the development of our Digital Services function, we are recruiting to strengthen our internal digital capability. These roles are central to building sustainable in-house expertise that supports the design, development, and delivery of digital solutions across the transport network. A key focus of this campaign is creating new opportunities. As a result, we are recruiting a Lead Date Scientist to play a leading role in shaping the future of digital services across National Highways.…",https://www.adzuna.co.uk/jobs/details/5808712188?utm_medium=api&utm_source=c0698c3f,data scientist,Manchester
5755551231,Senior Data Scientist,Code First Girls,"Manchester Science Park, Manchester","UK, North West England, Greater Manchester, Manchester, Manchester Science Park",59928.3,59928.3,1,,full_time,IT Jobs,2026-06-07T16:59:51Z,"This is a free training course followed by the potential for a role with one of our clients. Title : Senior Data Scientist Job location : Manchester, UK Description : Step into a role as a Senior Data Scientist with one of our clients through one of our education programmes. The role: In this role, you’ll make an impact in the following ways: Develop AI/ML and Generative AI / LLM models to address challenging and impactful business problems, from proofs of concept to production-level deliverabl…",https://www.adzuna.co.uk/jobs/details/5755551231?utm_medium=api&utm_source=c0698c3f,data scientist,Manchester
5804705516,eDV Data Scientist,NSD,"Manchester Science Park, Manchester","UK, North West England, Greater Manchester, Manchester, Manchester Science Park",95000,95000,0,,full_time,IT Jobs,2026-07-17T10:45:30Z,"Salary: £95,000 - 95,000 per year Requirements: We require active enhanced DV Clearance. We are hiring at Junior, Senior, and Lead levels. We are looking for strong technical expertise in machine learning, GenAI, NLP, deep learning, graph analytics, time series analysis, and computer vision. We need experience in solution architecture and software engineering. We need strong communication skills with the ability to simplify complex concepts, manage stakeholders, and lead Agile teams. We need ex…",https://www.adzuna.co.uk/jobs/details/5804705516?utm_medium=api&utm_source=c0698c3f,data scientist,Manchester
5772790706,Senior Data Scientist,Oscar Associates  Limited,"Manchester, Greater Manchester","UK, North West England, Greater Manchester, Manchester",95000,95000,0,,,IT Jobs,2026-06-22T21:38:11Z,"Data Scientist | Manchester | Competitive Share Options We are working with a fast growing, globally recognised tech business to find a Data Scientist to join their expanding data function. This is not a role for someone who wants to sit behind a reporting tool. It is for someone who genuinely enjoys getting under the skin of a business problem, figuring out the best way to approach it, and delivering analysis that changes what happens next. You will work across commercial, operational and str…",https://www.adzuna.co.uk/jobs/details/5772790706?utm_medium=api&utm_source=c0698c3f,data scientist,Manchester
5752579983,Senior Data Scientist,IBM,"Manchester, Greater Manchester","UK, North West England, Greater Manchester, Manchester",86914.3,86914.3,1,contract,,IT Jobs,2026-06-05T01:44:11Z,"Introduction At IBM Consulting UK FutureNow, you'll build a career at the forefront of hybrid cloud and AI, working with leading clients across the public and private sectors. You'll collaborate with top industry professionals, gain hands on experience with cutting edge technologies, and deliver solutions that create real business impact. From day one, you'll work on meaningful, high profile programmes that stretch your skills and accelerate your growth. We invest heavily in you-supporting cont…",https://www.adzuna.co.uk/jobs/details/5752579983?utm_medium=api&utm_source=c0698c3f,data scientist,Manchester
5804122510,"Lead Data Scientist, Sports",bet365,"Manchester, Greater Manchester","UK, North West England, Greater Manchester, Manchester",58261.47,58261.47,1,,,IT Jobs,2026-07-17T02:27:31Z,"Job Description As a Lead Data Scientist, you will spearhead the development of advanced probabilistic models that power real-time betting markets. The Quantitative Analysis department harnesses data-driven insights to enhance our betting products and services. The team is responsible for designing, developing, and maintaining sophisticated mathematical models to provide accurate pricing across our sports betting products. In this role, you will work with extensive datasets develop models that …",https://www.adzuna.co.uk/jobs/details/5804122510?utm_medium=api&utm_source=c0698c3f,data scientist,Manchester
5799625885,Lead Security Data Scientist,DWP Digital,"Manchester, Greater Manchester","UK, North West England, Greater Manchester, Manchester",75000,75000,0,contract,,IT Jobs,2026-07-14T08:33:30Z,"Help protect the data of millions of UK citizens DWP delivers services that millions of people rely on every day. Behind those services sits one of the UK's largest repositories of personal and financial data. We're looking for a Lead Security Data Scientist to lead a specialist team using data science, machine learning, AI and advanced analytics to detect threats, uncover malicious activity and strengthen the security of critical public services. This is an opportunity to lead at the heart of …",https://www.adzuna.co.uk/jobs/details/5799625885?utm_medium=api&utm_source=c0698c3f,data scientist,Manchester
5775152543,Data Scientist - Manchester (IT),Nexus Jobs Limited,"Manchester, Greater Manchester","UK, North West England, Greater Manchester, Manchester",85000,85000,0,permanent,,IT Jobs,2026-06-24T21:34:23Z,Data Scientist ? Manchester Our Client an international organisation is looking to recruit a Data Scientist with 7 to 10 years expertise as a Data Scientist. You will have Natural Language Processing (NLP) knowledge and experience and understand and analyse large data sets to discover new insights. Working in a multi-disciplinary team within a highly technical and complex environment. Well versed in scalable data mining and machine learning techniques (using computers to improve as well as deve…,https://www.adzuna.co.uk/jobs/details/5775152543?utm_medium=api&utm_source=c0698c3f,data scientist,Manchester
5775152550,Big Data Scientist (IT),Nexus Jobs Limited,"Manchester, Greater Manchester","UK, North West England, Greater Manchester, Manchester",90000,90000,0,permanent,,IT Jobs,2026-06-24T21:34:23Z,Big Data Scientist - Expert ? Manchester Our Client an international organisation is looking to recruit a Big Data Expert with 7 to 10 years expertise as a Big Data Scientist. You will have Natural Language Processing (NLP) knowledge and experience and understand and analyse large data sets to discover new insights. Working in a multi-disciplinary team within a highly technical and complex environment. Well versed in scalable data mining and machine learning techniques (using computers to impro…,https://www.adzuna.co.uk/jobs/details/5775152550?utm_medium=api&utm_source=c0698c3f,data scientist,Manchester
5805889432,"Lead Data Scientist, Sports",bet365,"Manchester, Greater Manchester","UK, North West England, Greater Manchester, Manchester",78250.21,78250.21,1,,,IT Jobs,2026-07-18T08:20:18Z,"hackajob is collaborating with Bet365 to connect them with exceptional professionals for this role. Company Description We’re one of the world’s leading online gambling companies, revolutionising the industry since 2000. Founded by Denise Coates CBE, we now employ over 10,000 people and serve over 120 million customers in 26 languages. We empower our employees to push boundaries and explore new ideas, cultivating a culture that celebrates and rewards creativity. This offers employees a wealth o…",https://www.adzuna.co.uk/jobs/land/ad/5805889432?se=Rhz9mg6G8RGOjq-EnQ330Q&utm_medium=api&utm_source=c0698c3f&v=C669E636F8FA6DC2897F00C74D28421A34725E46,data scientist,Manchester
5802003036,Data Scientist - AI & Advanced Analytics,IBM,"Manchester, Greater Manchester","UK, North West England, Greater Manchester, Manchester",79128.52,79128.52,1,contract,,IT Jobs,2026-07-16T01:57:40Z,"Introduction At IBM Consulting UK FutureNow, you'll build a career at the forefront of hybrid cloud and AI, working with leading clients across the public and private sectors. You'll collaborate with top industry professionals, gain hands on experience with cutting edge technologies, and deliver solutions that create real business impact. From day one, you'll work on meaningful, high profile programmes that stretch your skills and accelerate your growth. We invest heavily in you-supporting cont…",https://www.adzuna.co.uk/jobs/details/5802003036?utm_medium=api&utm_source=c0698c3f,data scientist,Manchester
5725446314,Data Scientist & Machine Learning Researcher,RTX Corporation,"Manchester, Greater Manchester","UK, North West England, Greater Manchester, Manchester",43094.81,43094.81,1,,,IT Jobs,2026-05-11T01:16:22Z,"Date Posted: 2026-07-15 Country: United Kingdom Location: Gloucester, South Gloucestershire Position Role Type: Onsite Data Scientist & Machine Learning Researcher Gloucester, Manchester Benefits: £:Competitive salary Contributory Pension Scheme (up to 10.5% company contribution) 6 times salary 'Life Assurance' with pension 25 days holiday (increasing with service) statutory public holidays, plus opportunity to buy and sell up to 5 days (37hr) Company bonus scheme (discretionary) Flexibl…",https://www.adzuna.co.uk/jobs/details/5725446314?utm_medium=api&utm_source=c0698c3f,data scientist,Manchester
5725446311,Senior Data Scientist & Machine Learning Researcher,RTX Corporation,"Manchester, Greater Manchester","UK, North West England, Greater Manchester, Manchester",46362.64,46362.64,1,permanent,,IT Jobs,2026-05-11T01:16:22Z,"Date Posted: 2026-07-17 Country: United Kingdom Location: Gloucester, South Gloucestershire Position Role Type: Onsite Senior Data Scientist & Machine Learning Researcher Gloucester, Manchester Benefits: £:Competitive salary Contributory Pension Scheme (up to 10.5% company contribution) 6 times salary 'Life Assurance' with pension 25 days holiday (increasing with service) statutory public holidays, plus opportunity to buy and sell up to 5 days (37hr) Company bonus scheme (discretionary) …",https://www.adzuna.co.uk/jobs/details/5725446311?utm_medium=api&utm_source=c0698c3f,data scientist,Manchester
5483982083,Principal Data Scientist & Machine Learning Researcher,RTX Corporation,"Manchester, Greater Manchester","UK, North West England, Greater Manchester, Manchester",45595.48,45595.48,1,,,IT Jobs,2025-11-06T15:03:00Z,"Date Posted: Country: United Kingdom Location: Gloucester, South Gloucestershire Position Role Type: Unspecified Gloucester, London or Manchester Hybrid role: Must be prepared to work from a Raytheon or customer site depending on demand. Average of 3 days a week on-site. SC Required Must already hold or be able to gain an eDV clearance. Raytheon UK At Raytheon UK, we take immense pride in being a leader in defence and aerospace technology. As an employer, we are dedicated to fuelling innovation…",https://www.adzuna.co.uk/jobs/details/5483982083?utm_medium=api&utm_source=c0698c3f,data scientist,Manchester
5672940116,"Vice President, Data Scientist – AI Hub",BNY Mellon,"Manchester Science Park, Manchester","UK, North West England, Greater Manchester, Manchester, Manchester Science Park",103329.89,103329.89,1,,full_time,IT Jobs,2026-03-20T10:26:09Z,"Description Vice President, Data Scientist – AI Hub At BNY, our culture allows us to run our company better and enables employees’ growth and success. As a leading global financial services company at the heart of the global financial system, we influence nearly 20% of the world’s investible assets. Every day, our teams harness cutting-edge AI and breakthrough technologies to collaborate with clients, driving transformative solutions that redefine industries and uplift communities worldwide. Re…",https://www.adzuna.co.uk/jobs/details/5672940116?utm_medium=api&utm_source=c0698c3f,data scientist,Manchester
5789989356,"Vice President, Data Scientist – AI Hub",BNY,"Manchester, Greater Manchester","UK, North West England, Greater Manchester, Manchester",78136.34,78136.34,1,,,IT Jobs,2026-07-06T16:39:41Z,"hackajob is collaborating with BNY to connect them with exceptional professionals for this role. Vice President, Data Scientist – AI Hub At BNY, our culture allows us to run our company better and enables employees’ growth and success. As a leading global financial services company at the heart of the global financial system, we influence nearly 20% of the world’s investible assets. Every day, our teams harness cutting-edge AI and breakthrough technologies to collaborate with clients, driving t…",https://www.adzuna.co.uk/jobs/land/ad/5789989356?se=Rhz9mg6G8RGOjq-EnQ330Q&utm_medium=api&utm_source=c0698c3f&v=726B4E223081AEC698A26E5DDA1F878D78FA7832,data scientist,Manchester
5769452962,Principal Data Scientist and Machine Learning Researcher (eDV),Frontier Resourcing,"Rusholme, Manchester","UK, North West England, Greater Manchester, Manchester, Rusholme",66792.77,66792.77,1,,full_time,IT Jobs,2026-06-19T15:26:19Z,"Principal Data Scientist & Machine Learning Researcher Gloucester | London | Manchester Working with a leading National Security and Cyber organisation, you will help develop advanced AI and machine learning solutions that support critical national security missions. Operating within a mature Agile environment, you'll collaborate closely with customers, engineers, researchers and data scientists to solve complex real-world challenges using cutting-edge AI, machine learning and data science tech…",https://www.adzuna.co.uk/jobs/details/5769452962?utm_medium=api&utm_source=c0698c3f,data scientist,Manchester
5810505300,"Head of Labs, Data Science, AI, LLMs, SLMs, Agentic AI, Remote",Carrington Recruitment Solutions Limited,"Manchester, Greater Manchester","UK, North West England, Greater Manchester, Manchester",100000,100000,0,,,IT Jobs,2026-07-22T08:51:01Z,"Head of Labs, Data Science, AI, LLMs, SLMs, Agentic AI, Innovation, Data, Remote with Travel Head of Labs, AI & Data Leader required to work for a fast moving and growing organisation based all over the country! This role is mainly remote but there will be some travel involved, mainly to their London offices. For people who live outside of Greater London, your travel cost will be reimbursed. You can literally live anywhere in the UK for this role. This role is greatand probably different to mos…",https://www.adzuna.co.uk/jobs/details/5810505300?utm_medium=api&utm_source=c0698c3f,data scientist,Manchester
5809726238,"Head of Labs, Data Science, AI, LLMs, SLMs, Agentic AI, Innovation, Data, Remote with Travel",Carrington Recruitment Solutions Ltd,"Manchester, Greater Manchester","UK, North West England, Greater Manchester, Manchester",120000,150000,0,permanent,full_time,IT Jobs,2026-07-21T22:12:19Z,"Head of Labs, Data Science, AI, LLMs, SLMs, Agentic AI, Innovation, Data, Remote with Travel Head of Labs, AI & Data Leader required to work for a fast moving and growing organisation based all over the country! This role is mainly remote but there will be some travel involved, mainly to their London offices. For people who live outside of Greater London, your travel cost will be reimbursed. You can literally live anywhere in the UK for this role. This role is great…and probably different to mo…",https://www.adzuna.co.uk/jobs/land/ad/5809726238?se=Rhz9mg6G8RGOjq-EnQ330Q&utm_medium=api&utm_source=c0698c3f&v=B148A057349B8BDE73B4FDBB48E82FF45E4D301B,data scientist,Manchester
5789988380,"Senior Associate, AI/ML Engineer - AI Hub",BNY,"Manchester, Greater Manchester","UK, North West England, Greater Manchester, Manchester",50822.33,50822.33,1,,,IT Jobs,2026-07-06T16:39:30Z,"hackajob is collaborating with BNY to connect them with exceptional professionals for this role. Senior Associate, AI/ML Engineer – AI Hub At BNY, our culture allows us to run our company better and enables employees’ growth and success. As a leading global financial services company at the heart of the global financial system, we influence nearly 20% of the world’s investible assets. Every day, our teams harness cutting-edge AI and breakthrough technologies to collaborate with clients, driving…",https://www.adzuna.co.uk/jobs/land/ad/5789988380?se=Rhz9mg6G8RGOjq-EnQ330Q&utm_medium=api&utm_source=c0698c3f&v=24959EBABE11536D9C1F0338A7B958A8FB0FFDB5,data scientist,Manchester
5797164816,Principal Pricing Analyst,Vermelo,"Manchester Science Park, Manchester","UK, North West England, Greater Manchester, Manchester, Manchester Science Park",69090.35,69090.35,1,permanent,,IT Jobs,2026-07-11T21:35:54Z,"Job Title: Principal Pricing Analyst Locations : This can be a largely remote position with the occasion travel to the office closest to you. We have offices based in Manchester, Stoke, London and Peterborough. Role Overview We are looking for a Principal Pricing Analyst to join a quickly growing and developing pricing department across a range of insurance lines. You will utilise your technical expertise, in-depth knowledge of insurance industry and market leading tools to produce creative and…",https://www.adzuna.co.uk/jobs/details/5797164816?utm_medium=api&utm_source=c0698c3f,data scientist,Manchester
5768748678,ICOA Advanced Insights - Remote,IQVIA,"Manchester, Greater Manchester","UK, North West England, Greater Manchester, Manchester",50161.44,50161.44,1,,,IT Jobs,2026-06-19T01:39:52Z,Lead and execute clinical and operation advanced analytics or system improvements Develop novel data science methodologies to generate deep insights from disparate data sources. Provide subject matter expertise to teams in identification and application of the right data science methodology for a business problem. Formulate the right business problem in collaboration with business and create necessary analysis plans. Develop machine learning methodologies both supervised and unsupervised a…,https://www.adzuna.co.uk/jobs/details/5768748678?utm_medium=api&utm_source=c0698c3f,data scientist,Manchester
5765572491,Forward Deployed Engineer,Biorelate,"Manchester, Greater Manchester","UK, North West England, Greater Manchester, Manchester",62073.21,62073.21,1,,full_time,IT Jobs,2026-06-16T14:35:33Z,"Location: UK (Remote) Reports to: VP Technology We’re hiring a Forward Deployed Engineer to work directly with customers as they integrate our knowledge graph into their own systems. Our customers are typically data science and bioinformatics teams in pharmaceuticals or biotechs. You’ll work closely with customer technical teams to get our data products into production. That might mean loading the graph into Neo4j, exposing it through APIs, flattening it into analytical warehouses, or helping c…",https://www.adzuna.co.uk/jobs/details/5765572491?utm_medium=api&utm_source=c0698c3f,data scientist,Manchester
5783903072,Data Engineer,Kitman Labs,"Manchester, Greater Manchester","UK, North West England, Greater Manchester, Manchester",113477.35,113477.35,1,,full_time,IT Jobs,2026-07-01T16:33:30Z,"Kitman Labs is the performance intelligence company, disrupting and transforming the way the sports industry uses data to unlock the potential of the world's top athletes. Driven by a passion to innovate in the areas of sports performance, analytics and user experience, we have assembled a team of the industry's top data scientists, sports performance scientists, product specialists and engineers. Kitman Labs' advanced Intelligence Platform (iP) is now used by over 2000 teams in 50 leagues on 6…",https://www.adzuna.co.uk/jobs/details/5783903072?utm_medium=api&utm_source=c0698c3f,data scientist,Manchester
5772705876,Transformation Senior Pricing Analyst,Vermelo,"Manchester Science Park, Manchester","UK, North West England, Greater Manchester, Manchester, Manchester Science Park",34415.57,34415.57,1,permanent,,IT Jobs,2026-06-22T18:48:28Z,"Job Title: Transformation Senior Pricing Analyst Location: Peterborough, Manchester, London, Stoke-on-Trent (flexible hybrid working) We support remote working with occasional travel to our offices. Are you ready to take your analytical skills to the next level and help transform pricing capabilities? At Markerstudy, we're on a mission to redefine how we deliver value to our customers and the business. This is your opportunity to join our Pricing Transformation team and play a key role in shapi…",https://www.adzuna.co.uk/jobs/details/5772705876?utm_medium=api&utm_source=c0698c3f,data scientist,Manchester
5802003034,Data Engineer - Data & Analytics Platforms,IBM,"Manchester, Greater Manchester","UK, North West England, Greater Manchester, Manchester",65665.13,65665.13,1,contract,,IT Jobs,2026-07-16T01:57:40Z,"Introduction At IBM Consulting UK FutureNow, you'll build a career at the forefront of hybrid cloud and AI, working with leading clients across the public and private sectors. You'll collaborate with top industry professionals, gain hands on experience with cutting edge technologies, and deliver solutions that create real business impact. From day one, you'll work on meaningful, high profile programmes that stretch your skills and accelerate your growth. We invest heavily in you-supporting cont…",https://www.adzuna.co.uk/jobs/details/5802003034?utm_medium=api&utm_source=c0698c3f,data scientist,Manchester
5789987460,"Senior Specialist, Full-Stack Engineer",BNY,"Manchester, Greater Manchester","UK, North West England, Greater Manchester, Manchester",54797.97,54797.97,1,,,IT Jobs,2026-07-06T16:39:16Z,"hackajob is collaborating with BNY to connect them with exceptional professionals for this role. Full-Stack Engineer (Senior Specialist) At BNY, our culture allows us to run our company better and enables employees’ growth and success. As a leading global financial services company at the heart of the global financial system, we influence nearly 20% of the world’s investible assets. Every day, our teams harness cutting-edge AI and breakthrough technologies to collaborate with clients, driving t…",https://www.adzuna.co.uk/jobs/land/ad/5789987460?se=Rhz9mg6G8RGOjq-EnQ330Q&utm_medium=api&utm_source=c0698c3f&v=D2C53DD997AC55A535B3FE600F360E62DEAF62D0,data scientist,Manchester
5782849174,Gynaecology Surgical Solutions EMEA Scientific Affairs Manager,Hologic,"Rusholme, Manchester","UK, North West England, Greater Manchester, Manchester, Rusholme",44620.59,44620.59,1,,full_time,Scientific & QA Jobs,2026-07-01T05:45:57Z,"At Hologic, we are dedicated to enabling healthier lives everywhere, every day, by advancing women’s health through innovative gynecological solutions. Guided by The Science of Sure, we strive to provide clinicians with precise, reliable technologies that support minimally invasive management of abnormal uterine bleeding, fibroids and other benign gynecological conditions. Our Gynecological Surgical Solutions portfolio, including NovaSure endometrial ablation, MyoSure tissue removal systems and…",https://www.adzuna.co.uk/jobs/land/ad/5782849174?se=Rhz9mg6G8RGOjq-EnQ330Q&utm_medium=api&utm_source=c0698c3f&v=ABA002FD3167A934179A4B2AD163EC3953D93076,data scientist,Manchester
5766841680,Senior Solutions Consultant,Biorelate,"Manchester, Greater Manchester","UK, North West England, Greater Manchester, Manchester",68953.44,68953.44,1,,full_time,IT Jobs,2026-06-17T15:15:39Z,"Location: UK (Remote) Reports to: VP of Sales Travel: Primarily remote, with travel to customer sites UK and abroad, plus industry conferences and customer events (approximately 30–40%, with peaks during conference seasons) This is a business-critical, customer-facing role for a scientifically credible commercial operator who can engage confidently with senior discovery scientists, informatics leaders, and innovation stakeholders. You will work closely with the VP of Sales and the wider commerc…",https://www.adzuna.co.uk/jobs/details/5766841680?utm_medium=api&utm_source=c0698c3f,data scientist,Manchester
5789988479,Lead Engineer - Full Stack,Dunnhumby Ltd,"Manchester, Greater Manchester","UK, North West England, Greater Manchester, Manchester",82186.61,82186.61,1,,,IT Jobs,2026-07-06T16:39:32Z,"hackajob is collaborating with Dunnhumby Ltd to connect them with exceptional professionals for this role. dunnhumby is the global leader in Customer Data Science, partnering with the world’s most ambitious retailers and brands to put the customer at the heart of every decision. We combine deep insight, advanced technology, and close collaboration to help our clients grow, innovate, and deliver measurable value for their customers. dunnhumby employs nearly 2,500 experts in offices throughout Eu…",https://www.adzuna.co.uk/jobs/land/ad/5789988479?se=Rhz9mg6G8RGOjq-EnQ330Q&utm_medium=api&utm_source=c0698c3f&v=F98C3A6C4505792E6E37E385B967B7BAB3DED276,data scientist,Manchester
5792955996,Senior Data Architect / Data Solution Architect,Version 1,"Manchester, Greater Manchester","UK, North West England, Greater Manchester, Manchester",66222.2,66222.2,1,,,IT Jobs,2026-07-08T19:39:01Z,"hackajob is collaborating with Version 1 to connect them with exceptional professionals for this role. As a Senior Data Architect, you will be expected to take an architecture lead role on our client’s solution delivery engagements, with high levels of customer engagement. This will involve ongoing analysis of business requirements throughout the lifetime of the service. Candidates will have a strong understanding of data architecture and analytics design and project delivery life-cycles with a…",https://www.adzuna.co.uk/jobs/land/ad/5792955996?se=Rhz9mg6G8RGOjq-EnQ330Q&utm_medium=api&utm_source=c0698c3f&v=D0AFF6462052C7C02BB7A4247CD996418F495335,data scientist,Manchester
5789968158,AI Solution Architect - Senior Manager/Associate Director Capital Markets,Datatech Analytics,"Manchester, Greater Manchester","UK, North West England, Greater Manchester, Manchester",124828.42,124828.42,1,,,IT Jobs,2026-07-06T15:06:19Z,"AI Solution Architect - Senior Manager/Associate Director | Capital Markets Location: Manchester Working pattern: Hybrid Salary: Compensation aligned to experience and seniority Ref: J13119 Senior AI Solution Architects are required to support the design, implementation and scaling of advanced AI solutions within financial services and capital markets environments. This role would suit an experienced professional with a strong background in AI, cloud and data architecture, with experience desig…",https://www.adzuna.co.uk/jobs/details/5789968158?utm_medium=api&utm_source=c0698c3f,data scientist,Manchester
5764238985,Pricing Analyst,Markerstudy Insurance,"Manchester Science Park, Manchester","UK, North West England, Greater Manchester, Manchester, Manchester Science Park",52835.97,52835.97,1,permanent,full_time,IT Jobs,2026-06-15T10:51:57Z,"Pricing Analyst Location: Peterborough, Manchester, Stoke, Southport (flexible hybrid working) Role purpose Responsible for supporting the delivery of pricing solutions that align with the company’s strategic goals and plans. This includes conducting in-depth analysis, developing predictive models, and influencing strategic decisions. Key Responsibilities Support the delivery of pricing solutions Provide input into pricing processes, and champion continuous improvement Combine pricing expertise…",https://www.adzuna.co.uk/jobs/details/5764238985?utm_medium=api&utm_source=c0698c3f,data scientist,Manchester
5794839695,Pricing Analyst,Vermelo,"Manchester, Greater Manchester","UK, North West England, Greater Manchester, Manchester",41910.85,41910.85,1,,,IT Jobs,2026-07-10T00:34:28Z,"Pricing Analyst Location: Peterborough, Manchester, Stoke, Southport (flexible hybrid working) Role purpose Responsible for supporting the delivery of pricing solutions that align with the company's strategic goals and plans. This includes conducting in-depth analysis, developing predictive models, and influencing strategic decisions. Key Responsibilities Support the delivery of pricing solutions Provide input into pricing processes, and champion continuous improvement Combine pricing expertise…",https://www.adzuna.co.uk/jobs/details/5794839695?utm_medium=api&utm_source=c0698c3f,data scientist,Manchester
5794392838,Postgresql DBA,Atos,"Manchester, Greater Manchester","UK, North West England, Greater Manchester, Manchester",73424.56,73424.56,1,,,IT Jobs,2026-07-09T19:45:34Z,"hackajob is collaborating with Atos to connect them with exceptional professionals for this role. About Atos Group Atos Group is a global leader in digital transformation with c. 63,000 employees and annual revenue of c. €8 billion, operating in 61 countries under two brands — Atos for services and Eviden for products. European number one in cybersecurity, cloud and high performance computing, Atos Group is committed to a secure and decarbonized future and provides tailored AI-powered, end-to-e…",https://www.adzuna.co.uk/jobs/land/ad/5794392838?se=Rhz9mg6G8RGOjq-EnQ330Q&utm_medium=api&utm_source=c0698c3f&v=8AE761EBB87D437FD92DAF6BFFD32942012AEEC2,data scientist,Manchester
5787017442,Senior Account Manager - Software to Public Sector,Tech Buildr,"Rusholme, Manchester","UK, North West England, Greater Manchester, Manchester, Rusholme",55000,65000,0,,full_time,Sales Jobs,2026-07-03T18:56:22Z,"Senior Account Manager SaaS for UK Public Sector Hybrid working, 3 days per week in their Manchester office £55k - £65k basic / £30-40k uncapped bonuses / Long term career plan / Health and Dental / 5% contributory pension Newly created Senior Account Manager role for a Public Sector SaaS vendor, based in the North. This business doesn't recruit often. Looking for an Account Manager who has experience in selling software to Local Government & Social Housing. Winner of multiple awards in the las…",https://www.adzuna.co.uk/jobs/land/ad/5787017442?se=Rhz9mg6G8RGOjq-EnQ330Q&utm_medium=api&utm_source=c0698c3f&v=0283ED3E5A99597AE42170C17E96CE661CBE43E4,data scientist,Manchester
5801405567,Head of Detection & Decisioning,Adria Solutions Ltd,"Manchester, Greater Manchester","UK, North West England, Greater Manchester, Manchester",70000,90000,0,,full_time,Accounting & Finance Jobs,2026-07-15T17:58:46Z,"Head of Detection & Decisioning Location: Hybrid, Manchester Salary: £70,000 to £90,000 DOE Our client is looking for an experienced Head of Detection & Decisioning to lead the development of a brand-new function at the heart of their Financial Crime operation. This is a rare opportunity to shape how fraud and financial crime are detected across a growing fintech business. You'll take ownership of detection strategies, transaction monitoring, rules engines and machine learning driven decisionin…",https://www.adzuna.co.uk/jobs/land/ad/5801405567?se=Rhz9mg6G8RGOjq-EnQ330Q&utm_medium=api&utm_source=c0698c3f&v=0A0EA9F7A7735D195E72D9DA94BAD981FDB1C5BF,data scientist,Manchester
5763609436,Senior Backend Software Engineer (Python),Anaplan,"Manchester, Greater Manchester","UK, North West England, Greater Manchester, Manchester",102009.05,102009.05,1,,,IT Jobs,2026-06-14T13:41:03Z,"At Anaplan, we are a team of innovators focused on optimizing business decision-making through our leading AI-infused scenario planning and analysis platform so our customers can outpace their competition and the market. What unites Anaplanners across teams and geographies is our collective commitment to our customers’ success and to our Winning Culture. Our customers rank among the who’s who in the Fortune 50. Coca-Cola, LinkedIn, Adobe, LVMH and Bayer are just a few of the 2,400 global compan…",https://www.adzuna.co.uk/jobs/details/5763609436?utm_medium=api&utm_source=c0698c3f,data scientist,Manchester
5795606231,AI Architect,Anaplan,"Manchester, Greater Manchester","UK, North West England, Greater Manchester, Manchester",81701,81701,1,,,IT Jobs,2026-07-10T13:28:57Z,"At Anaplan, we are a team of innovators focused on optimizing business decision-making through our leading AI-infused scenario planning and analysis platform so our customers can outpace their competition and the market. What unites Anaplanners across teams and geographies is our collective commitment to our customers’ success and to our Winning Culture. Our customers rank among the who’s who in the Fortune 50. Coca-Cola, LinkedIn, Adobe, LVMH and Bayer are just a few of the 2,400 global compan…",https://www.adzuna.co.uk/jobs/details/5795606231?utm_medium=api&utm_source=c0698c3f,data scientist,Manchester
5805166860,Senior Product Analyst,Harnham - Data & Analytics Recruitment,"Manchester, Greater Manchester","UK, North West England, Greater Manchester, Manchester",50000,70000,0,permanent,full_time,IT Jobs,2026-07-17T21:46:58Z,"I'm hiring a Senior Product Analyst for one of the UK's leading digital marketplace businesses. This is a brilliant opportunity to join a highly mature analytics environment and work on a product used by millions of consumers, helping shape how customers buy and sell through a complex two-sided marketplace. The role This is a classic Product Analytics role focused on understanding customer behaviour, product performance, experimentation, and growth. You'll sit within the Growth Analytics team, …",https://www.adzuna.co.uk/jobs/land/ad/5805166860?se=Rhz9mg6G8RGOjq-EnQ330Q&utm_medium=api&utm_source=c0698c3f&v=F0A156CBD69251FD3E4F21147A9B3C40FD65AB69,data scientist,Manchester
5746367409,Head of Engineering,Biorelate,"Manchester, Greater Manchester","UK, North West England, Greater Manchester, Manchester",67806.84,67806.84,1,,full_time,Engineering Jobs,2026-05-31T10:31:23Z,"Reports to: VP of Technology Location: Remote (UK based) We're looking for an experienced engineering leader to take ownership of Biorelate's engineering function. You'll have six direct reports, the leads of Platform Engineering (including Security), Data Engineering, and Full-Stack Engineering, with around 13 engineers across the function in total. You'll report to the VP of Technology. Most of your time will go into making the engineering organisation work well: clear ownership, effective pr…",https://www.adzuna.co.uk/jobs/details/5746367409?utm_medium=api&utm_source=c0698c3f,data scientist,Manchester
5781529394,Business Development Manager,JDR Recruitment,"Worsley, Manchester","UK, North West England, Greater Manchester, Manchester, Worsley",45000,50000,0,permanent,full_time,Sales Jobs,2026-06-30T01:34:43Z,"Overview We are seeking an experienced and driven Sales Manager to join our business within the low voltage switchgear industry . This role will initially be based within the internal sales team , providing a comprehensive understanding of the company's products, processes, and operational model. Following this onboarding period, the role will transition into a UK-wide business development position , working independently to identify, develop, and secure new business opportunities. The focus of…",https://www.adzuna.co.uk/jobs/details/5781529394?utm_medium=api&utm_source=c0698c3f,data scientist,Manchester
5783906914,Senior Forward Deployed Scientist,UiPath,"Manchester, Greater Manchester","UK, North West England, Greater Manchester, Manchester",40187.17,40187.17,1,,full_time,IT Jobs,2026-07-01T16:44:52Z,"Life at UiPath The people at UiPath believe in the transformative power of automation to change how the world works. We’re committed to creating category-leading enterprise software that unleashes that power. To make that happen, we need people who are curious, self-propelled, generous, and genuine. People who love being part of a fast-moving, fast-thinking growth company. And people who care—about each other, about UiPath, and about our larger purpose. Could that be you? Your mission This is o…",https://www.adzuna.co.uk/jobs/details/5783906914?utm_medium=api&utm_source=c0698c3f,data scientist,Manchester
5806331213,Data Engineer,Raytheon,"Manchester, Greater Manchester","UK, North West England, Greater Manchester, Manchester",43252.84,43252.84,1,permanent,full_time,IT Jobs,2026-07-18T20:22:42Z,"hackajob is collaborating with Raytheon to connect them with exceptional professionals for this role. Date Posted: 2026-03-17 Country: United Kingdom Location: Manchester, Lancashire Position Role Type: Onsite Raytheon UK have a full time, permanent opportunity for a Data Engineer to join our team on our Manchester, Gloucester or London sites working onsite. Our Data Engineering role will be responsible for building and maintaining data processing pipelines and also the transformation and optim…",https://www.adzuna.co.uk/jobs/land/ad/5806331213?se=GPhmnA6G8RGa14EqyXoy-w&utm_medium=api&utm_source=c0698c3f&v=598F6F73251EE00D3C0B1D7D2E12DBF5A01167B2,data engineer,Manchester
5806331243,Senior Data Engineer,Raytheon,"Manchester, Greater Manchester","UK, North West England, Greater Manchester, Manchester",47607.98,47607.98,1,permanent,full_time,IT Jobs,2026-07-18T20:22:43Z,"hackajob is collaborating with Raytheon to connect them with exceptional professionals for this role. Date Posted: 2026-03-18 Country: United Kingdom Location: Manchester, Lancashire Position Role Type: Onsite Raytheon UK have a full time, perm opportunity for a Senior Data Engineer to join our specialist teams in Manchester, Gloucester or London working fully onsite. As Senior Data Engineer, you'll be part of our experienced software dev function, working in a cross-functional Agile team. The …",https://www.adzuna.co.uk/jobs/land/ad/5806331243?se=GPhmnA6G8RGa14EqyXoy-w&utm_medium=api&utm_source=c0698c3f&v=65A1BBE261C8C4C2379ACB254F6B3ECAC7DC40DD,data engineer,Manchester
5633268348,Data Engineer,Ripjar,"Manchester, Greater Manchester","UK, North West England, Greater Manchester, Manchester",99452.25,99452.25,1,,full_time,IT Jobs,2026-02-17T17:29:05Z,"About Ripjar Ripjar was founded by veterans of GCHQ to bring national security-grade intelligence tools to the fight against financial crime. Financial crime funds human trafficking, terrorism, corruption and sanctions evasion on a global scale, and the organisations on the front line need technology built to match the threat. Today, Ripjar's AI-native software and data fusion products are used by governments, the world's largest banks, and global enterprises to automate the detection, investig…",https://www.adzuna.co.uk/jobs/details/5633268348?utm_medium=api&utm_source=c0698c3f,data engineer,Manchester
5781155343,Data Engineer,Tenth Revolution Group,"Manchester, Greater Manchester","UK, North West England, Greater Manchester, Manchester",40000,45000,0,permanent,full_time,IT Jobs,2026-06-29T14:50:48Z,"Data Engineer Manchester £45,000 About the Company A fast-growing, family-oriented organisation operating across multiple locations in the UK with a strong focus on people, development and long-term career growth are looking for a Data Engineer to join their growing team. As their business continues to expand, they are investing heavily in data and technology to support smarter decision-making and innovation across the organisation. This is an excellent opportunity for someone with some hands-o…",https://www.adzuna.co.uk/jobs/land/ad/5781155343?se=GPhmnA6G8RGa14EqyXoy-w&utm_medium=api&utm_source=c0698c3f&v=808F095275313E40B2463B2A11B7BF2A8843C4F0,data engineer,Manchester
5808132037,Data Engineer,Tenth Revolution Group,"Manchester, Greater Manchester","UK, North West England, Greater Manchester, Manchester",55000,60000,0,permanent,full_time,IT Jobs,2026-07-20T13:58:32Z,"Data Engineer - Preston - £60,000 About the Opportunity A large and respected organisation is seeking an experienced Data Engineer to lead the evolution of its data engineering capability and help deliver a modern, data-driven future. This is a senior technical leadership position offering the opportunity to shape enterprise-wide data strategy, architecture, platforms, and standards. Working within a highly collaborative technology team, you will drive the design, implementation and optimisatio…",https://www.adzuna.co.uk/jobs/land/ad/5808132037?se=GPhmnA6G8RGa14EqyXoy-w&utm_medium=api&utm_source=c0698c3f&v=2DAC227DC89584FA981144703660595982DE6D63,data engineer,Manchester
5785411729,Data Engineer,Oscar Technology,"Manchester, Greater Manchester","UK, North West England, Greater Manchester, Manchester",60000,90000,0,permanent,full_time,IT Jobs,2026-07-02T12:59:23Z,"Senior Data Engineer (Knowledge Systems) This organisation is building a modern, cloud-native platform and evolving towards an AI-first engineering model , where intelligent systems rely on high-quality, well-structured knowledge to power automation, decision-making and software delivery. They are looking for a Senior Data Engineer (Knowledge Systems) to design and own the knowledge platform that supports both AI applications and engineering teams. The role focuses on creating reliable, scalabl…",https://www.adzuna.co.uk/jobs/land/ad/5785411729?se=GPhmnA6G8RGa14EqyXoy-w&utm_medium=api&utm_source=c0698c3f&v=BF584C7BDDE00AD298D2E39437349B84D531E53C,data engineer,Manchester
5790054414,Data Engineer,One Manchester,"Rusholme, Manchester","UK, North West England, Greater Manchester, Manchester, Rusholme",55557,55557,0,permanent,full_time,IT Jobs,2026-07-06T17:09:27Z,"Data Engineer Manchester – Agile £55,557.37 per annum Full Time, Permanent Closing Date: 20th July 2026 Support our communities. See the difference you can make in our city. At One Manchester we are passionate about providing good quality homes, great services and real opportunities for customers and communities. We are more than just a landlord. We invest in new and existing homes, provide money advice and wellbeing, employment and training support and build strong partnerships to support incl…",https://www.adzuna.co.uk/jobs/land/ad/5790054414?se=GPhmnA6G8RGa14EqyXoy-w&utm_medium=api&utm_source=c0698c3f&v=92E4177733C0F8117F7C7CABEAA432AF7AE586F0,data engineer,Manchester
5787285028,Data Engineer,Copello,"Rusholme, Manchester","UK, North West England, Greater Manchester, Manchester, Rusholme",60897.46,60897.46,1,,full_time,IT Jobs,2026-07-03T22:57:57Z,"Copello are looking for an experienced Data Engineer to join a growing team delivering data solutions within secure government environments. You'll design and develop scalable data pipelines, integrate data from multiple sources, and build high-performance data platforms that support analytics and operational decision-making. Key Responsibilities: * Design and build data pipelines and ingestion processes * Develop scalable data integration and processing solutions * Optimise data platforms for …",https://www.adzuna.co.uk/jobs/land/ad/5787285028?se=GPhmnA6G8RGa14EqyXoy-w&utm_medium=api&utm_source=c0698c3f&v=CA231D70A6BA667E00CA5BBE8BEA57D0A908F538,data engineer,Manchester
5790357805,Data Engineer,AJ Bell,"Manchester, Greater Manchester","UK, North West England, Greater Manchester, Manchester",56605.69,56605.69,1,permanent,full_time,IT Jobs,2026-07-06T23:59:27Z,"Job Description This is an exciting opportunity to join a dynamic and experienced Data Engineering team at AJ Bell, contributing significantly to the development of our state-of-the-art data platform using cutting-edge technology. As a Data Engineer, you will play a pivotal role in designing, building, maintaining, and evolving our data infrastructure, ensuring it meets the growing needs of our business. You'll engage in end-to-end development, collaborate closely with key stakeholders and inte…",https://www.adzuna.co.uk/jobs/land/ad/5790357805?se=GPhmnA6G8RGa14EqyXoy-w&utm_medium=api&utm_source=c0698c3f&v=A496BC9141277886057EADA51BAC386CCB6DDC99,data engineer,Manchester
5804500083,Data Engineer,Moody's Corporation,"Manchester, Greater Manchester","UK, North West England, Greater Manchester, Manchester",74484.45,74484.45,1,,,IT Jobs,2026-07-17T08:17:19Z,"hackajob is collaborating with Moody's Corporation to connect them with exceptional professionals for this role. Skills and Competencies 1 years of experience within a data engineering or software development team Hands-on experience designing and developing data integration/ETL pipelines from diverse data sources and formats Hands-on experience with Apache Airflow, dbt, and Python Strong database skills with Postgres SQL, DynamoDB, Snowflake, and Databricks Experience collaborating with Agile …",https://www.adzuna.co.uk/jobs/land/ad/5804500083?se=GPhmnA6G8RGa14EqyXoy-w&utm_medium=api&utm_source=c0698c3f&v=68129CA7D90EF607ADA2B2F49FC7D317C4603798,data engineer,Manchester
5807175821,Data Engineer,Network Plus,"Mosley Common, Worsley","UK, North West England, Greater Manchester, Manchester, Worsley, Mosley Common",55000,65000,0,,full_time,IT Jobs,2026-07-19T13:48:51Z,"At Network Plus, our data transformation journey is well underway. Over the last 12 months, we have successfully migrated significant portions of our on-premises data warehouse and Power BI estate to Microsoft Fabric, establishing a modern, scalable data platform that supports enterprise reporting, analytics, and operational decision-making. Our Data Engineering team has built the foundations of a robust Fabric-based data platform, including automated ingestion pipelines, medallion architecture…",https://www.adzuna.co.uk/jobs/details/5807175821?utm_medium=api&utm_source=c0698c3f,data engineer,Manchester
5628055579,Data Engineer,Arrow Global Group,"Manchester Science Park, Manchester","UK, North West England, Greater Manchester, Manchester, Manchester Science Park",63891.97,63891.97,1,,full_time,IT Jobs,2026-02-13T17:26:08Z,"We are seeking highly skilled and experienced Azure Data Engineers to join a newly formed group concentrating on Data. Within this role you will be a key member of the team, working on a complex and challenging project within the Financial Services/Capital Markets industry. The primary focus of the role would be on building resilient, reusable Data Pipelines to extract, load, and transform raw data into a relational data model. The successful candidate will work across complex, multi-source dat…",https://www.adzuna.co.uk/jobs/details/5628055579?utm_medium=api&utm_source=c0698c3f,data engineer,Manchester
5754570635,Data Engineer,Themis Solutions,"Manchester, Greater Manchester","UK, North West England, Greater Manchester, Manchester",82,82,0,,full_time,IT Jobs,2026-06-06T16:58:56Z,"Clio is the global leader in legal AI technology, empowering legal professionals and law firms of every size to work smarter, faster, and more securely. We are transforming the legal experience for all by bettering the lives of legal professionals while increasing access to justice . Summary: We are currently seeking an Intermediate Data Engineer in Manchester to join our rapidly growing. Data Engineering team. This role is for someone who is passionate about building innovative solutions and b…",https://www.adzuna.co.uk/jobs/details/5754570635?utm_medium=api&utm_source=c0698c3f,data engineer,Manchester
5796948030,Data Engineer,Numi,"Manchester, Greater Manchester","UK, North West England, Greater Manchester, Manchester",59252.48,59252.48,1,permanent,,IT Jobs,2026-07-11T13:35:59Z,"Data Engineer Department : Global Technology Location : Piccadilly, Manchester – hybrid, three days a week in the office Contract type: Permanent Reporting to : Head of Data & Reporting About our Client They are an international retailer operating hundreds of locations across the UK, France, USA, and Hong Kong, alongside additional locations run by franchise partners globally. They are transforming from a bricks-and-mortar focused retailer into a truly customer-centric digital business with a l…",https://www.adzuna.co.uk/jobs/details/5796948030?utm_medium=api&utm_source=c0698c3f,data engineer,Manchester
5782398394,Data Engineer,Chroma Recruitment Ltd,"Manchester, Greater Manchester","UK, North West England, Greater Manchester, Manchester",70000,70000,0,permanent,full_time,IT Jobs,2026-06-30T21:43:59Z,"Data Engineer Location: Manchester (hybrid – 3 days a week in office) Salary: £65,000 - £70,000 bonus and benefits Type: Permanent, full-time The opportunity Our client, a well-known international consumer brand, is part-way through a major data modernisation programme and is building out its data engineering team. They're replatforming their data and reporting estate onto a modern Snowflake, dbt, Fivetran and Azure stack, retiring legacy SQL Server warehouses along the way. The pace is fast, …",https://www.adzuna.co.uk/jobs/details/5782398394?utm_medium=api&utm_source=c0698c3f,data engineer,Manchester
5804707704,Data Engineer,One Manchester,"Hulme, Manchester","UK, North West England, Greater Manchester, Manchester, Hulme",55557,55557,0,permanent,full_time,IT Jobs,2026-07-17T10:45:37Z,"Salary: £55,557 - 55,557 per year Requirements: Deep technical capability in designing, building and testing complex and large-scale data products. Experience designing, developing and maintaining a data warehouse environment. SQL Server database knowledge and experience, with specialist Microsoft BI Stack skills. Knowledge and experience of data modelling, with the ability to provide insight using Power BI. Extensive data profiling and systems analysis experience. Familiarity with Azure or oth…",https://www.adzuna.co.uk/jobs/details/5804707704?utm_medium=api&utm_source=c0698c3f,data engineer,Manchester
5671810726,Data Engineer,RTX,"Manchester, Greater Manchester","UK, North West England, Greater Manchester, Manchester",43596.44,43596.44,1,permanent,full_time,IT Jobs,2026-03-19T10:27:53Z,"Date Posted: 2026-03-17 Country: United Kingdom Location: Manchester, Lancashire Position Role Type: Onsite Raytheon UK have a full time, permanent opportunity for a Data Engineer to join our team on our Manchester, Gloucester or London sites working onsite. Our Data Engineering role will be responsible for building and maintaining data processing pipelines and also the transformation and optimisation of data for analytical use. As Data Engineer, you'll be part of our experienced software dev f…",https://www.adzuna.co.uk/jobs/details/5671810726?utm_medium=api&utm_source=c0698c3f,data engineer,Manchester
5704450927,Data Engineer,Canopius,"Manchester, Greater Manchester","UK, North West England, Greater Manchester, Manchester",52510.91,52510.91,1,,full_time,IT Jobs,2026-04-19T11:28:20Z,"Description We are seeking a Data Engineer to work within our growing Data team to help shape and enhance our data capabilities. The role is to provide data engineering expertise to support delivery of our programme of work. This will include a broad range of initiatives, including Finance and Actuarial, Claims Augmentation utilising AI, and a number of Azure Data Platform and Databricks deliverables. This role is an opportunity to apply your expertise in Azure, Databricks and data engineering …",https://www.adzuna.co.uk/jobs/details/5704450927?utm_medium=api&utm_source=c0698c3f,data engineer,Manchester
5671292204,Data Engineer,RTX Corporation,"Manchester, Greater Manchester","UK, North West England, Greater Manchester, Manchester",38514.76,38514.76,1,permanent,full_time,IT Jobs,2026-03-18T22:01:23Z,"Date Posted: 2026-03-17 Country: United Kingdom Location: Manchester, Lancashire Position Role Type: Onsite Raytheon UK have a full time, permanent opportunity for a Data Engineer to join our team on our Manchester, Gloucester or London sites working onsite. Our Data Engineering role will be responsible for building and maintaining data processing pipelines and also the transformation and optimisation of data for analytical use. As Data Engineer, you'll be part of our experienced software dev f…",https://www.adzuna.co.uk/jobs/details/5671292204?utm_medium=api&utm_source=c0698c3f,data engineer,Manchester
5775688368,Data Engineer,Leonard Curtis,"Whitefield, Manchester","UK, North West England, Greater Manchester, Manchester, Whitefield",53412.92,53412.92,1,permanent,full_time,IT Jobs,2026-06-25T03:42:25Z,"Job Description We're currently seeking a Data Engineer to build, maintain, and optimise robust data pipelines. This role develops efficient ETL/ELT workflows using both Microsoft Fabric tools and the Databricks Lakehouse Platform to deliver clean, production-ready data for enterprise analytics. Job Requirements • Strong proficiency in PySpark, Databricks SQL, T-SQL, and handling Delta Lake formats. • Hands-on experience building production pipelines inside Databricks workspaces and Fabric capa…",https://www.adzuna.co.uk/jobs/details/5775688368?utm_medium=api&utm_source=c0698c3f,data engineer,Manchester
5768140838,Data Engineer,CreateFuture,"Manchester, Greater Manchester","UK, North West England, Greater Manchester, Manchester",62384.19,62384.19,1,,,IT Jobs,2026-06-18T14:47:04Z,"Working at CreateFuture CreateFuture is an AI-native consulting partner where people do work that matters and are supported to do it well. We work alongside organisations such as PayPal, adidas, NatWest, FanDuel and Money Saving Expert, building digital products and services that make a difference while always putting people first. We’re a team of creators. We write code, shape delivery, build go-to-market strategies, develop AI solutions and create the practices that support our people. We wor…",https://www.adzuna.co.uk/jobs/details/5768140838?utm_medium=api&utm_source=c0698c3f,data engineer,Manchester
5768175218,Senior Data Engineer,UBDS Group,"Manchester, Greater Manchester","UK, North West England, Greater Manchester, Manchester",74007.64,74007.64,1,,,IT Jobs,2026-06-18T15:04:42Z,"About UBDS UBDS Group empowers organizations to achieve remarkable digital transformations through innovative technology solutions We work with clients across the public and private sector to design and build products, platforms and services that genuinely make a difference to users. We’re looking for a Senior Data Engineer who combines deep technical capability with a strong consulting mindset. Someone who enjoys ambiguity, cares about users, and can turn messy business problems into robust, p…",https://www.adzuna.co.uk/jobs/details/5768175218?utm_medium=api&utm_source=c0698c3f,data engineer,Manchester
5750325933,AWS Data Engineer,UBDS Group,"Manchester, Greater Manchester","UK, North West England, Greater Manchester, Manchester",40000,85000,0,,full_time,IT Jobs,2026-06-03T10:08:11Z,"Rayo, part of the UBDS Group is seeking highly skilled, Security Cleared AWS Data Engineers at all levels to design, build, and maintain scalable data pipelines and infrastructure using AWS-native services. This role focuses on data orchestration, automation, and containerisation to support high-performance data workflows across the organisation. Key Responsibilities: Develop and maintain data pipelines using Python, SQL, and Apache Airflow. Containerise data applications and workflows using Do…",https://www.adzuna.co.uk/jobs/details/5750325933?utm_medium=api&utm_source=c0698c3f,data engineer,Manchester
5777751147,Senior Data Engineer,James Fisher and Sons,"Rusholme, Manchester","UK, North West England, Greater Manchester, Manchester, Rusholme",77097.47,77097.47,1,permanent,full_time,IT Jobs,2026-06-26T13:58:53Z,"Job Advert Senior Data Engineer Permanent position Home-based The Role: The purpose of the role is to provide senior technical leadership and hands on delivery of the James Fisher & Sons (“JFS”) data platform and data products. The Senior Data Engineer is accountable for designing, building, and maintaining scalable, secure, and high-quality data solutions that support operational and strategic decision making across the business. Operating within the Data Target Operating Model (TOM), the role…",https://www.adzuna.co.uk/jobs/land/ad/5777751147?se=GPhmnA6G8RGa14EqyXoy-w&utm_medium=api&utm_source=c0698c3f&v=3E70A56CC1F131442AD8A83B9780E461FF879752,data engineer,Manchester
5787124366,Senior Data Engineer,Charles Simon Associates Ltd,"Manchester, Greater Manchester","UK, North West England, Greater Manchester, Manchester",117000,130000,0,contract,,IT Jobs,2026-07-03T21:51:59Z,"Senior Data Engineer (SQL, T-SQL, Azure, SQL Server, SSIS, Azure Data Factory, Power BI, ETL, ELT, DWH, Datawarehouse) Contract Remote Charles Simon Associates are exclusively recruiting for a Senior Data Engineer on an initial 6 month contract with the potential to extend. You will be joining the Data & Insights team at the start of a new migration program. This role is fully remote and is inside IR35. Location: Remote Day Rate: £450 to £500 per day Inside IR35 Start Date: ASAP Role Overview W…",https://www.adzuna.co.uk/jobs/details/5787124366?utm_medium=api&utm_source=c0698c3f,data engineer,Manchester
5796948762,Head of Data Engineering,Numi,"Manchester, Greater Manchester","UK, North West England, Greater Manchester, Manchester",90630.23,90630.23,1,permanent,full_time,IT Jobs,2026-07-11T13:38:40Z,"Head of Data Engineering Role Overview Job Title: Head of Data Engineering Department : Global Technology – Data & Systems Location : Manchester – hybrid, three days a week in the office. Occasional travel to the London head office is required. Reporting to: Global Data & Systems Director Contract Type: Permanent, full-time (FTE) Team Management: Manages the Engineering Delivery Lead, Senior Data Engineers, and QA / Test Engineers. About Our Client Our client is a leading international consumer…",https://www.adzuna.co.uk/jobs/details/5796948762?utm_medium=api&utm_source=c0698c3f,data engineer,Manchester
5808336913,Principal Data Engineer,National Highways,"Manchester, Greater Manchester","UK, North West England, Greater Manchester, Manchester",55810,66690,0,permanent,full_time,IT Jobs,2026-07-20T20:33:04Z,"About the role. As part of the development of our Digital Services function, we are strengthening internal digital capability within the Data Team. These roles are central to building sustainable in-house expertise that supports the design, development, and delivery of digital solutions across the transport network. A key focus of this campaign is creating new opportunities, and as a result, we are recruiting a Principal Data Engineer. This is a pivotal role within the organisation. In this rol…",https://www.adzuna.co.uk/jobs/details/5808336913?utm_medium=api&utm_source=c0698c3f,data engineer,Manchester
5772791626,Senior Data Engineer,Oscar Associates  Limited,"Manchester, Greater Manchester","UK, North West England, Greater Manchester, Manchester",67855.02,67855.02,1,,,IT Jobs,2026-06-22T21:39:52Z,"Data Engineer | Manchester | Competitive Share Options We are working with a well established tech company with a global customer base to find a Data Engineer to join their growing data function based in Manchester. This is a role with real ownership and genuine influence. You will be responsible for shaping and evolving the data platform that underpins analytics, reporting, experimentation and AI-assisted workflows across the business. You will work closely with stakeholders across engineerin…",https://www.adzuna.co.uk/jobs/details/5772791626?utm_medium=api&utm_source=c0698c3f,data engineer,Manchester
5805473866,Senior Data Engineer,Datatech Analytics,"Manchester, Greater Manchester","UK, North West England, Greater Manchester, Manchester",70000,70000,0,,,IT Jobs,2026-07-18T00:48:05Z,"Senior Data Engineer Location: UK Remote Salary: £60,000 to £70,000 dependent on experience Ref: J13159 Are you a Senior Data Engineer who enjoys building reliable data solutions and isn't afraid to get stuck into an established SQL environment? We're looking for an experienced Data Engineer to take ownership of a business-critical SQL data warehouse, supporting financial reporting and analytics while helping evolve the platform over time. This is a hands-on role where you'll work closely with …",https://www.adzuna.co.uk/jobs/details/5805473866?utm_medium=api&utm_source=c0698c3f,data engineer,Manchester
5785058378,Senior Data Engineer,Canopius Services,"Manchester, Greater Manchester","UK, North West England, Greater Manchester, Manchester",55578.54,55578.54,1,permanent,full_time,IT Jobs,2026-07-02T07:45:26Z,"Oversee the design, development and maintenance of a modern, scalable and reliable data systems architecture capable of storing large volumes of information. Utilise a variety of techniques to integrate and maintain data from different sources and extract valuable information from large-scale data, supporting decision-making processes effectively and efficiently. About Canopius Canopius is a global specialty lines (re)insurer. We are one of the leading insurers in the Lloyd's of London insuranc…",https://www.adzuna.co.uk/jobs/details/5785058378?utm_medium=api&utm_source=c0698c3f,data engineer,Manchester
5780347679,Data Engineering Lead,THG,"Manchester, Greater Manchester","UK, North West England, Greater Manchester, Manchester",64138.19,64138.19,1,,,IT Jobs,2026-06-28T16:32:14Z,"About THG We are THG, a global ecommerce group on a mission to be the global online leader in beauty and sports nutrition. Our portfolio of leading retailers and brands such as LOOKFANTASTIC, Myprotein, ESPA, Perricone MD, and Cult Beauty form our two core businesses: THG Beauty and THG Nutrition. With us, you’ll go further, faster. What are you waiting for? Location: Icon 1, WA15 0AF About Central Functions Central Functions is formed of the teams and people that serve the entire business. The…",https://www.adzuna.co.uk/jobs/details/5780347679?utm_medium=api&utm_source=c0698c3f,data engineer,Manchester
5799845989,GCP Data Engineer,British Cycling,"Miles Platting, Manchester","UK, North West England, Greater Manchester, Manchester, Miles Platting",50000,50000,0,contract,full_time,IT Jobs,2026-07-14T10:54:40Z,"Role Title: GCP Data Engineer Salary: Up to £50,000 per annum (dependent on experience) Contract: 18 month fixed-term contract Location: Manchester (hybrid working available) About British Cycling British Cycling exists to bring the joy of cycling to everyone. We have embarked on an exciting new journey, with a modernised commercial and events offering grounded in social impact and storytelling, harnessing the spotlight and inspiration of our athlete’s performance on the world stage, and our gr…",https://www.adzuna.co.uk/jobs/details/5799845989?utm_medium=api&utm_source=c0698c3f,data engineer,Manchester
5672944977,Senior Data Engineer,RTX,"Manchester, Greater Manchester","UK, North West England, Greater Manchester, Manchester",47986.18,47986.18,1,permanent,full_time,IT Jobs,2026-03-20T10:32:18Z,"Date Posted: 2026-03-18 Country: United Kingdom Location: Manchester, Lancashire Position Role Type: Onsite Raytheon UK have a full time, perm opportunity for a Senior Data Engineer to join our specialist teams in Manchester, Gloucester or London working fully onsite. As Senior Data Engineer, you'll be part of our experienced software dev function, working in a cross-functional Agile team. The Data Engineering role will be responsible for building and maintaining data processing pipelines and a…",https://www.adzuna.co.uk/jobs/details/5672944977?utm_medium=api&utm_source=c0698c3f,data engineer,Manchester
5789987579,Senior Data Engineer,Raytheon,"Manchester, Greater Manchester","UK, North West England, Greater Manchester, Manchester",49273.35,49273.35,1,permanent,full_time,IT Jobs,2026-07-06T16:39:18Z,"hackajob is collaborating with Raytheon to connect them with exceptional professionals for this role. Raytheon UK have a full time, perm opportunity for a Senior Data Engineer to join our specialist teams in Manchester, Gloucester or London working fully onsite. As Senior Data Engineer, you'll be part of our experienced software dev function, working in a cross-functional Agile team. The Data Engineering role will be responsible for building and maintaining data processing pipelines and also th…",https://www.adzuna.co.uk/jobs/land/ad/5789987579?se=GPhmnA6G8RGa14EqyXoy-w&utm_medium=api&utm_source=c0698c3f&v=40D9D266EED42A2E45E3D7F8803CD2DB2F25BCFD,data engineer,Manchester
5808336910,Lead Data Engineer,National Highways,"Manchester, Greater Manchester","UK, North West England, Greater Manchester, Manchester",47410,54210,0,permanent,full_time,IT Jobs,2026-07-20T20:33:04Z,"About the role. As part of the development of our Digital Services function, we are strengthening internal digital capability within the Data Team. These roles are central to building sustainable in-house expertise that supports the design, development, and delivery of digital solutions across the transport network. A key focus of this campaign is creating new opportunities, and as a result, we are recruiting Lead Data Engineers. This is a pivotal role within the organisation. In this role, you…",https://www.adzuna.co.uk/jobs/details/5808336910?utm_medium=api&utm_source=c0698c3f,data engineer,Manchester
5673587387,Senior Data Engineer,RTX Corporation,"Manchester, Greater Manchester","UK, North West England, Greater Manchester, Manchester",42377.92,42377.92,1,permanent,full_time,IT Jobs,2026-03-20T21:56:39Z,"Date Posted: 2026-03-18 Country: United Kingdom Location: Manchester, Lancashire Position Role Type: Onsite Raytheon UK have a full time, perm opportunity for a Senior Data Engineer to join our specialist teams in Manchester, Gloucester or London working fully onsite. As Senior Data Engineer, you'll be part of our experienced software dev function, working in a cross-functional Agile team. The Data Engineering role will be responsible for building and maintaining data processing pipelines and a…",https://www.adzuna.co.uk/jobs/details/5673587387?utm_medium=api&utm_source=c0698c3f,data engineer,Manchester
5656808366,Lead Data Engineer,Northrop Grumman,"Manchester, Greater Manchester","UK, North West England, Greater Manchester, Manchester",62792.58,62792.58,1,,,IT Jobs,2026-03-06T21:53:47Z,"UK CITIZENSHIP REQUIRED FOR THIS POSITION: Yes RELOCATION ASSISTANCE: Relocation assistance may be available TRAVEL: Yes, 10% of the Time Lead Data Engineer Location: Manchester Salary: £60,000 - £86,000 What's your possible? At Northrop Grumman UK, you are part of a team driving innovation where it matters most - solving tomorrow's challenges and shaping the technology solutions of the future. It's what we call Defining Possible . This mind-set goes beyond our customer solutions; it's the foun…",https://www.adzuna.co.uk/jobs/details/5656808366?utm_medium=api&utm_source=c0698c3f,data engineer,Manchester
5789575546,Data Engineer (AWS) - Manchester,Noir,"Manchester, Greater Manchester","UK, North West England, Greater Manchester, Manchester",45000,65000,0,permanent,full_time,IT Jobs,2026-07-06T05:08:04Z,"Data Engineer (AWS) - Manchester (Data Engineer, Senior Data Engineer, ETL, AWS, AWS Glue, AWS Lambda, AWS S3, AWS Redshift, Amazon EMR, Python, SQL, Pipeline Orchestration, PySpark, data warehousing, data lakehouse, data architecture, Agile, Senior Data Engineer, Data Engineer) Our client is a global innovator and world leader with one of the most recognisable names within technology. They are looking for a skilled Data Engineer to become an integral part of the their Data Engineering Team, sp…",https://www.adzuna.co.uk/jobs/land/ad/5789575546?se=GPhmnA6G8RGa14EqyXoy-w&utm_medium=api&utm_source=c0698c3f&v=16CA938752A074F5DA53AB31714461C01AE1084C,data engineer,Manchester
5773190384,Senior Data Engineer (eDV),Frontier Resourcing Ltd,"Manchester, Greater Manchester","UK, North West England, Greater Manchester, Manchester",68810.88,68810.88,1,permanent,full_time,IT Jobs,2026-06-23T05:40:11Z,"Senior Data Engineer – eDV Cleared Locations: Manchester, Gloucester or London (Full-Time, Permanent, Onsite) We are partnering with a leading defence and technology organisation to recruit an experienced Senior Data Engineer to join their highly specialised engineering teams across Manchester, Gloucester or London. This is an excellent opportunity to work on complex, mission-critical programmes within the National Security sector, delivering innovative solutions across AI, machine learning, cy…",https://www.adzuna.co.uk/jobs/details/5773190384?utm_medium=api&utm_source=c0698c3f,data engineer,Manchester
5808943005,Data Engineering Manager - Manchester,We Are Fr Group,"Manchester, Greater Manchester","UK, North West England, Greater Manchester, Manchester",85000,85000,0,contract,,IT Jobs,2026-07-21T08:47:25Z,"Data Engineering Manager (hands on) - Manchester I'm working with a hypergrowth business in Manchester who are looking for a Data Engineering Manager. They have new PE investment behind them and a major transformation project is underway. This is a hands-on leadership role sitting at the centre of a significant data platform transformation. You will be running the data engineering squad, responsible for delivering the data infrastructure, pipelines, and reporting capabilities the wider business…",https://www.adzuna.co.uk/jobs/details/5808943005?utm_medium=api&utm_source=c0698c3f,data engineer,Manchester
5762596568,Senior Security Data Engineer,Obsidian Security,"Manchester, Greater Manchester","UK, North West England, Greater Manchester, Manchester",91000,106000,0,,,IT Jobs,2026-06-13T13:47:32Z,"Obsidian Security is the leading SaaS security platform, trusted by global enterprises like Snowflake, T-Mobile, and Algolia. We protect 200 organizations across North America, Europe, the Middle East, Southeast Asia, Australia, and New Zealand, including many of the world’s largest Fortune 1000 and Global 2000 companies. Founded in 2017 and backed by top investors like Greylock, Obsidian was built to close a critical gap: securing SaaS apps where business happens—Microsoft 365, Salesforce, and…",https://www.adzuna.co.uk/jobs/details/5762596568?utm_medium=api&utm_source=c0698c3f,data engineer,Manchester
5777921108,Head of Data Engineering & Governance,THG,"Manchester, Greater Manchester","UK, North West England, Greater Manchester, Manchester",67618.08,67618.08,1,,,IT Jobs,2026-06-26T16:39:54Z,"About THG We are THG, a global ecommerce group on a mission to be the global online leader in beauty and sports nutrition. Our portfolio of leading retailers and brands such as LOOKFANTASTIC, Myprotein, ESPA, Perricone MD, and Cult Beauty form our two core businesses: THG Beauty and THG Nutrition. With us, you’ll go further, faster. What are you waiting for? Location: Icon 1, WA15 0AF About Central Functions Central Functions is formed of the teams and people that serve the entire business. The…",https://www.adzuna.co.uk/jobs/details/5777921108?utm_medium=api&utm_source=c0698c3f,data engineer,Manchester
5752148537,Data Engineering Technical Lead,The Vanguard Group,"Manchester, Greater Manchester","UK, North West England, Greater Manchester, Manchester",58282.54,58282.54,1,,full_time,Engineering Jobs,2026-06-04T17:03:01Z,"Provides expert level data solutions by using software to process, store, and serve data to others. Tests data quality and optimizes data availability. Ensures that data pipelines are scalable, repeatable, and secure. Utilizes the deepest dive analytical skillset on a variety of internal and external data. Leads, instructs, and mentors newer Data Engineering crew. Core Responsibilities 1. Writes ETL (Extract / Transform / Load) processes, designs database systems and, develops tools for real-ti…",https://www.adzuna.co.uk/jobs/details/5752148537?utm_medium=api&utm_source=c0698c3f,data engineer,Manchester
5789574886,Senior Data Engineer (AWS) - Manchester,Noir,"Manchester, Greater Manchester","UK, North West England, Greater Manchester, Manchester",60000,80000,0,permanent,full_time,IT Jobs,2026-07-06T05:07:08Z,"Senior Data Engineer (AWS) - Manchester (Senior Data Engineer, Lead Data Engineer, Data Engineer, ETL, AWS, AWS Glue, AWS Lambda, AWS S3, AWS Redshift, Amazon EMR, Python, SQL, Pipeline Orchestration, PySpark, data warehousing, data lakehouse, data architecture, Agile, Senior Data Engineer, Lead Data Engineer, Data Engineer) Our client is a global innovator and world leader with one of the most recognisable names within technology. They are looking for a skilled Senior Data Engineer to become a…",https://www.adzuna.co.uk/jobs/land/ad/5789574886?se=GPhmnA6G8RGa14EqyXoy-w&utm_medium=api&utm_source=c0698c3f&v=84AFBDA9C3C96B8924AF4DA912D6A6D0128EBA65,data engineer,Manchester
5731345883,"Senior Data Engineer, Python, Spark",Roku,"Manchester, Greater Manchester","UK, North West England, Greater Manchester, Manchester",51129.81,51129.81,1,,,IT Jobs,2026-05-16T12:49:38Z,"Teamwork makes the stream work. Roku is changing how the world watches TV Roku is the 1 TV streaming platform in the U.S., Canada, and Mexico, and we've set our sights on powering every television in the world. Roku pioneered streaming to the TV. Our mission is to be the TV streaming platform that connects the entire TV ecosystem. We connect consumers to the content they love, enable content publishers to build and monetize large audiences, and provide advertisers unique capabilities to engage …",https://www.adzuna.co.uk/jobs/details/5731345883?utm_medium=api&utm_source=c0698c3f,data engineer,Manchester
5755552232,"Data Engineer, Ads Auction Platform",Roku,"Manchester, Greater Manchester","UK, North West England, Greater Manchester, Manchester",44828.48,44828.48,1,,,IT Jobs,2026-06-07T17:04:29Z,"Teamwork makes the stream work. Roku is changing how the world watches TV Roku is the 1 TV streaming platform in the U.S., Canada, and Mexico, and we've set our sights on powering every television in the world. Roku pioneered streaming to the TV. Our mission is to be the TV streaming platform that connects the entire TV ecosystem. We connect consumers to the content they love, enable content publishers to build and monetize large audiences, and provide advertisers unique capabilities to engage …",https://www.adzuna.co.uk/jobs/details/5755552232?utm_medium=api&utm_source=c0698c3f,data engineer,Manchester
5787734845,Data Analyst Placement Programme No Experience Needed,IT Online Learning,"Manchester, Greater Manchester","UK, North West England, Greater Manchester, Manchester",65000,65000,0,permanent,,IT Jobs,2026-07-04T09:02:12Z,"Data Analyst Placement Programme no experience needed From £30,000 to £65,000 per annum Trainee Data Analyst £30,000£65,000 Job Programme This is a self-funded programme that leads to employment, fees apply. Job Guarantee Complete the programme and get a job, or get your course fees back. Location: UK Wide (Remote Opportunities Available) Looking to start a career in Data Analysis? We are offering a structured pathway into Data Analysis, designed to help you enter the industry with no prior exp…",https://www.adzuna.co.uk/jobs/land/ad/5787734845?se=SjLWnQ6G8RGa14EqyXoy-w&utm_medium=api&utm_source=c0698c3f&v=D1D5BDE6D172A17C874531A197DF24B227AE208B,data analyst,Manchester
5811046598,Data Analyst,interactive investor,"Hulme, Manchester","UK, North West England, Greater Manchester, Manchester, Hulme",50107.32,50107.32,1,,full_time,IT Jobs,2026-07-22T16:39:21Z,"Title: Data Analyst Location: Hybrid, 3 days a week in Manchester, 2 day remote Salary: From £33,000 WHO WE ARE: interactive investor is an award-winning investment platform that puts its customers in control of their financial future. We’ve been helping investors for nearly 30 years. We’ve seen market highs and lows and been resilient throughout. We’re now the UK’s number one flat-fee investment platform, with assets under administration approaching £75 billion and over 450,000 customers. For …",https://www.adzuna.co.uk/jobs/details/5811046598?utm_medium=api&utm_source=c0698c3f,data analyst,Manchester
5744690146,Data Analyst,Beyond,"Manchester, Greater Manchester","UK, North West England, Greater Manchester, Manchester",39901.63,39901.63,1,,,IT Jobs,2026-05-29T17:49:36Z,"Work where work matters. We are a global technology group built for what's next, offering high calibre professionals the platform for high stakes work, the kind of work that defines an entire career. When you join us, you're not just taking on projects, you're solving problems that don't even have answers yet. You will join an exclusive roster of talent that global leaders, including Google, Snap, Diageo, PayPal, and Jaguar Land Rover call when deadlines seem impossible, when others have alread…",https://www.adzuna.co.uk/jobs/details/5744690146?utm_medium=api&utm_source=c0698c3f,data analyst,Manchester
5808132080,Data Analyst,Michael Page Technology,"Manchester, Greater Manchester","UK, North West England, Greater Manchester, Manchester",40000,45000,0,permanent,full_time,IT Jobs,2026-07-20T13:58:39Z,"Excellent opportunity for a Data Analyst to join our team, The successful candidate will support both internal and client reporting whilst helping modernise and improve the organisation's reporting and data landscape. The successful candidate will challenge existing processes and recommend improvements. Client Details Based in Sale, we are the UK's largest manager of single-family Build to Rent homes, we're the experts when it comes to optimising BTR and PRS portfolios. Partnering with industry…",https://www.adzuna.co.uk/jobs/land/ad/5808132080?se=SjLWnQ6G8RGa14EqyXoy-w&utm_medium=api&utm_source=c0698c3f&v=8D813514CF89141E020C1A260C0F652AD65CDDD8,data analyst,Manchester
5794322601,Data analyst,Lorien,"Manchester, Greater Manchester","UK, North West England, Greater Manchester, Manchester",53209.31,53209.31,1,permanent,full_time,IT Jobs,2026-07-09T18:02:20Z,"Data Analyst Location: Edinburgh or Manchester (Hybrid - 1 day onsite per week, Wednesdays) Type: Contract Overview We're looking for a highly data-focused Data Analyst to support the development of data products within a modern AWS-based architecture. This role is centred on deep data analysis and discovery (70%) , alongside logical data modelling (30%) , helping shape how raw data is standardised, structured, and consumed. You'll work closely with engineering teams, translating business needs…",https://www.adzuna.co.uk/jobs/land/ad/5794322601?se=SjLWnQ6G8RGa14EqyXoy-w&utm_medium=api&utm_source=c0698c3f&v=2D37D8DA16DF7BBA1D7C43FAD1664CC3C9D2B20B,data analyst,Manchester
5808180266,Data Analyst,Express Solicitors,"Civic Centre, Wythenshawe","UK, North West England, Greater Manchester, Manchester, Wythenshawe, Civic Centre",40000,45000,0,permanent,full_time,IT Jobs,2026-07-20T16:01:42Z,"Job Title: Data Analyst Location: Sharston, Manchester M22 4SN Salary: £40,000 - £45,000 per annum Job type: Full Time, Permanent About Us: Established in 2000, Express Solicitors is an award‑winning, no win no fee law firm specialising exclusively in personal injury claims. Headquartered in Manchester, we support clients nationwide across all areas of personal injury, including employers' liability, serious injury, clinical negligence, occupiers' and public liability, road traffic accidents an…",https://www.adzuna.co.uk/jobs/land/ad/5808180266?se=SjLWnQ6G8RGa14EqyXoy-w&utm_medium=api&utm_source=c0698c3f&v=92FDE06A1DE1A2C1145E5BEF2B7F9A3364B915F8,data analyst,Manchester
5808291874,Data Analyst,Express Solicitors,"Manchester, Greater Manchester","UK, North West England, Greater Manchester, Manchester",40000,45000,0,permanent,full_time,IT Jobs,2026-07-20T18:10:23Z,"Job Title: Data Analyst Location: Sharston, Manchester M22 4SN Salary : £40,000 - £45,000 per annum Job type: Full Time, Permanent About Us: Established in 2000, Express Solicitors is an award-winning, no win no fee law firm specialising exclusively in personal injury claims. Headquartered in Manchester, we support clients nationwide across all areas of personal injury, including employers' liability, serious injury, clinical negligence, occupiers' and public liability, road traffic accidents a…",https://www.adzuna.co.uk/jobs/details/5808291874?utm_medium=api&utm_source=c0698c3f,data analyst,Manchester
5808138640,Data Analyst,Michael Page,"Rusholme, Manchester","UK, North West England, Greater Manchester, Manchester, Rusholme",40000,45000,0,permanent,full_time,IT Jobs,2026-07-20T14:04:20Z,"Excellent opportunity for a Data Analyst to join our team, The successful candidate will support both internal and client reporting whilst helping modernise and improve the organisation's reporting and data landscape. The successful candidate will challenge existing processes and recommend improvements. Client Details Based in Sale, we are the UK's largest manager of single-family Build to Rent homes, we're the experts when it comes to optimising BTR and PRS portfolios. Partnering with industry…",https://www.adzuna.co.uk/jobs/details/5808138640?utm_medium=api&utm_source=c0698c3f,data analyst,Manchester
5800473760,Data Analyst,Stott & May Professional Search Limited,"Manchester, Greater Manchester","UK, North West England, Greater Manchester, Manchester",104000,110500,0,contract,,IT Jobs,2026-07-15T00:41:09Z,"Data Analyst Location: Manchester, UK (Hybrid - Tuesday, Wednesday & Thursday Onsite) Day Rate: £425 per day (Inside IR35) Contract Duration: 12 Months Overview We are supporting a leading global organisation in their search for an experienced Data Analyst to join their European data function on a 12-month contract. This role will play a key part in supporting strategic business initiatives through data-driven insights, reporting, and analytics. Working closely with business and technology stak…",https://www.adzuna.co.uk/jobs/details/5800473760?utm_medium=api&utm_source=c0698c3f,data analyst,Manchester
5743633465,Data Analyst,Department for Work and Pensions,"Manchester, Greater Manchester","UK, North West England, Greater Manchester, Manchester",39324.17,39324.17,1,,part_time,Admin Jobs,2026-05-28T18:04:00Z,"We’re happy to speak about any reasonable adjustments you need. Please note this role requires you to pass Security Check clearance. For further information, please see 'Selection process details'. DWP is the UK's largest government department. We help people into work and make payments worth over £195bn a year to support some of the most vulnerable people in our society. This role is fundamental to helping tens of thousands of colleagues across the organisation collaborate and communicate with…",https://www.adzuna.co.uk/jobs/details/5743633465?utm_medium=api&utm_source=c0698c3f,data analyst,Manchester
5749288735,Senior Data Analyst,Beyond,"Manchester, Greater Manchester","UK, North West England, Greater Manchester, Manchester",47153.11,47153.11,1,,,IT Jobs,2026-06-02T16:33:26Z,"Work where work matters. Elevate your career at Beyond, where innovation isn't just a buzzword, it's in our DNA. We are a global technology group built for what's next, offering high calibre professionals the platform for high stakes work, the kind of work that defines an entire career. When you join us, you're not just taking on projects, you're solving problems that don't even have answers yet. You will join the exclusive roster of talent that global leaders, including Google, Snap, Diageo, P…",https://www.adzuna.co.uk/jobs/details/5749288735?utm_medium=api&utm_source=c0698c3f,data analyst,Manchester
5666299830,Core Data Analyst,Premier Group Recruitment,"Manchester Science Park, Manchester","UK, North West England, Greater Manchester, Manchester, Manchester Science Park",42274.86,42274.86,1,,full_time,Hospitality & Catering Jobs,2026-03-15T10:17:21Z,"Job Description For more information about this role please apply, or email Thomas Coombs on tcoombs@pgrec.co.uk who will be able to provide more details on the opportunity. Many thanks, Premier Group",https://www.adzuna.co.uk/jobs/land/ad/5666299830?se=SjLWnQ6G8RGa14EqyXoy-w&utm_medium=api&utm_source=c0698c3f&v=1A0F007CD3D3A87C336A11B95870861DAC695B3E,data analyst,Manchester
5809118834,Trainee Data Analyst,ITOL Recruit,"Manchester, Greater Manchester","UK, North West England, Greater Manchester, Manchester",30000,50000,0,permanent,full_time,IT Jobs,2026-07-21T10:15:25Z,"Are you looking to benefit from a new career in Data Analysis? If you are detail orientated, perceptive, organised, competent, analytical and can communicate well with those around you; you could have a truly rewarding future as a Data Analyst We do this using our specialised Data Analyst career programme which looks to assist and place qualified candidates into a career pathway in Data Analysis. Please note this career program is designed for entry level individuals with limited or no experien…",https://www.adzuna.co.uk/jobs/land/ad/5809118834?se=SjLWnQ6G8RGa14EqyXoy-w&utm_medium=api&utm_source=c0698c3f&v=7665A63B2DEF102B8AB0578BBF30739601C8B70A,data analyst,Manchester
5777923027,Senior Data Analyst,Vantage Recruitment,"Manchester, Greater Manchester","UK, North West England, Greater Manchester, Manchester",104000,111800,0,contract,,IT Jobs,2026-06-26T16:41:52Z,"24th June, 2026 Senior Data Analyst Fully Remote | 3-Month Contract | £400-£430 per day inside or Outside IR35 Start Date: 6th July | Interviews W/C 29th June Are you a Senior BI Data Analyst who can quickly bring structure to complex data and turn it into meaningful business insight? We're looking for a Senior BI Data Analyst to build a robust portfolio reporting framework within a leading healthcare technology business. This is a hands-on assignment focused on creating a single source of trut…",https://www.adzuna.co.uk/jobs/details/5777923027?utm_medium=api&utm_source=c0698c3f,data analyst,Manchester
5798898443,Technical Data Analyst,TSA Surveying Ltd,"Manchester, Greater Manchester","UK, North West England, Greater Manchester, Manchester",30000,30000,0,,,Trade & Construction Jobs,2026-07-13T16:36:58Z,TSA are currently working with a client who is looking to recruit a Technical Building Data Analyst to support their growing asset management and building data team. This position would suit someone with a building surveying background who enjoys working with data and is interested in moving into a more analytical and technical role within the housing and asset management sector. The Role The Technical Building Data Analyst will support the analysis and management of property data across large …,https://www.adzuna.co.uk/jobs/details/5798898443?utm_medium=api&utm_source=c0698c3f,data analyst,Manchester
5788128275,Senior Data Analyst,Autotrader,"Manchester, Greater Manchester","UK, North West England, Greater Manchester, Manchester",50000,70000,0,,,IT Jobs,2026-07-04T15:32:26Z,"About us You've probably heard of Autotrader, but do you know what we're all about? We're the most trusted, most visited automotive marketplace in the UK. A heritage brand and a tech innovator. We bring together vehicle buyers and sellers to give them real choices. Cars may be what we're best known for but we’re also the place for pretty much everything else on wheels, from e-bikes to caravans. In the automotive world, change is a constant, that’s why we take our job of untangling the complex c…",https://www.adzuna.co.uk/jobs/details/5788128275?utm_medium=api&utm_source=c0698c3f,data analyst,Manchester
5789181020,PMO Data Analyst,Nexperia,"Manchester, Greater Manchester","UK, North West England, Greater Manchester, Manchester",47812,47812,1,,full_time,IT Jobs,2026-07-05T15:38:52Z,"At Nexperia, data is at the heart of how we successfully develop, manufacture, and launch innovative semiconductor technologies. We are looking for a Data Analyst to join our Project Management Office and play a critical role in transforming project and portfolio data into meaningful insights that support business decision-making and project success. In return, we offer significant opportunities to develop your career, influence decisions at senior management level and make a real impact within…",https://www.adzuna.co.uk/jobs/details/5789181020?utm_medium=api&utm_source=c0698c3f,data analyst,Manchester
5789989162,Lead Data Analyst,MAG,"Manchester, Greater Manchester","UK, North West England, Greater Manchester, Manchester",57429.48,57429.48,1,contract,,IT Jobs,2026-07-06T16:39:39Z,"hackajob is collaborating with MAG (Airports Group) to connect them with exceptional professionals for this role. Lead Data Analyst - SAP Based at Manchester Airport 2 Year FTC Flexible/Hybrid working for a better work/life balance We are proud to be a diverse employer, and we welcome candidates from all backgrounds. Why MAG? At MAG we provide the airport facilities and travel services that people need to connect with the world. As the largest UK-owned airport operator, we serve over 60 million…",https://www.adzuna.co.uk/jobs/land/ad/5789989162?se=SjLWnQ6G8RGa14EqyXoy-w&utm_medium=api&utm_source=c0698c3f&v=88A0D7026CEBE8471F2A4D0E5B9655A0B3582BAE,data analyst,Manchester
5810769232,Lead Data Analyst,MAG,"Manchester Airport, Manchester","UK, North West England, Greater Manchester, Manchester, Manchester Airport",51000,85000,0,contract,full_time,IT Jobs,2026-07-22T11:31:17Z,"Salary: £51,000 - 85,000 per year Requirements: We require proficiency with SAP Datasphere, including space design, data flows, replication flows, and semantic modelling. We value exposure to SAP Business Data Cloud (BDC) and its integration architecture. We look for greenfield platform design experience, building from scratch rather than migrating. We need strong data modelling skills, including fact/dimension design, semantic layers, and governance. We want the ability to articulate data arch…",https://www.adzuna.co.uk/jobs/details/5810769232?utm_medium=api&utm_source=c0698c3f,data analyst,Manchester
5795788294,Financial Crime Data Analyst,Adria Solutions Ltd,"Rusholme, Manchester","UK, North West England, Greater Manchester, Manchester, Rusholme",70000,90000,0,,full_time,IT Jobs,2026-07-10T17:46:42Z,"Financial Crime Data Analyst Location: Hybrid (Manchester) Salary: £70,000 - £90,000 Excellent Benefits Our client is seeking a Financial Crime Data Analyst to play a key role in enhancing and optimising financial crime controls through data-driven analysis and model development. This is an exciting opportunity for someone with strong analytical skills and experience in financial crime who is passionate about improving customer onboarding and risk detection. Working closely with Financial Crim…",https://www.adzuna.co.uk/jobs/land/ad/5795788294?se=SjLWnQ6G8RGa14EqyXoy-w&utm_medium=api&utm_source=c0698c3f&v=55EB88B5B1D7D82E71BC3CB39027C1A45651EA6E,data analyst,Manchester
5796298198,Financial Crime Data Analyst,Adria Solutions,"Manchester, Greater Manchester","UK, North West England, Greater Manchester, Manchester",90000,90000,0,,,IT Jobs,2026-07-11T00:37:49Z,"Financial Crime Data Analyst Location:Hybrid (Manchester) Salary:£70,000 - £90,000 Excellent Benefits Our client is seeking aFinancial Crime Data Analystto play a key role in enhancing and optimising financial crime controls through data-driven analysis and model development. This is an exciting opportunity for someone with strong analytical skills and experience in financial crime who is passionate about improving customer onboarding and risk detection. Working closely with Financial Crime, Ri…",https://www.adzuna.co.uk/jobs/details/5796298198?utm_medium=api&utm_source=c0698c3f,data analyst,Manchester
5795786331,HR Data Analyst (People Analytics),Latham & Watkins LLP,"Manchester Science Park, Manchester","UK, North West England, Greater Manchester, Manchester, Manchester Science Park",44796.04,44796.04,1,,full_time,HR & Recruitment Jobs,2026-07-10T17:44:05Z,"Latham & Watkins is one of the world’s leading global law firms advising the businesses and institutions that drive the global economy. We are the market leaders in major financial and business centers around the world. Our investment in people, commitment to innovation, and focus on the future empower you to build an incredible career and thrive as an exceptional professional in a supportive culture. If you aspire to be the best, and work with the best, this is where you belong. The HR Data An…",https://www.adzuna.co.uk/jobs/details/5795786331?utm_medium=api&utm_source=c0698c3f,data analyst,Manchester
5778082943,Junior SQL Data Analyst - South Manchester,Adria Solutions,"Manchester, Greater Manchester","UK, North West England, Greater Manchester, Manchester",35000,35000,0,,,IT Jobs,2026-06-26T21:43:27Z,"Junior SQL Data Analyst Are you looking to develop your career in data analysis? We're seeking a motivated Junior SQL Data Analyst to join our growing Management Information team. This is an excellent opportunity for someone with SQL and Microsoft BI experience who enjoys working with data, creating insightful reports and helping support business decision-making. You'll work within a friendly, supportive team where you'll continue to develop your technical skills and gain valuable commercial ex…",https://www.adzuna.co.uk/jobs/details/5778082943?utm_medium=api&utm_source=c0698c3f,data analyst,Manchester
5809583025,Data / BI Analyst,Akkodis,"Manchester, Greater Manchester","UK, North West England, Greater Manchester, Manchester",45000,50000,0,permanent,full_time,IT Jobs,2026-07-21T18:12:31Z,"Data / BI Analyst (Tableau and SQL) £45,000 - £50,000 training budget and extensive benefits Full Time / Permanent Manchester / Hybrid The Company My client are an innovative and rapidly growing digital agency who deliver strategic consultancy, web development, and digital marketing to an impressive portfolio of clients. The Role This is another growth related opportunity within a new Data and Analytics function where the Data / BI Analyst can make a massive impact in a short space of time. Th…",https://www.adzuna.co.uk/jobs/land/ad/5809583025?se=SjLWnQ6G8RGa14EqyXoy-w&utm_medium=api&utm_source=c0698c3f&v=39222BB0F1002F152B05EB84A46E03FA409D00CD,data analyst,Manchester
5809583810,Data / BI Analyst,Akkodis,"Rusholme, Manchester","UK, North West England, Greater Manchester, Manchester, Rusholme",45000,50000,0,permanent,full_time,IT Jobs,2026-07-21T18:13:29Z,"Data / BI Analyst (Tableau and SQL) £45,000 - £50,000 training budget and extensive benefits Full Time / Permanent Manchester / Hybrid The Company My client are an innovative and rapidly growing digital agency who deliver strategic consultancy, web development, and digital marketing to an impressive portfolio of clients. The Role This is another growth related opportunity within a new Data and Analytics function where the Data / BI Analyst can make a massive impact in a short space of time. Th…",https://www.adzuna.co.uk/jobs/land/ad/5809583810?se=SjLWnQ6G8RGa14EqyXoy-w&utm_medium=api&utm_source=c0698c3f&v=22171044D52C5A0C7EB87B2A1BFCF1B0E4A9A165,data analyst,Manchester
5800075027,Data / Business Analyst,Fuse,"Manchester, Greater Manchester","UK, North West England, Greater Manchester, Manchester",104000,130000,0,contract,,IT Jobs,2026-07-14T16:39:58Z,"Data Migration Business Analyst (Pensions) Contract | Outside IR35 | Immediate Start We're looking for an experienced Data Migration Business Analyst to support a pensions data migration project, helping to ensure high-quality data is migrated from a legacy platform into a strategic target system. This is an excellent opportunity for someone with strong data analysis and stakeholder engagement skills, ideally gained within pensions or financial services. Location Manchester - Hybrid working wit…",https://www.adzuna.co.uk/jobs/details/5800075027?utm_medium=api&utm_source=c0698c3f,data analyst,Manchester
5782351783,Data Quality Analyst,Oscar Technology,"Manchester, Greater Manchester","UK, North West England, Greater Manchester, Manchester",195000,195000,0,,,IT Jobs,2026-06-30T19:56:08Z,"Role Profile: Data Quality Analyst Role Purpose Responsible for ensuring data across the organisation is accurate, complete, consistent and reliable - tracking down anomalies, understanding how data flows through the business, and improving quality at source and downstream. Acts as the link between business needs and technical delivery. Core Responsibilities Profile datasets against quality dimensions (accuracy, completeness, consistency, timeliness, validity) and track issues over time via das…",https://www.adzuna.co.uk/jobs/details/5782351783?utm_medium=api&utm_source=c0698c3f,data analyst,Manchester
5785773684,Data Governance Analyst,Canopius Services,"Manchester, Greater Manchester","UK, North West England, Greater Manchester, Manchester",49806.83,49806.83,1,permanent,full_time,IT Jobs,2026-07-02T20:24:55Z,"Support the data governance framework, contributing to the strategy and processes to continually elevate the quality, integrity and accuracy of our data assets. Collaborate with business stakeholders to maintain artefacts supporting understanding of our data. About Canopius Canopius is a global specialty lines (re)insurer. We are one of the leading insurers in the Lloyd's of London insurance market with offices in the UK, US, Singapore, Australia and Bermuda. At Canopius we foster a distinctive…",https://www.adzuna.co.uk/jobs/details/5785773684?utm_medium=api&utm_source=c0698c3f,data analyst,Manchester
5790992743,"Specialist II, Client Processing - Loans Administrator and Data Analyst",BNY Mellon,"Manchester Science Park, Manchester","UK, North West England, Greater Manchester, Manchester, Manchester Science Park",37909.94,37909.94,1,,full_time,Accounting & Finance Jobs,2026-07-07T14:51:27Z,"Description Specialist, Client Processing - Loans Administrator and Data Analyst At BNY, our culture allows us to run our company better and enables employees’ growth and success. As a leading global financial services company at the heart of the global financial system, we influence nearly 20% of the world’s investible assets. Every day, our teams harness cutting-edge AI and breakthrough technologies to collaborate with clients, driving transformative solutions that redefine industries and upl…",https://www.adzuna.co.uk/jobs/details/5790992743?utm_medium=api&utm_source=c0698c3f,data analyst,Manchester
5785058382,Senior Data Reporting Analyst,Canopius Services,"Manchester, Greater Manchester","UK, North West England, Greater Manchester, Manchester",48894.79,48894.79,1,permanent,full_time,IT Jobs,2026-07-02T07:45:26Z,"About Canopius Canopius is a global specialty lines (re)insurer. We are one of the leading insurers in the Lloyd's of London insurance market with offices in the UK, US, Singapore, Australia and Bermuda. At Canopius we foster a distinctive, positive culture which enables us to bring our whole selves to work to flourish as people, and build a business which delivers profitable, sustainable results. Canopius operates a flexible, hybrid working model and is committed to providing an environment th…",https://www.adzuna.co.uk/jobs/details/5785058382?utm_medium=api&utm_source=c0698c3f,data analyst,Manchester
5780349929,Senior Workday Analyst - Security & Data,Freshfields,"Manchester, Greater Manchester","UK, North West England, Greater Manchester, Manchester",49071.93,49071.93,1,,,IT Jobs,2026-06-28T16:42:09Z,"Role summary/purpose of job The Senior Workday Analyst, as part of the Global HR Technology and Services team, is responsible for developing, supporting, and maintaining the core Workday HR system while delivering excellent customer service to colleagues worldwide . This role requires knowledge of HR processes and the ability to resolve issues; working in a team environment to analyse business processes and configure new functionality within the core HR system and other HR systems. Key responsi…",https://www.adzuna.co.uk/jobs/details/5780349929?utm_medium=api&utm_source=c0698c3f,data analyst,Manchester
5775152520,Business Analyst with Data Protection and Banking Systems – Manchester (IT),Nexus Jobs Limited,"Manchester, Greater Manchester","UK, North West England, Greater Manchester, Manchester",450,450,0,contract,,IT Jobs,2026-06-24T21:34:22Z,"Business Analyst with Data Protection and Banking Systems ? Manchester We are looking to recruit a Business Analyst with at least 5 years experience with full project life-cycle. Must have experience of working on retail banking systems and must have the following experience: Experience of regulations such as GDPR, SRP and any background with Data Privacy. This position is based around risk and Data Protection ? we would like to see as much expertise in this area and ideally have Data Protectio…",https://www.adzuna.co.uk/jobs/details/5775152520?utm_medium=api&utm_source=c0698c3f,data analyst,Manchester
5800472171,Trainee Data Engineer Programme No Experience Required,NEWTO TRAINING LIMITED,"Manchester, Greater Manchester","UK, North West England, Greater Manchester, Manchester",40000,40000,0,,,IT Jobs,2026-07-15T00:34:50Z,"Trainee Data Engineer Programme No Experience Required *This is a self-funded career programme with a guaranteed job on completion or 100% of your course fees back* Train. Certify. Get Hired. Are you looking to start a career in data but don't know where to begin? The demand for Data Analysts has grown by 20% annually, with experienced professionals earning salaries upwards of £58,000. In todays digital world, data is critical to business decision-making, making the role of a Data Analyst indis…",https://www.adzuna.co.uk/jobs/details/5800472171?utm_medium=api&utm_source=c0698c3f,data analyst,Manchester
5776436536,"Specialist, Client Processing",BNY Mellon,"Manchester Science Park, Manchester","UK, North West England, Greater Manchester, Manchester, Manchester Science Park",37919.38,37919.38,1,,full_time,Accounting & Finance Jobs,2026-06-25T16:28:38Z,"Description Specialist, Client Processing - Loans Administrator and Data Analyst We’re seeking a future team member for the role of Loans Administrator and Data Analyst to join our Corporate Trust team. This role is located in Manchester. In this role, you’ll make an impact in the following ways: Cash reconciliation of client operating accounts Administration of loan and bond portfolios Monitor receipt and disbursement of funds through to settlement Execute funds transfer from/to accounts Regul…",https://www.adzuna.co.uk/jobs/details/5776436536?utm_medium=api&utm_source=c0698c3f,data analyst,Manchester
5805927173,"Senior Business Analyst – AI, Automation and Data – Tax",RSM UK,"Manchester, Greater Manchester","UK, North West England, Greater Manchester, Manchester",54310.43,54310.43,1,,,IT Jobs,2026-07-18T08:57:24Z,"As one of the world's largest networks of audit, tax and consulting firms, RSM delivers big ideas and premium service to help middle-market businesses thrive. We are a fast-growing firm with big ambitions we have a clear goal to become the premium adviser to the middle market, globally. This vision touches everything we do, motivating and inspiring us to become better every day. If you are looking for a firm where you can build a future and make an impact, then RSM is the place for you. Make a…",https://www.adzuna.co.uk/jobs/details/5805927173?utm_medium=api&utm_source=c0698c3f,data analyst,Manchester
5771795883,"Specialist, Client Operations",BNY Mellon,"Manchester Science Park, Manchester","UK, North West England, Greater Manchester, Manchester, Manchester Science Park",44224.11,44224.11,1,,full_time,Accounting & Finance Jobs,2026-06-21T16:32:08Z,"Description Loans Administrator and Data Analyst At BNY, our culture allows us to run our company better and enables employees’ growth and success. As a leading global financial services company at the heart of the global financial system, we influence nearly 20% of the world’s investible assets. Every day, our teams harness cutting-edge AI and breakthrough technologies to collaborate with clients, driving transformative solutions that redefine industries and uplift communities worldwide. Recog…",https://www.adzuna.co.uk/jobs/details/5771795883?utm_medium=api&utm_source=c0698c3f,data analyst,Manchester
5805166858,Product Analyst,Harnham - Data & Analytics Recruitment,"Manchester, Greater Manchester","UK, North West England, Greater Manchester, Manchester",60000,70000,0,permanent,full_time,IT Jobs,2026-07-17T21:46:56Z,"Product Analyst £60,000 - £70,000 benefits Hybrid - Manchester (3x days per week) This is an opportunity to join a highly regarded digital business that reaches millions of consumers every week. Sitting within a cross functional product environment, you will use data to shape customer experiences, influence product strategy, and drive measurable business outcomes. You will take ownership of key analytics initiatives while helping to develop best practice across a growing analytics community. T…",https://www.adzuna.co.uk/jobs/land/ad/5805166858?se=SjLWnQ6G8RGa14EqyXoy-w&utm_medium=api&utm_source=c0698c3f&v=C474278A823A43829EA2EA76BEB8C92717C2AEFB,data analyst,Manchester
5544514464,Data Manager – Manchester Secondary School,Marchant Recruitment,"Manchester, Greater Manchester","UK, North West England, Greater Manchester, Manchester",48794.88,48794.88,1,permanent,full_time,Teaching Jobs,2025-12-16T18:55:04Z,"Role Category & Location Sector: High-Achieving Local Authority Secondary School (with Sixth Form). Location: Manchester (North West, England). Start Date: Permanent, full-time role commencing January 2026. The Opportunity & Role Profile This large secondary school requires an experienced and meticulous Data Manager to oversee the integrity, analysis, and reporting of all school data, including student assessment, attendance, and behaviour. The role is crucial for informing strategic school dev…",https://www.adzuna.co.uk/jobs/details/5544514464?utm_medium=api&utm_source=c0698c3f,data analyst,Manchester
5791181642,Data Administrator,Change Grow Live,"Miles Platting, Manchester","UK, North West England, Greater Manchester, Manchester, Miles Platting",29414.91,29414.91,1,contract,part_time,Admin Jobs,2026-07-07T17:10:20Z,"Change Grow Live are a charity dedicated to the belief that we can make a difference to our Service Users lives, offering support and respect in a safe environment, treating each user as an individual and working with them to find the right treatment and care options. Our core values are ‘Be open, be compassionate and be bold’ and our team members apply these daily to achieve our mission of helping people change the direction of their lives, grow as individuals, and live life to its full potent…",https://www.adzuna.co.uk/jobs/details/5791181642?utm_medium=api&utm_source=c0698c3f,data analyst,Manchester
5784464000,SAP Datasphere & BDC Lead,MAG Manchester Airports Group,"Manchester, Greater Manchester","UK, North West England, Greater Manchester, Manchester",71073.96,71073.96,1,contract,,IT Jobs,2026-07-01T23:11:50Z,"Lead Data Analyst - SAP Based at Manchester Airport 2 Year FTC Flexible/Hybrid working for a better work/life balance We are proud to be a diverse employer, and we welcome candidates from all backgrounds. Why MAG? At MAG we provide the airport facilities and travel services that people need to connect with the world. As the largest UK-owned airport operator, we serve over 60 million passengers a year from Manchester, London Stansted, and East Midlands Airports. With over 270 destinations across…",https://www.adzuna.co.uk/jobs/details/5784464000?utm_medium=api&utm_source=c0698c3f,data analyst,Manchester
5772790985,Data Business Partner,Erin Associates,"Manchester, Greater Manchester","UK, North West England, Greater Manchester, Manchester",55000,55000,0,,,IT Jobs,2026-06-22T21:38:49Z,"Data Business Partner Central Manchester / Hybrid £50,000 - £56,000 bonus, 35-hour work week and great benefits This profitable and growing business are looking to add an experienced Data Business Partner to their collaborative team. The ideal candidate will have good knowledge of the principles and best practice in MI development. This role leans itself to be more of a Business Data Analyst role, where you will act as the bridge between the data team and wider business stakeholders. The Data …",https://www.adzuna.co.uk/jobs/details/5772790985?utm_medium=api&utm_source=c0698c3f,data analyst,Manchester
5808132146,Senior Product Analyst,Harnham - Data & Analytics Recruitment,"Manchester, Greater Manchester","UK, North West England, Greater Manchester, Manchester",50000,70000,0,permanent,full_time,IT Jobs,2026-07-20T13:58:54Z,"Senior Product Analyst £50,000 - £70,000 Manchester (3 days a week on-site) If you're a commercially minded Senior Data Analyst who enjoys shaping product decisions through data, this is an opportunity to have a meaningful impact on a large-scale consumer platform. You'll work at the intersection of product, analytics, experimentation, and user behaviour, helping to improve customer experiences used by millions of people. THE COMPANY They are a well-established digital business with a large con…",https://www.adzuna.co.uk/jobs/land/ad/5808132146?se=SjLWnQ6G8RGa14EqyXoy-w&utm_medium=api&utm_source=c0698c3f&v=91B92C633F490067268982FFE1546533C345F202,data analyst,Manchester
5768145586,"Senior Specialist, Client Processing",BNY Mellon,"Manchester Science Park, Manchester","UK, North West England, Greater Manchester, Manchester, Manchester Science Park",46608.33,46608.33,1,,full_time,Accounting & Finance Jobs,2026-06-18T14:47:26Z,"Description Senior Specialist, Client Processing At BNY, our culture allows us to run our company better and enables employees’ growth and success. As a leading global financial services company at the heart of the global financial system, we influence nearly 20% of the world’s investible assets. Every day, our teams harness cutting-edge AI and breakthrough technologies to collaborate with clients, driving transformative solutions that redefine industries and uplift communities worldwide. Recog…",https://www.adzuna.co.uk/jobs/details/5768145586?utm_medium=api&utm_source=c0698c3f,data analyst,Manchester
5800170167,Business Development & Bidding Administrator,Civic,"Manchester, Greater Manchester","UK, North West England, Greater Manchester, Manchester",34055.29,34055.29,1,,full_time,Admin Jobs,2026-07-14T18:56:09Z,"Civic is a team of system thinkers in the built environment, creating positive impact for people, places and the planet. We want our work to have a positive impact on the environment — helping people to live healthier, happier lives while respecting natural limits. We build without destroying, explore without exploiting, and seek to reuse rather than just consume. Above all, we listen, learn, and aim to create a lasting legacy. Thriving together, today we have a team of over 200 members working…",https://www.adzuna.co.uk/jobs/details/5800170167?utm_medium=api&utm_source=c0698c3f,data analyst,Manchester
5796949473,AI Engineer,Car Finance 247,"Ardwick, Manchester","UK, North West England, Greater Manchester, Manchester, Ardwick",61368.65,61368.65,1,,full_time,IT Jobs,2026-07-11T13:40:51Z,"Here at Car Finance 247, we are looking for an experienced AI Engineer to join our expanding Technology team and help build production AI services that improve how customers, colleagues and partners move through the car finance journey. As a AI Engineer, you will take a leading role in solving complex, high-impact challenges across the automotive finance industry. You will design, build and deploy production-grade AI solutions, including LLM-powered virtual agents, agentic AI systems and intell…",https://www.adzuna.co.uk/jobs/details/5796949473?utm_medium=api&utm_source=c0698c3f,data analyst,Manchester
5804892617,Senior AI Engineer,Car Finance 247,"Ardwick, Manchester","UK, North West England, Greater Manchester, Manchester, Ardwick",65187,65187,1,,full_time,IT Jobs,2026-07-17T13:53:51Z,"Here at Car Finance 247, we are looking for an experienced AI Engineer to join our expanding Technology team and help build production AI services that improve how customers, colleagues and partners move through the car finance journey. As a AI Engineer, you will take a leading role in solving complex, high-impact challenges across the automotive finance industry. You will design, build and deploy production-grade AI solutions, including LLM-powered virtual agents, agentic AI systems and intell…",https://www.adzuna.co.uk/jobs/details/5804892617?utm_medium=api&utm_source=c0698c3f,data analyst,Manchester
5706508425,DevOps Engineer,Ripjar,"Manchester, Greater Manchester","UK, North West England, Greater Manchester, Manchester",60474.17,60474.17,1,,full_time,IT Jobs,2026-04-21T21:40:36Z,"Ripjar was founded by veterans of GCHQ to bring national security-grade intelligence tools to the fight against financial crime. Financial crime funds human trafficking, terrorism, corruption and sanctions evasion on a global scale, and the organisations on the front line need technology built to match the threat. Today, Ripjar's AI-native software and data fusion products are used by governments, the world's largest banks, and global enterprises to automate the detection, investigation and mon…",https://www.adzuna.co.uk/jobs/details/5706508425?utm_medium=api&utm_source=c0698c3f,devops engineer,Manchester
5653655584,DevOps Engineer,Gemba Advantage,"Manchester, Greater Manchester","UK, North West England, Greater Manchester, Manchester",40000,70000,0,,full_time,IT Jobs,2026-03-04T12:53:36Z,"Please note: This role requires applicants to hold active, or recently active, SC or DV clearance. This role also requires applicants to be willing to work on-site up to 4 days per week. At Gemba Advantage, we design and run secure, cloud‑native platforms for critical public‑sector organisations across the UK. Our teams build and automate the infrastructure and pipelines that high‑impact systems depend on. We’re looking for Junior and DevOps Engineers who are eager to learn, automate, and contr…",https://www.adzuna.co.uk/jobs/land/ad/5653655584?se=zqRHnw6G8RGbGoMv58FbYQ&utm_medium=api&utm_source=c0698c3f&v=FF8D82215D32C6F06DE38D077FAD51A0502FF82F,devops engineer,Manchester
5784150074,DevOps Engineer,Oscar Technology,"Manchester, Greater Manchester","UK, North West England, Greater Manchester, Manchester",60000,70000,0,permanent,full_time,IT Jobs,2026-07-01T20:56:19Z,"DevOps Engineer (Manchester) Looking for a DevOps role where you'll genuinely own the platform rather than spend your days firefighting legacy infrastructure? We're partnering with an innovative technology business that's rebuilding its cloud platform from the ground up using a modern AWS stack. This is an opportunity to take ownership of a clean, containerised environment, shape how it's operated, and play a key role in scaling a high-traffic platform as the business continues to grow. If you …",https://www.adzuna.co.uk/jobs/land/ad/5784150074?se=zqRHnw6G8RGbGoMv58FbYQ&utm_medium=api&utm_source=c0698c3f&v=79F1B700B954BBF8081EEA2D99A7B1942DDFEC25,devops engineer,Manchester
5810043649,DevOps Engineer,Anson Mccade,"Manchester, Greater Manchester","UK, North West England, Greater Manchester, Manchester",63792.86,63792.86,1,permanent,,IT Jobs,2026-07-22T00:59:37Z,"DevOps Engineer £45,000-60,000 GBP Bonus Hybrid WORKING Location: Manchester; London; Glasgow; Bristol; Newcastle; Cardiff, Central London, Greater London - United Kingdom Type: Permanent DevOps Engineer (Defence) UK Wide - London, Manchester, Leeds, Gloucester (Hybrid) £45,000 - £60,000 package Working with a leading cyber and defence organisation delivering secure, cloud-native platforms across national security and government environments. They're looking for DevOps Engineers to build, auto…",https://www.adzuna.co.uk/jobs/details/5810043649?utm_medium=api&utm_source=c0698c3f,devops engineer,Manchester
5778061273,DevOps Engineer,Morson Edge,"Manchester, Greater Manchester","UK, North West England, Greater Manchester, Manchester",130000,156000,0,contract,,IT Jobs,2026-06-26T21:41:06Z,"x4 AWS DevOps Engineers - Outside IR35 - 6 Months - Manchester/3 days on site Looking to speak with AWS DevOps Engineers within the contract space, as we have x4 new outside IR35 contacts roles with a client of ours within the retail space. This will be to work on some major projects within AWS and the adoption of AI into the SDLC. AWS DevOps Engineer x4 Fully remote £500 - £600 per day - Outside IR35 6month initially AWS, Serverless, Terraform & Github actions Apply today, interviews slots ASA…",https://www.adzuna.co.uk/jobs/details/5778061273?utm_medium=api&utm_source=c0698c3f,devops engineer,Manchester
5810043658,DevOps Engineer,Anson Mccade,"Manchester, Greater Manchester","UK, North West England, Greater Manchester, Manchester",55000,55000,0,,,IT Jobs,2026-07-22T00:59:37Z,"DevOps Engineer (Defence) UK Wide London, Manchester, Leeds, Gloucester (Hybrid) £45,000 £58,000 package Working with a leading cyber and defence organisation delivering secure, cloud-native platforms across national security and government environments. Theyre looking for DevOps Engineers to build, automate and scale critical infrastructure supporting high-impact programmes. The Role Youll be responsible for engineering and automating cloud infrastructure, enabling fast, secure and reliable d…",https://www.adzuna.co.uk/jobs/details/5810043658?utm_medium=api&utm_source=c0698c3f,devops engineer,Manchester
5789988889,DevOps Engineer,Gemba Advantage,"Manchester, Greater Manchester","UK, North West England, Greater Manchester, Manchester",48049.38,48049.38,1,,,IT Jobs,2026-07-06T16:39:36Z,"hackajob is collaborating with Gemba Advantage to connect them with exceptional professionals for this role. block Please note: This role requires applicants to hold active, or recently active, SC or DV clearance. This role also requires applicants to be willing to work on-site up to 4 days per week. At Gemba Advantage, we design and run secure, cloud‑native platforms for critical public‑sector organisations across the UK. Our teams build and automate the infrastructure and pipelines that high‑…",https://www.adzuna.co.uk/jobs/land/ad/5789988889?se=zqRHnw6G8RGbGoMv58FbYQ&utm_medium=api&utm_source=c0698c3f&v=3453F35E283109FAF25A154A9822F9617A0B6761,devops engineer,Manchester
5773718887,DevOps Engineer,CMap,"Hulme, Manchester","UK, North West England, Greater Manchester, Manchester, Hulme",50785.02,50785.02,1,,full_time,IT Jobs,2026-06-23T16:27:56Z,"CMap is a fast-growing software company helping project-based businesses win, deliver, and manage work… profitably. At our core, we’re a software company. That that means engineering excellence matters to us. We’re focused on building clean, scalable, high-performing systems that solve real problems for our users. Our engineering team is trusted to make smart technical decisions, contribute to product thinking, and continuously raise the bar. We invest in quality, not just speed, and we create …",https://www.adzuna.co.uk/jobs/details/5773718887?utm_medium=api&utm_source=c0698c3f,devops engineer,Manchester
5750325936,AWS DevOps Engineer,UBDS Group,"Manchester, Greater Manchester","UK, North West England, Greater Manchester, Manchester",60189.77,60189.77,1,,full_time,IT Jobs,2026-06-03T10:08:11Z,"Rayo, part of the UBDS group is looking for an experienced, Security Cleared (SC Cleared) AWS DevOps Engineer to design, build and maintain resilient cloud infrastructure and automation frameworks in support of client engagements. This role involves ownership of CI/CD pipelines, infrastructure-as-code (IaC), and deployment automation within secure environments, particularly across public sector clients. The ideal candidate will bring deep technical expertise in AWS, a strong understanding of De…",https://www.adzuna.co.uk/jobs/details/5750325936?utm_medium=api&utm_source=c0698c3f,devops engineer,Manchester
5684584396,Azure DevOps Engineer,UBDS Group,"Manchester, Greater Manchester","UK, North West England, Greater Manchester, Manchester",53402.18,53402.18,1,,full_time,IT Jobs,2026-04-01T00:21:24Z,"UBDS is seeking a Cloud Engineer with hands-on experience in Microsoft Azure to join our growing Cloud Platforms team. This role is ideal for a technically proficient professional who enjoys working in fast-paced client environments and delivering scalable, secure, and innovative cloud solutions. You will play a key role in helping clients modernise their technology estates, transform legacy systems, and accelerate their journey to the cloud. Key Responsibilities Deliver cloud transformation an…",https://www.adzuna.co.uk/jobs/details/5684584396?utm_medium=api&utm_source=c0698c3f,devops engineer,Manchester
5784112368,Senior DevOps Engineer,SF Partners,"Rusholme, Manchester","UK, North West England, Greater Manchester, Manchester, Rusholme",80000,110000,0,,full_time,IT Jobs,2026-07-01T20:19:00Z,"Senior DevOps Engineer with a platform as a service mindset and strong experience building and owning enterprise Developer platforms (ideally 100 Developer plus user base) is sought by a marketing leading innovation house with offices in Manchester and Leeds. Working at the forefront of innovation this Senior DevOps Engineer will be working within a highly skilled, multi-disciplinary technical team to deliver best in class, high traffic enterprise applications with international significance. A…",https://www.adzuna.co.uk/jobs/land/ad/5784112368?se=zqRHnw6G8RGbGoMv58FbYQ&utm_medium=api&utm_source=c0698c3f&v=1CEFF746B03B6079DA0D84BCADFBFF0DE7FF0D7F,devops engineer,Manchester
5784932549,Senior DevOps Engineer,SF Partners Admin,"Manchester, Greater Manchester","UK, North West England, Greater Manchester, Manchester",100000,100000,0,,,IT Jobs,2026-07-02T05:44:48Z,"Senior DevOps Engineer with a platform as a service mindset and strong experience building and owning enterprise Developer platforms (ideally 100 Developer plus user base) is sought by a marketing leading innovation house with offices in Manchester and Leeds. Working at the forefront of innovation this Senior DevOps Engineer will be working within a highly skilled, multi-disciplinary technical team to deliver best in class, high traffic enterprise applications with international significance. A…",https://www.adzuna.co.uk/jobs/details/5784932549?utm_medium=api&utm_source=c0698c3f,devops engineer,Manchester
5800071844,Devops Engineer - Azure,Tribe Appointments Ltd,"Manchester, Greater Manchester","UK, North West England, Greater Manchester, Manchester",70000,70000,0,,,IT Jobs,2026-07-14T16:38:41Z,"Azure DevOps Engineer Hybrid or Remote working available Focus of the role: As an Azure DevOps Engineer, you will be responsible for working directly with customers in various sectors to deliver public cloud transformation projects in Azure using infrastructure as code to support the deployment and configuration of various resource types in the Azure technology stack. Responsibilities: Deploying and configuring Azure resources using infrastructure as code (IaC). Building and configuring continu…",https://www.adzuna.co.uk/jobs/details/5800071844?utm_medium=api&utm_source=c0698c3f,devops engineer,Manchester
5656808364,Senior DevOps Engineer,Northrop Grumman,"Manchester, Greater Manchester","UK, North West England, Greater Manchester, Manchester",58739.88,58739.88,1,,,IT Jobs,2026-03-06T21:53:47Z,"UK CITIZENSHIP REQUIRED FOR THIS POSITION: Yes RELOCATION ASSISTANCE: Relocation assistance may be available CLEARANCE TYPE: UK-Highest Level of Government Clearance TRAVEL: Yes, 10% of the Time Define Possible at Northrop Grumman UK What's your possible? At Northrop Grumman UK, you are part of a team driving innovation where it matters most - solving tomorrow's challenges and shaping the technology and solutions of the future. It's what we call Defining Possible . This mind-set goes beyond our…",https://www.adzuna.co.uk/jobs/details/5656808364?utm_medium=api&utm_source=c0698c3f,devops engineer,Manchester
5656808365,Lead DevOps Engineer,Northrop Grumman,"Manchester, Greater Manchester","UK, North West England, Greater Manchester, Manchester",62811.44,62811.44,1,,,IT Jobs,2026-03-06T21:53:47Z,"UK CITIZENSHIP REQUIRED FOR THIS POSITION: Yes RELOCATION ASSISTANCE: Relocation assistance may be available CLEARANCE TYPE: UK-Highest Level of Government Clearance TRAVEL: Yes, 10% of the Time Define Possible at Northrop Grumman UK What's your possible? At Northrop Grumman UK, you are part of a team driving innovation where it matters most - solving tomorrow's challenges and shaping the technology and solutions of the future. It's what we call Defining Possible . This mind-set goes beyond our…",https://www.adzuna.co.uk/jobs/details/5656808365?utm_medium=api&utm_source=c0698c3f,devops engineer,Manchester
5804707200,Senior DevOps Engineer,SF Partners,"Manchester, Greater Manchester","UK, North West England, Greater Manchester, Manchester",80000,110000,0,,full_time,IT Jobs,2026-07-17T10:45:35Z,"Salary: £80,000 - 110,000 per year Requirements: We are looking for a senior or lead DevOps or Platform Engineer with a platform-as-a-service mindset. We need strong experience building and owning enterprise developer platforms, ideally supporting 100 developers. We want deep technical ownership of internal developer platforms for a large user base. We require knowledge of cloud-native system design. We need experience designing and supporting AWS landing zones. We want observability stack expo…",https://www.adzuna.co.uk/jobs/details/5804707200?utm_medium=api&utm_source=c0698c3f,devops engineer,Manchester
5804681420,DevOps Engineer- eDV Cleared,Searchability  Ltd,"Manchester, Greater Manchester","UK, North West England, Greater Manchester, Manchester",35000,65000,0,permanent,full_time,IT Jobs,2026-07-17T10:40:51Z,"DEVOPS ENGINEER- EDV CLEARED DEVOPS ENGINEER - Permanent opportunity for a DevOps Engineer with active enhanced DV clearance. - Salary up to £65,000 DOE DV Bonus - Manchester based offices - To apply, please call Laura Jackson on 02038540120, or email laura.jackson@searchability.com with an up-to-date CV. WHO ARE WE? We're hiring for DevOps Engineers to join a consultancy delivering cutting-edge solutions for industry-leading National Security clients. You'll have the opportunity to work acros…",https://www.adzuna.co.uk/jobs/details/5804681420?utm_medium=api&utm_source=c0698c3f,devops engineer,Manchester
5804681433,DevOps Engineer- eDV Cleared,Searchability  Ltd,"Manchester, Greater Manchester","UK, North West England, Greater Manchester, Manchester",65607.29,65607.29,1,permanent,full_time,IT Jobs,2026-07-17T10:40:51Z,"DEVOPS ENGINEER - EDV CLEARED BRAND NEW PERMANENT OPPORTUNITY AVAILABLE WITHIN A LEADING COMPANY FOR A DEVOPS ENGINEER WITH ENHANCED DV CLEARANCE * Permanent opportunity for a DevOps engineer with enhanced DV clearance. * Industry leading company supporting UK national security projects. * Salary up to £70,000 plus benefits and DV bonus. * Manchester based in an easily accessible location. * To apply please call 07842002894 or email laura.jackson@searchability.com WHO ARE WE? We are recruiting …",https://www.adzuna.co.uk/jobs/details/5804681433?utm_medium=api&utm_source=c0698c3f,devops engineer,Manchester
5802786449,DevOps Engineer- eDV Cleared,Searchability NS&D,"Manchester, Greater Manchester","UK, North West England, Greater Manchester, Manchester",35000,65000,0,permanent,full_time,IT Jobs,2026-07-16T11:29:40Z,"DEVOPS ENGINEER- EDV CLEARED DEVOPS ENGINEER- Permanent opportunity for a DevOps Engineer with active enhanced DV clearance. - Salary up to £65,000 DOE DV Bonus - Manchester based offices - To apply, please call Laura Jackson on , or email with an up-to-date CV. WHO ARE WE?We're hiring for DevOps Engineers to join a consultancy delivering cutting-edge solutions for industry-leading National Security clients. You'll have the opportunity to work across multiple high-impact, innovative and missio…",https://www.adzuna.co.uk/jobs/land/ad/5802786449?se=zqRHnw6G8RGbGoMv58FbYQ&utm_medium=api&utm_source=c0698c3f&v=725ABDEB20756AE298D01D05FC0FFD32AECB12EF,devops engineer,Manchester
5804681427,Senior DevOps Engineer- eDV Cleared,Searchability  Ltd,"Manchester, Greater Manchester","UK, North West England, Greater Manchester, Manchester",65000,85000,0,permanent,full_time,IT Jobs,2026-07-17T10:40:51Z,"SENIOR DEVOPS ENGINEER- EDV CLEARED SENIOR DEVOPS ENGINEER - Permanent opportunity for a Senior DevOps Engineer with active enhanced DV clearance. - Salary up to £85,000 DOE - Manchester based offices - To apply, please call Laura Jackson on 02038540120, or email laura.jackson@searchability.com with an up-to-date CV. WHO ARE WE? We're hiring for Senior DevOps Engineers to join a consultancy delivering cutting-edge solutions for industry-leading National Security clients. You'll have the opportu…",https://www.adzuna.co.uk/jobs/details/5804681427?utm_medium=api&utm_source=c0698c3f,devops engineer,Manchester
5804681396,Principal DevOps Engineer- SC Cleared,Searchability  Ltd,"Manchester, Greater Manchester","UK, North West England, Greater Manchester, Manchester",90000,105000,0,permanent,full_time,IT Jobs,2026-07-17T10:40:51Z,"PRINCIPAL DEVOPS ENGINEER- SC CLEARED PRINCIPAL DEVOPS ENGINEER - Permanent opportunity for a Principal DevOps Engineer with SC Clearance. - Salary up to £105,000 DOE - Hybrid opportunity with Manchester based offices - To apply, please call Laura Jackson on 02038540120, or email laura.jackson@searchability.com with an up-to-date CV. WHO ARE WE? We're hiring for DevOps Engineers at principal level to join a top consultancy delivering cutting-edge solutions for industry-leading Public Sector and…",https://www.adzuna.co.uk/jobs/details/5804681396?utm_medium=api&utm_source=c0698c3f,devops engineer,Manchester
5802784524,Senior DevOps Engineer- eDV Cleared,Searchability NS&D,"Manchester, Greater Manchester","UK, North West England, Greater Manchester, Manchester",65000,85000,0,permanent,full_time,IT Jobs,2026-07-16T11:27:08Z,"SENIOR DEVOPS ENGINEER- EDV CLEARED SENIOR DEVOPS ENGINEER- Permanent opportunity for a Senior DevOps Engineer with active enhanced DV clearance. - Salary up to £85,000 DOE - Manchester based offices - To apply, please call Laura Jackson on , or email with an up-to-date CV. WHO ARE WE?We're hiring for Senior DevOps Engineers to join a consultancy delivering cutting-edge solutions for industry-leading National Security clients. You'll have the opportunity to work across multiple high-impact, inn…",https://www.adzuna.co.uk/jobs/land/ad/5802784524?se=zqRHnw6G8RGbGoMv58FbYQ&utm_medium=api&utm_source=c0698c3f&v=594DBFA8190BB934B9A4940CB0AC0BD1475AD6CC,devops engineer,Manchester
5802785355,Principal DevOps Engineer- SC Cleared,Searchability NS&D,"Manchester, Greater Manchester","UK, North West England, Greater Manchester, Manchester",90000,105000,0,permanent,full_time,IT Jobs,2026-07-16T11:28:15Z,"PRINCIPAL DEVOPS ENGINEER- SC CLEARED PRINCIPAL DEVOPS ENGINEER- Permanent opportunity for a Principal DevOps Engineer with SC Clearance. - Salary up to £105,000 DOE - Hybrid opportunity with Manchester based offices - To apply, please call Laura Jackson on , or email with an up-to-date CV. WHO ARE WE?We're hiring for DevOps Engineers at principal level to join a top consultancy delivering cutting-edge solutions for industry-leading Public Sector and Defence clients. You'll have the opportunity…",https://www.adzuna.co.uk/jobs/land/ad/5802785355?se=zqRHnw6G8RGbGoMv58FbYQ&utm_medium=api&utm_source=c0698c3f&v=B7107CDC35F44C8D6EFEC75FADBE399C1A58ECD5,devops engineer,Manchester
5804681416,Lead/ Principal DevOps Engineer- eDV Cleared,Searchability  Ltd,"Manchester, Greater Manchester","UK, North West England, Greater Manchester, Manchester",85000,100000,0,permanent,full_time,IT Jobs,2026-07-17T10:40:51Z,"LEAD/ PRINCIPAL DEVOPS ENGINEER- EDV CLEARED PRINCIPAL DEVOPS ENGINEER - Permanent opportunity for a Lead/ Principal DevOps Engineer with active enhanced DV clearance. - Salary up to £100,000 DOE - Manchester based offices - To apply, please call Laura Jackson on 02038540120, or email laura.jackson@searchability.com with an up-to-date CV. WHO ARE WE? We're hiring for Lead and Principal DevOps Engineers to join a consultancy delivering cutting-edge solutions for industry-leading National Securit…",https://www.adzuna.co.uk/jobs/details/5804681416?utm_medium=api&utm_source=c0698c3f,devops engineer,Manchester
5804681407,Cloud Native DevOps Engineer- SC Cleared,Searchability  Ltd,"Manchester, Greater Manchester","UK, North West England, Greater Manchester, Manchester",40000,95000,0,permanent,full_time,IT Jobs,2026-07-17T10:40:51Z,"CLOUD NATIVE DEVOPS ENGINEER- SC CLEARED CLOUD NATIVE DEVOPS ENGINEER - Permanent opportunity for a Cloud Native DevOps Engineer with SC Clearance. - Salary up to £95,000 DOE - On-site opportunity with Manchester based offices - To apply, please call Laura Jackson on 02038540120, or email laura.jackson@searchability.com with an up-to-date CV. WHO ARE WE? We're hiring for Cloud Native DevOps Engineers to join a top consultancy delivering cutting-edge solutions for industry-leading Defence and Na…",https://www.adzuna.co.uk/jobs/details/5804681407?utm_medium=api&utm_source=c0698c3f,devops engineer,Manchester
5647263079,Senior DevOps Engineer - AWS Infrastructure Architect,Zippd,"Hulme, Manchester","UK, North West England, Greater Manchester, Manchester, Hulme",70714.95,70714.95,1,,full_time,IT Jobs,2026-02-27T12:48:12Z,"About DeliveryApp DeliveryApp is in an exciting phase of rapid growth. As we scale our operations and technology, we are expanding our engineering team to build the next generation of our platform. We are looking for a highly capable Senior DevOps Engineer to step in and take full ownership of our cloud infrastructure. You will not just be managing servers; you will be driving the architecture, making critical technical decisions, and leading the implementation of our DevOps capabilities from t…",https://www.adzuna.co.uk/jobs/details/5647263079?utm_medium=api&utm_source=c0698c3f,devops engineer,Manchester
5802783694,Lead/ Principal DevOps Engineer- eDV Cleared,Searchability NS&D,"Manchester, Greater Manchester","UK, North West England, Greater Manchester, Manchester",85000,100000,0,permanent,full_time,IT Jobs,2026-07-16T11:26:19Z,"LEAD/ PRINCIPAL DEVOPS ENGINEER- EDV CLEARED PRINCIPAL DEVOPS ENGINEER- Permanent opportunity for a Lead/ Principal DevOps Engineer with active enhanced DV clearance. - Salary up to £100,000 DOE - Manchester based offices - To apply, please call Laura Jackson on , or email with an up-to-date CV. WHO ARE WE?We're hiring for Lead and Principal DevOps Engineers to join a consultancy delivering cutting-edge solutions for industry-leading National Security clients. You'll have the opportunity to wor…",https://www.adzuna.co.uk/jobs/land/ad/5802783694?se=zqRHnw6G8RGbGoMv58FbYQ&utm_medium=api&utm_source=c0698c3f&v=D1707A40FD3FC365D1A1FC6EA55D807EECFFE086,devops engineer,Manchester
5802785646,Cloud Native DevOps Engineer- SC Cleared,Searchability NS&D,"Manchester, Greater Manchester","UK, North West England, Greater Manchester, Manchester",40000,95000,0,permanent,full_time,IT Jobs,2026-07-16T11:28:30Z,"CLOUD NATIVE DEVOPS ENGINEER- SC CLEARED CLOUD NATIVE DEVOPS ENGINEER- Permanent opportunity for a Cloud Native DevOps Engineer with SC Clearance. - Salary up to £95,000 DOE - On-site opportunity with Manchester based offices - To apply, please call Laura Jackson on , or email with an up-to-date CV. WHO ARE WE?We're hiring for Cloud Native DevOps Engineers to join a top consultancy delivering cutting-edge solutions for industry-leading Defence and National Security clients. You'll have the oppo…",https://www.adzuna.co.uk/jobs/land/ad/5802785646?se=zqRHnw6G8RGbGoMv58FbYQ&utm_medium=api&utm_source=c0698c3f&v=2E198DBF792D43EE9F764E901CCD5DAB1F7C81A7,devops engineer,Manchester
5803993719,Cloud Native DevOps Engineer- SC Cleared,NSD,"Manchester, Greater Manchester","UK, North West England, Greater Manchester, Manchester",95000,95000,0,permanent,,IT Jobs,2026-07-17T00:37:56Z,"CLOUD NATIVE DEVOPS ENGINEER- SC CLEARED CLOUD NATIVE DEVOPS ENGINEER - Permanent opportunity for a Cloud Native DevOps Engineer with SC Clearance. - Salary up to £95,000 DOE - On-site opportunity with Manchester based offices - To apply, please call Laura Jackson on 02038540120, or email with an up-to-date CV. WHO ARE WE? We're hiring for Cloud Native DevOps Engineers to join a top consultancy delivering cutting-edge solutions for industry-leading Defence and National Security clients. You'll …",https://www.adzuna.co.uk/jobs/details/5803993719?utm_medium=api&utm_source=c0698c3f,devops engineer,Manchester
5709793981,AWS DevOps Engineer - eSC or eDV Cleared,IBM,"Manchester, Greater Manchester","UK, North West England, Greater Manchester, Manchester",75181.41,75181.41,1,contract,,IT Jobs,2026-04-25T01:07:29Z,"Introduction At IBM Consulting UK FutureNow, you'll build a career at the forefront of hybrid cloud and AI, working with leading clients across the public and private sectors. You'll collaborate with top industry professionals, gain hands on experience with cutting edge technologies, and deliver solutions that create real business impact. From day one, you'll work on meaningful, high profile programmes that stretch your skills and accelerate your growth. We invest heavily in you-supporting cont…",https://www.adzuna.co.uk/jobs/details/5709793981?utm_medium=api&utm_source=c0698c3f,devops engineer,Manchester
5797454833,DevOps Engineer - eSC or eDV Clearance Required,IBM,"Manchester, Greater Manchester","UK, North West England, Greater Manchester, Manchester",47132.74,47132.74,1,,,IT Jobs,2026-07-12T01:50:01Z,"Introduction NR Your role and responsibilities NR Required technical and professional expertise NR Preferred technical and professional experience NR IBM is committed to creating a diverse environment and is proud to be an equal-opportunity employer. All qualified applicants will receive consideration for employment without regard to race, color, religion, sex, gender, gender identity or expression, sexual orientation, national origin, caste, genetics, pregnancy, disability, neurodivergence, ag…",https://www.adzuna.co.uk/jobs/details/5797454833?utm_medium=api&utm_source=c0698c3f,devops engineer,Manchester
5704062301,Senior AWS DevOps Engineer - eSC or eDV Clearance Required,IBM,"Manchester, Greater Manchester","UK, North West England, Greater Manchester, Manchester",76940.28,76940.28,1,contract,,IT Jobs,2026-04-19T01:04:00Z,"Introduction At IBM Consulting UK FutureNow, you'll build a career at the forefront of hybrid cloud and AI, working with leading clients across the public and private sectors. You'll collaborate with top industry professionals, gain hands on experience with cutting edge technologies, and deliver solutions that create real business impact. From day one, you'll work on meaningful, high profile programmes that stretch your skills and accelerate your growth. We invest heavily in you-supporting cont…",https://www.adzuna.co.uk/jobs/details/5704062301?utm_medium=api&utm_source=c0698c3f,devops engineer,Manchester
5761909127,AWS DevOps Platform Engineer - eSC/eDV Clearance,IBM,"Manchester, Greater Manchester","UK, North West England, Greater Manchester, Manchester",55574.19,55574.19,1,contract,,IT Jobs,2026-06-13T02:40:06Z,"Introduction At IBM Consulting UK FutureNow, you'll build a career at the forefront of hybrid cloud and AI, working with leading clients across the public and private sectors. You'll collaborate with top industry professionals, gain hands on experience with cutting edge technologies, and deliver solutions that create real business impact. From day one, you'll work on meaningful, high profile programmes that stretch your skills and accelerate your growth. We invest heavily in you-supporting cont…",https://www.adzuna.co.uk/jobs/details/5761909127?utm_medium=api&utm_source=c0698c3f,devops engineer,Manchester
5769612722,Senior Platform Engineer (Automation & DevOps),Reed Technology,"Manchester, Greater Manchester","UK, North West England, Greater Manchester, Manchester",75000,75000,0,,,IT Jobs,2026-06-19T21:37:53Z,"Senior Platform Engineer (Automation & DevOps) Manchester (Hybrid- 1 day on site every 2 weeks) £55K - £76K A Senior Platform Engineer is required for our client to help modernise and scale our technology platforms through high-quality, secure automation. In this role, you'll lead the design and delivery of Infrastructure as Code (IaC) and CI/CD solutions across a hybrid, Azure-first environment, working closely with senior stakeholders, architects, and engineering teams. You'll combine hands-o…",https://www.adzuna.co.uk/jobs/details/5769612722?utm_medium=api&utm_source=c0698c3f,devops engineer,Manchester
5777751140,Lead Cloud & Platform Engineer,Pathfinder,"Moss Side, Manchester","UK, North West England, Greater Manchester, Manchester, Moss Side",80000,100000,0,,full_time,IT Jobs,2026-06-26T13:58:53Z,"Cloud & Platform Lead Engineer required by a large, Manchester based SaaS provider where you'll serve as the team's cloud engineering authority. You'll join at a particularly interesting point in the company's evolution as it invests heavily in the modernisation of its software platforms and infrastructure. With a major digital transformation underway and AI becoming an increasingly important part of the technology strategy, the role offers the chance to help shape the future cloud and platform…",https://www.adzuna.co.uk/jobs/land/ad/5777751140?se=zqRHnw6G8RGbGoMv58FbYQ&utm_medium=api&utm_source=c0698c3f&v=24B681A14E8E8A830770CAE27777C483FDA8A53E,devops engineer,Manchester
5778073114,Lead Cloud Platform Engineer,Pathfinder Business Solutions Ltd,"Manchester, Greater Manchester","UK, North West England, Greater Manchester, Manchester",100000,100000,0,,,IT Jobs,2026-06-26T21:42:11Z,"Cloud & Platform Lead Engineer required by a large, Manchester based SaaS provider where you'll serve as the team's cloud engineering authority. You'll join at a particularly interesting point in the company's evolution as it invests heavily in the modernisation of its software platforms and infrastructure. With a major digital transformation underway and AI becoming an increasingly important part of the technology strategy, the role offers the chance to help shape the future cloud and platform…",https://www.adzuna.co.uk/jobs/details/5778073114?utm_medium=api&utm_source=c0698c3f,devops engineer,Manchester
5802436579,Platform Engineer,NSD,"Manchester, Greater Manchester","UK, North West England, Greater Manchester, Manchester",85000,85000,0,,,IT Jobs,2026-07-16T08:43:38Z,"Platform Engineer Platform Engineer - Manchester / Hybrid Salary up to £85,000 plus benefits SC cleared or SC eligible candidates required Build and improve secure cloud platforms while developing deeper expertise across modern platform tooling ABOUT THE CLIENT Our client is a global technology consultancy delivering secure digital transformation programmes across the UK public sector. Its engineering teams design and operate modern cloud platforms that support critical services used by million…",https://www.adzuna.co.uk/jobs/details/5802436579?utm_medium=api&utm_source=c0698c3f,devops engineer,Manchester
5810127701,Graduate Recruitment Consultant,Virtus Talent,"Manchester, Greater Manchester","UK, North West England, Greater Manchester, Manchester",26000,40000,0,permanent,full_time,Graduate Jobs,2026-07-22T01:49:28Z,"Package: £26,000 to £28,000 basic uncapped commission (Year 1 OTE: £40,000) Company overview: Our client is a boutique technology recruitment consultancy specialising in Software Engineering, Cloud and DevOps hiring. They work with high-growth SaaS businesses, digital consultancies and technology scale-ups across the UK and Europe. Why join? • Commission structure up to 30% with uncapped earnings • Promotion to Consultant within 6 months based on performance • Hands-on training from experience…",https://www.adzuna.co.uk/jobs/details/5810127701?utm_medium=api&utm_source=c0698c3f,devops engineer,Manchester
5745039866,AWS Cloud Full Stack Engineer - eSC or eDV Clearance required,IBM,"Manchester, Greater Manchester","UK, North West England, Greater Manchester, Manchester",63982.46,63982.46,1,contract,,IT Jobs,2026-05-30T01:29:37Z,"Introduction At IBM Consulting UK FutureNow, you'll build a career at the forefront of hybrid cloud and AI, working with leading clients across the public and private sectors. You'll collaborate with top industry professionals, gain hands on experience with cutting edge technologies, and deliver solutions that create real business impact. From day one, you'll work on meaningful, high profile programmes that stretch your skills and accelerate your growth. We invest heavily in yousupporting conti…",https://www.adzuna.co.uk/jobs/details/5745039866?utm_medium=api&utm_source=c0698c3f,devops engineer,Manchester
5809278968,AI Platform Engineer,The Portfolio Group,"Rusholme, Manchester","UK, North West England, Greater Manchester, Manchester, Rusholme",80000,100000,0,,full_time,IT Jobs,2026-07-21T12:12:53Z,"Help shape the future of AI within a growing international SaaS business. We're looking for an experienced AI Platform Engineer to help build and evolve the Azure platform that powers our conversational AI products and wider AI strategy.You'll design, build and operate the cloud-native platform supporting Retrieval-Augmented Generation (RAG), LLM orchestration, vector search and production AI services, working closely with AI Engineering, DevOps and Security teams to deliver scalable, secure an…",https://www.adzuna.co.uk/jobs/land/ad/5809278968?se=zqRHnw6G8RGbGoMv58FbYQ&utm_medium=api&utm_source=c0698c3f&v=52D578D27CF38D74BCE2373EF5CE49ECF847C356,devops engineer,Manchester
5810670948,AI Platform Engineer,The Portfolio Group,"Manchester, Greater Manchester","UK, North West England, Greater Manchester, Manchester",80000,100000,0,permanent,full_time,IT Jobs,2026-07-22T10:21:28Z,"Help shape the future of AI within a growing international SaaS business. We're looking for an experienced AI Platform Engineer to help build and evolve the Azure platform that powers our conversational AI products and wider AI strategy.You'll design, build and operate the cloud-native platform supporting Retrieval-Augmented Generation (RAG), LLM orchestration, vector search and production AI services, working closely with AI Engineering, DevOps and Security teams to deliver scalable, secure an…",https://www.adzuna.co.uk/jobs/land/ad/5810670948?se=zqRHnw6G8RGbGoMv58FbYQ&utm_medium=api&utm_source=c0698c3f&v=FC9B9C89FEE6BB88460ADEF5A42D906BCC7B775D,devops engineer,Manchester
5810768799,AI Platform Engineer,The Portfolio Group,"Manchester Science Park, Manchester","UK, North West England, Greater Manchester, Manchester, Manchester Science Park",80000,100000,0,,full_time,IT Jobs,2026-07-22T11:31:14Z,"Salary: £80,000 - 100,000 per year Requirements: Experience designing and supporting cloud platforms on Microsoft Azure. Strong Terraform and Infrastructure-as-Code experience. Experience with containerised applications and CI/CD pipelines. Python for automation and scripting. Good understanding of cloud-native architecture, APIs and microservices. Experience with vector search technologies such as OpenSearch is advantageous. Experience with Microsoft Foundry or Azure AI Foundry is desirable, t…",https://www.adzuna.co.uk/jobs/details/5810768799?utm_medium=api&utm_source=c0698c3f,devops engineer,Manchester
5710687576,AWS Cloud Architect - eSC or eDV Clearance Required,IBM,"Manchester, Greater Manchester","UK, North West England, Greater Manchester, Manchester",72294.91,72294.91,1,contract,,IT Jobs,2026-04-26T01:07:39Z,"Introduction At IBM Consulting UK FutureNow, you'll build a career at the forefront of hybrid cloud and AI, working with leading clients across the public and private sectors. You'll collaborate with top industry professionals, gain hands on experience with cutting edge technologies, and deliver solutions that create real business impact. From day one, you'll work on meaningful, high profile programmes that stretch your skills and accelerate your growth. We invest heavily in you-supporting cont…",https://www.adzuna.co.uk/jobs/details/5710687576?utm_medium=api&utm_source=c0698c3f,devops engineer,Manchester
5803554851,Cloud Platform Engineer,Data Careers,"Ardwick, Manchester","UK, North West England, Greater Manchester, Manchester, Ardwick",65000,75000,0,permanent,full_time,IT Jobs,2026-07-16T20:27:49Z,"Cloud Platform Engineer Permanent Location: UK - Remote Salary: £65,000 - £75,000 Skills: AWS, Linux, Terraform, Ansible, OpenShift, Kubernetes, cloud infrastructure We're looking for a hands-on Cloud Platform Engineer to join a growing technical consultancy delivering secure cloud and infrastructure solutions across customer environments. This role would suit an experienced Cloud, DevOps, Platform or Infrastructure Engineer who enjoys building and supporting technical environments but also wan…",https://www.adzuna.co.uk/jobs/details/5803554851?utm_medium=api&utm_source=c0698c3f,devops engineer,Manchester
5768056920,AI Solution Architect - FS Consulting - all levels/banking,Datatech Analytics,"Manchester, Greater Manchester","UK, North West England, Greater Manchester, Manchester",76089.39,76089.39,1,permanent,,IT Jobs,2026-06-18T13:06:44Z,"AI Solution Architects & Technical AI Leaders Manchester | Hybrid AI Solution Architect Financial Services (Hybrid) Join a leading consulting and technology firm shaping enterprise AI and GenAI strategy for major banking clients moving AI beyond proof of concept into secure, production-grade deployment. The role: - Design AI and GenAI architecture strategies and roadmaps - Build scalable AI/ML and Agentic AI platforms - Work across LLMs, RAG, embeddings and semantic search - Support AI deployme…",https://www.adzuna.co.uk/jobs/details/5768056920?utm_medium=api&utm_source=c0698c3f,devops engineer,Manchester
5787069745,Senior Test Engineer,Amber Labs,"Rusholme, Manchester","UK, North West England, Greater Manchester, Manchester, Rusholme",50046.38,50046.38,1,contract,full_time,IT Jobs,2026-07-03T21:25:02Z,"Location: Hybrid (1 day per week onsite in Manchester required). Contract Type: Permanent/ or initial 12-month Fixed Term Contract (FTC) Employer: Amber Labs – Digital Consultancy Clearance: Active SC Clearance preferred, but SC Eligibility accepted Start Date: Immediate About Amber Labs Amber Labs is a forward-thinking digital consultancy delivering innovative cloud, data, and DevOps solutions across the UK public sector. We specialise in helping organisations achieve digital transformation at…",https://www.adzuna.co.uk/jobs/land/ad/5787069745?se=zqRHnw6G8RGbGoMv58FbYQ&utm_medium=api&utm_source=c0698c3f&v=C3744AF47C09FED5C77D3B74C3D9B7B5DCA3FA02,devops engineer,Manchester
5804681400,Cloud Architect- eDV Cleared,Searchability  Ltd,"Manchester, Greater Manchester","UK, North West England, Greater Manchester, Manchester",60000,115000,0,permanent,full_time,IT Jobs,2026-07-17T10:40:51Z,"CLOUD ARCHITECT- EDV CLEARED CLOUD ARCHITECT - Permanent opportunity for a Cloud Architect with active enhanced DV clearance. - Salary up to £115,000 DOE DV Bonus - Manchester based offices - To apply, please call Laura Jackson on 02038540120, or email laura.jackson@searchability.com with an up-to-date CV. WHO ARE WE? We're hiring for Cloud Native Architects to join a consultancy delivering cutting-edge solutions for industry-leading National Security clients. You'll have the opportunity to wo…",https://www.adzuna.co.uk/jobs/details/5804681400?utm_medium=api&utm_source=c0698c3f,devops engineer,Manchester
5803314459,Cloud Platform Engineer,Data Careers,"Manchester, Greater Manchester","UK, North West England, Greater Manchester, Manchester",75000,75000,0,permanent,,IT Jobs,2026-07-16T16:39:26Z,"Cloud Platform Engineer Permanent Location: UK - Remote Salary: £65,000 - £75,000 Skills: AWS, Linux, Terraform, Ansible, OpenShift, Kubernetes, cloud infrastructure We're looking for a hands-on Cloud Platform Engineer to join a growing technical consultancy delivering secure cloud and infrastructure solutions across customer environments. This role would suit an experienced Cloud, DevOps, Platform or Infrastructure Engineer who enjoys building and supporting technical environments but also wan…",https://www.adzuna.co.uk/jobs/details/5803314459?utm_medium=api&utm_source=c0698c3f,devops engineer,Manchester
5799931769,Lead Site Reliability Engineer (SRE Squad Lead),Inspire People,"Hulme, Manchester","UK, North West England, Greater Manchester, Manchester, Hulme",80000,80000,0,permanent,part_time,IT Jobs,2026-07-14T13:35:04Z,"Become part of a mission-driven digital team helping to build reliable, secure and scalable digital services that support economic growth across the UK. The Department for Business and Trade (DBT), in partnership with Inspire People, is seeking a Senior SRE Squad Lead with experience leading and developing engineers, strong DevOps and Site Reliability Engineering expertise, cloud platform experience, infrastructure-as-code capability and a passion for building resilient distributed systems. Bas…",https://www.adzuna.co.uk/jobs/land/ad/5799931769?se=zqRHnw6G8RGbGoMv58FbYQ&utm_medium=api&utm_source=c0698c3f&v=40E92305FBB8310B76329C4E18D85175FC5C7599,devops engineer,Manchester
5790631947,Senior Site Reliability Engineer - Python,Inspire People,"Manchester, Greater Manchester","UK, North West England, Greater Manchester, Manchester",80000,80000,0,permanent,part_time,IT Jobs,2026-07-07T07:07:34Z,"Help build and operate reliable, scalable and secure digital services that support businesses across the UK. The Department for Business and Trade (DBT), in partnership with Inspire People, is seeking a Senior Site Reliability Engineer with strong software engineering capability (either experience of Python development or a desire to develop Python expertise), experience building applications hosted on cloud platforms, expertise within a modern cloud engineering environment. and a passion for a…",https://www.adzuna.co.uk/jobs/details/5790631947?utm_medium=api&utm_source=c0698c3f,devops engineer,Manchester
5753318649,Senior Machine Learning Engineer - AdTech,Roku,"Manchester, Greater Manchester","UK, North West England, Greater Manchester, Manchester",39693.61,39693.61,1,,,IT Jobs,2026-06-05T17:02:35Z,"Teamwork makes the stream work. Roku is changing how the world watches TV Roku is the 1 TV streaming platform in the U.S., Canada, and Mexico, and we've set our sights on powering every television in the world. Roku pioneered streaming to the TV. Our mission is to be the TV streaming platform that connects the entire TV ecosystem. We connect consumers to the content they love, enable content publishers to build and monetize large audiences, and provide advertisers unique capabilities to engage …",https://www.adzuna.co.uk/jobs/details/5753318649?utm_medium=api&utm_source=c0698c3f,machine learning engineer,Manchester
5774974148,Senior Machine Learning Engineer – Personalisation & Recommendations,Roku,"Manchester, Greater Manchester","UK, North West England, Greater Manchester, Manchester",44036.49,44036.49,1,,,IT Jobs,2026-06-24T16:32:02Z,"Teamwork makes the stream work. Roku is changing how the world watches TV Roku is the 1 TV streaming platform in the U.S., Canada, and Mexico, and we've set our sights on powering every television in the world. Roku pioneered streaming to the TV. Our mission is to be the TV streaming platform that connects the entire TV ecosystem. We connect consumers to the content they love, enable content publishers to build and monetize large audiences, and provide advertisers unique capabilities to engage …",https://www.adzuna.co.uk/jobs/details/5774974148?utm_medium=api&utm_source=c0698c3f,machine learning engineer,Manchester
5765561887,"Vice President, AI / Machine Learning Software Engineer",BNY Mellon,"Manchester Science Park, Manchester","UK, North West England, Greater Manchester, Manchester, Manchester Science Park",107419.75,107419.75,1,,full_time,IT Jobs,2026-06-16T14:34:37Z,"Description Vice President, AI / Machine Learning Data Engineer At BNY, our culture allows us to run our company better and enables employees’ growth and success. As a leading global financial services company at the heart of the global financial system, we influence nearly 20% of the world’s investible assets. Every day, our teams harness cutting-edge AI and breakthrough technologies to collaborate with clients, driving transformative solutions that redefine industries and uplift communities w…",https://www.adzuna.co.uk/jobs/details/5765561887?utm_medium=api&utm_source=c0698c3f,machine learning engineer,Manchester
5806354694,Enterprise Architect Onsite Lead - Agentic IVR Banking,EUROPEAN SOFTWARE SOLUTIONS  LIMITED,"Manchester, Greater Manchester","UK, North West England, Greater Manchester, Manchester",130000,130000,0,contract,,IT Jobs,2026-07-18T21:46:35Z,"Role Summary We are seeking an experienced Enterprise Architect Onsite Lead to drive a strategic Agentic IVR transformation program for a leading banking client on GCP . This role combines deep architectural expertise with strong customer relationship management , acting as a trusted advisor to senior business and technology stakeholders. Key Responsibilities Serve as the primary onsite liaison for banking stakeholders, building strong, trust-based relationships across business, operations, and…",https://www.adzuna.co.uk/jobs/details/5806354694?utm_medium=api&utm_source=c0698c3f,machine learning engineer,Manchester
5776259661,Founding AI Engineer,Adria Solutions,"Manchester, Greater Manchester","UK, North West England, Greater Manchester, Manchester",80000,110000,0,permanent,full_time,IT Jobs,2026-06-25T14:28:20Z,"Founding AI Engineer Future Head of AI Venture-Backed FinTech Start up | Equity Opportunity | Manchester We're partnering with an ambitious, early-stage fintech business on a mission to transform how consumers engage with and improve their financial wellbeing. Having achieved strong early validation and entered its next phase of growth, the company is seeking a highly capable AI Engineer to become the first dedicated AI hire and ultimately build and lead the AI function. This is a rare opportun…",https://www.adzuna.co.uk/jobs/land/ad/5776259661?se=ODLCoA6G8RGa14EqyXoy-w&utm_medium=api&utm_source=c0698c3f&v=B1597815BF700D29EC2EC0479AD05C788D6A16A7,machine learning engineer,Manchester
5786369768,AI Engineer Placement Programme No Experience Needed,IT Online Learning,"Manchester, Greater Manchester","UK, North West England, Greater Manchester, Manchester",75000,75000,0,,,IT Jobs,2026-07-03T05:42:21Z,"AI Engineer Placement Programme no experience needed From £45,000 to £75,000 per annum AI Trainee Engineer £45,000£75,000 Job Programme This is a self-funded programme that leads to employment, fees apply. Job Guarantee Complete the programme and get a job, or get your course fees back. Location: UK Wide (Remote Opportunities Available) Looking to start a career in AI Engineering? We are offering a structured pathway into AI Engineering, designed to help you enter one of the fastest-growing sec…",https://www.adzuna.co.uk/jobs/details/5786369768?utm_medium=api&utm_source=c0698c3f,machine learning engineer,Manchester
5803520191,AI & Cloud Infrastructure,INSIGHT INTERNATIONAL  Limited,"Manchester, Greater Manchester","UK, North West England, Greater Manchester, Manchester",68209.21,68209.21,1,,,IT Jobs,2026-07-16T18:56:22Z,"Job Summary (List Format) for Lead Data Architect: - Lead the architectural evolution of the enterprise data platform to support Generative AI (GenAI) and Predictive Machine Learning (ML) initiatives. - Bridge traditional data engineering with advanced AI infrastructure, focusing on scalable frameworks, high-performance pipelines, and secure storage systems. - Design enterprise-grade blueprints for vector databases, Retrieval-Augmented Generation (RAG) infrastructure, and unified data lakes. - …",https://www.adzuna.co.uk/jobs/details/5803520191?utm_medium=api&utm_source=c0698c3f,machine learning engineer,Manchester
5794473227,Junior AI Operations Assistant,Kingsgate Recruitment Ltd,"Manchester, Greater Manchester","UK, North West England, Greater Manchester, Manchester",28000,40000,0,permanent,full_time,IT Jobs,2026-07-09T21:28:47Z,"Junior AI Operations Assistant About the Role We are looking for a motivated and detail-oriented Junior AI Operations Assistant to join our growing AI team. This is an exciting opportunity for a recent graduate looking to begin a career in artificial intelligence, data, or technology. As a Junior AI Operations Assistant, you will support the development, testing, and day-to-day operation of AI systems by preparing data, evaluating AI-generated outputs, documenting processes, and collaborating w…",https://www.adzuna.co.uk/jobs/land/ad/5794473227?se=ODLCoA6G8RGa14EqyXoy-w&utm_medium=api&utm_source=c0698c3f&v=E3DB813C29E788629CAD34787E31C39FDDEFEFA9,machine learning engineer,Manchester
5724618276,Senior Software Engineer – Data Management Platform,Roku,"Manchester, Greater Manchester","UK, North West England, Greater Manchester, Manchester",46106.2,46106.2,1,,,Engineering Jobs,2026-05-09T22:23:06Z,"Teamwork makes the stream work. Roku is changing how the world watches TV Roku is the 1 TV streaming platform in the U.S., Canada, and Mexico, and we've set our sights on powering every television in the world. Roku pioneered streaming to the TV. Our mission is to be the TV streaming platform that connects the entire TV ecosystem. We connect consumers to the content they love, enable content publishers to build and monetize large audiences, and provide advertisers unique capabilities to engage …",https://www.adzuna.co.uk/jobs/details/5724618276?utm_medium=api&utm_source=c0698c3f,machine learning engineer,Manchester
5810896957,Backend Software Engineer - eDV Cleared,Searchability NS&D,"Manchester, Greater Manchester","UK, North West England, Greater Manchester, Manchester",40000,75000,0,permanent,full_time,IT Jobs,2026-07-22T14:21:58Z,"Software Engineer - eDV Cleared New Opportunity in Manchester for Backend Developers who want to work on mission-critical, operational projects Can be based in Manchester, Bury, Harrogate Up to £75,000 Benefits Clearance bonus company bonus To apply, email:",https://www.adzuna.co.uk/jobs/land/ad/5810896957?se=LJnUoQ6G8RGa14EqyXoy-w&utm_medium=api&utm_source=c0698c3f&v=84145BC5B94930A03F488829A7A75B5ABEB84282,backend developer,Manchester
5786468920,"Principal Software Engineer Backend Technologies, Platform (UK Remote)","Turnitin, LLC","Manchester, Greater Manchester","UK, North West England, Greater Manchester, Manchester",76080.68,76080.68,1,,,IT Jobs,2026-07-03T07:52:10Z,"Job Description Turnitin is seeking a Principal Backend Engineer with a strong focus on backend development, particularly in Java and serverless architectures, combined with solid frontend experience. This role is ideal for engineers passionate about building scalable distributed systems, data modeling, and delivering high-performing, reliable software solutions for our award-winning educational platform. As a core contributor to our shared services team, you will play a key role in developing …",https://www.adzuna.co.uk/jobs/details/5786468920?utm_medium=api&utm_source=c0698c3f,backend developer,Manchester
5772766913,Web Developer Intern - Remote,Business Web Solutions,"Collyhurst, Manchester","UK, North West England, Greater Manchester, Manchester, Collyhurst",200,200,0,contract,,IT Jobs,2026-06-22T20:14:08Z,"This is a remote position. Job Overview We are looking for aspiring Web Developer Interns who want to gain practical experience in website development and design. This remote internship, lasting between 1 and 6 months, allows interns to work on real-world assignments while learning modern development tools and techniques. We are building a globally distributed intern community to support our long-term growth. Responsibilities Help design, develop, and update websites with a user-focused and mob…",https://www.adzuna.co.uk/jobs/details/5772766913?utm_medium=api&utm_source=c0698c3f,backend developer,Manchester
5808583300,Junior Integration Engineer,Mydentist,"Manchester, Greater Manchester","UK, North West England, Greater Manchester, Manchester",35142.61,35142.61,1,contract,full_time,IT Jobs,2026-07-21T01:05:34Z,"Your future, as a Junior Integration Engineer at mydentist Youll be joining our Transformation department within our office called Support Centre , which is in Greater Manchester (M26 1GG). The role is a 18 month FTC Full time hours Hybrid working arrangements Supportive and experienced team You will benefit from free onsite parking and Kearsley train station is just a short walk away With an onsite mini market shop and casual seating space inside and outside (for the sunnier days) Your future,…",https://www.adzuna.co.uk/jobs/details/5808583300?utm_medium=api&utm_source=c0698c3f,backend developer,Manchester
5799631141,Technical Consultant Python AWS SaaS,Client Server,"Manchester, Greater Manchester","UK, North West England, Greater Manchester, Manchester",80000,80000,0,,,IT Jobs,2026-07-14T08:40:06Z,"Technical Consultant / Developer (Python AWS SaaS) Manchester / WFH to £80k Do you enjoy owning technical projects and working directly with customers? Join a fast growing, profitable technology company that's transforming the legal sector with an innovative software platform that automates complex legal workflows and dramatically reduces manual effort. With rapid customer growth and a strong pipeline of greenfield projects, it's an exciting time to join. As a Technical Consultant, you'll take …",https://www.adzuna.co.uk/jobs/details/5799631141?utm_medium=api&utm_source=c0698c3f,backend developer,Manchester
5775175882,Lead Full Stack Software Engineer (Outside IR35),Morson Edge,"Manchester, Greater Manchester","UK, North West England, Greater Manchester, Manchester",130000,156000,0,contract,,IT Jobs,2026-06-24T21:43:35Z,"Location: Manchester (Predominantly Remote) Rate: Up to £600 per day Contract: Outside IR35 Duration: Initial 6 months with extension potential I'm seeking an experienced contract Lead Full Stack Software Engineer to join a high-performing technology team delivering large-scale digital products. This is an exciting opportunity for a hands-on technical leader who enjoys driving engineering excellence while remaining actively involved in architecture, development, and delivery. Working within a m…",https://www.adzuna.co.uk/jobs/details/5775175882?utm_medium=api&utm_source=c0698c3f,backend developer,Manchester
5720899945,"Software Engineer, Platform - Manchester, United Kingdom",Speechify,"Manchester, Greater Manchester","UK, North West England, Greater Manchester, Manchester",49489.46,49489.46,1,,,IT Jobs,2026-05-06T21:51:57Z,"The mission of Speechify is to make sure that reading is never a barrier to learning. Over 50 million people use Speechify’s text-to-speech products to turn whatever they’re reading – PDFs, books, Google Docs, news articles, websites – into audio, so they can read faster, read more, and remember more. Speechify’s text-to-speech reading products include its iOS app, Android App, Mac App, Chrome Extension, and Web App. Google recently named Speechify the Chrome Extension of the Year and Apple nam…",https://www.adzuna.co.uk/jobs/details/5720899945?utm_medium=api&utm_source=c0698c3f,backend developer,Manchester
5749577975,Full Stack Developer,Club L London,"Trafford Park, Manchester","UK, North West England, Greater Manchester, Manchester, Trafford Park",54226.95,54226.95,1,,,IT Jobs,2026-06-02T21:42:53Z,"About Us Club L London is the next-generation online fashion retailer for the forward-thinking woman. Conceptualised and crafted in-house and abroad, we specialise in accessible luxury and designs of unrivalled quality that flatter all figures. From prom to occasion, maternity, bridal, and beyond, we deliver an elevated shopping experience that connects our global community of trend-setting consumers, influencers, and content creators with fresh collections dropping weekly. The Role We are look…",https://www.adzuna.co.uk/jobs/details/5749577975?utm_medium=api&utm_source=c0698c3f,backend developer,Manchester
5696594589,Senior Software Engineer,Mark43,"Manchester, Greater Manchester","UK, North West England, Greater Manchester, Manchester",57062.61,57062.61,1,,,Engineering Jobs,2026-04-11T11:16:57Z,"Applicants must be authorized to work for any employer in the country in which the role is being hired. We are unable to sponsor or take over sponsorship of an employment visa at this time. About Mark43 Mark43 empowers communities and their governments with technology that improves safety and quality of life. We build modern, resilient software that first responders and public safety agencies depend on in their most critical moments. We are looking for an experienced Senior Software Engineer – …",https://www.adzuna.co.uk/jobs/details/5696594589?utm_medium=api&utm_source=c0698c3f,backend developer,Manchester
5776007734,Senior Software Engineer - DV Cleared,Searchability  Ltd,"Manchester, Greater Manchester","UK, North West England, Greater Manchester, Manchester",66611.61,66611.61,1,permanent,full_time,IT Jobs,2026-06-25T10:25:19Z,"Senior Software Engineer Location: Manchester or Gloucester Clearance: Must hold DV clearance To Apply: Email poppy.coutts@searchability.com The Opportunity We are seeking an experienced Senior Software Engineer to join a specialist engineering team delivering mission-critical software solutions within a highly secure environment. Working as part of a cross-functional Agile team, you will contribute to the design, development, deployment and continuous improvement of enterprise-grade applicatio…",https://www.adzuna.co.uk/jobs/details/5776007734?utm_medium=api&utm_source=c0698c3f,backend developer,Manchester
5795617744,Senior Software Engineer - UK,Disco,"Manchester, Greater Manchester","UK, North West England, Greater Manchester, Manchester",90,114,0,,full_time,IT Jobs,2026-07-10T13:37:42Z,"⚖️ About Us DISCO is shaping the future of litigation with a unique combination of cutting-edge technology and expert professional services, designed to handle the most complex legal matters. Our award winning, cloud native platform empowers legal teams to instantly process, collect, and search through millions of documents for relevant case data. The documents are heterogeneous, comprising of email archives, chat exports, audio, video, and native office files. Our customers, often handling sen…",https://www.adzuna.co.uk/jobs/details/5795617744?utm_medium=api&utm_source=c0698c3f,backend developer,Manchester
5779211754,Developer,NCC Group,"Hulme, Manchester","UK, North West England, Greater Manchester, Manchester, Hulme",63859.69,63859.69,1,,full_time,IT Jobs,2026-06-27T16:31:04Z,"NCC’s Threat Intelligence engineering team is looking for a Developer to support analysts and engineers in delivering a world-class cyber threat intelligence capability. This role will do so by building, deploying, securing, monitoring, and maintaining application extensions, automations, and auxiliary tooling for our primary Threat Intelligence platforms. Key Responsibilities Building, deploying, securing, monitoring, and maintaining our existing Python application extensions and CLI tooling C…",https://www.adzuna.co.uk/jobs/details/5779211754?utm_medium=api&utm_source=c0698c3f,backend developer,Manchester
5583026690,Lead Software Engineer,Northrop Grumman,"Manchester, Greater Manchester","UK, North West England, Greater Manchester, Manchester",72345.53,72345.53,1,,,IT Jobs,2026-01-13T21:21:50Z,"UK CITIZENSHIP REQUIRED FOR THIS POSITION: Yes RELOCATION ASSISTANCE: Relocation assistance may be available CLEARANCE TYPE: UK-Highest Level of Government Clearance TRAVEL: Yes, 10% of the Time Salary: £55,700 - £83,500 Define Possible at Northrop Grumman UK At Northrop Grumman UK, our mission is to solve the most complex challenges by shaping the technology and solutions of tomorrow. We call it Defining Possible. This mind-set goes beyond our customer solutions; it's the foundation for your c…",https://www.adzuna.co.uk/jobs/details/5583026690?utm_medium=api&utm_source=c0698c3f,backend developer,Manchester
5792251867,CONTRACT (AGENTIC) AI / BACK-END ENGINEER (OUTSIDE IR35),Searchability  Ltd,"Manchester, Greater Manchester","UK, North West England, Greater Manchester, Manchester",76174.34,76174.34,1,contract,full_time,IT Jobs,2026-07-08T10:46:00Z,"CONTRACT AI BACKEND ENGINEER (OUTSIDE IR35) Agentic AI | Claude Code | GitHub Copilot | C# / .NET | AI Engineering | Outside IR35 Hybrid Working (2 Days Onsite in Greater Manchester) £500 - £580 Per Day Outside IR35 Initial 3 Month Contract CONTRACT AI BACKEND ENGINEER We're looking for an experienced AI Backend Engineer to join a forward-thinking engineering team where Agentic AI is becoming a core part of software delivery . Strong commercial experience with C# and .NET remains essential , bu…",https://www.adzuna.co.uk/jobs/details/5792251867?utm_medium=api&utm_source=c0698c3f,backend developer,Manchester
5778446275,Engineering Manager (Golang),Adria Solutions,"Manchester, Greater Manchester","UK, North West England, Greater Manchester, Manchester",100000,100000,0,permanent,,IT Jobs,2026-06-27T03:00:44Z,"Engineering Manager (Golang) Lead High-Performing Golang Engineering Teams Our client, a fast-growing and innovative technology organisation based in Greater Manchester, is looking for an experienced Engineering Manager (Golang) to lead and develop high-performing Agile engineering teams. This is a fantastic opportunity for a hands-on leader who still enjoys working with code, while also taking ownership of team delivery, technical direction, and engineering excellence within a modern cloud-nat…",https://www.adzuna.co.uk/jobs/details/5778446275?utm_medium=api&utm_source=c0698c3f,backend developer,Manchester
5800879904,AI Engineer - Financial Services Consulting,Datatech Analytics,"Manchester, Greater Manchester","UK, North West England, Greater Manchester, Manchester",69111.24,69111.24,1,,,IT Jobs,2026-07-15T08:45:51Z,"AI Engineer - FS Consulting Manchester Want to build AI that actually ships? A leading consulting and technology firm is hiring AI Engineers and Technical AI Leaders in London (hybrid) to deliver production-grade AI across banking, risk, fraud and enterprise platforms. Roles available from Engineer through to Senior Manager. What you'll do Design and build AI-enabled platforms and intelligent workflows using large language models (LLMs), retrieval-augmented generation (RAG) pipelines and embedd…",https://www.adzuna.co.uk/jobs/details/5800879904?utm_medium=api&utm_source=c0698c3f,backend developer,Manchester
5791206205,Java Full Stack Engineer,83zero Ltd,"Rusholme, Manchester","UK, North West England, Greater Manchester, Manchester, Rusholme",45000,55000,0,permanent,full_time,IT Jobs,2026-07-07T19:15:58Z,"Java Full Stack Engineer - Consultant Salary: £45,000 - £55,000 plus benefits, perks, and healthcare options! Job type: Permanent | Hybrid (1-2 days per week) | Occasional travel to client sites Security Clearance: Must be SC eligible Base locations: London, Manchester or GlasgowOverview We're looking for a Java Full Stack Engineer with strong backend and frontend development experience to join a team delivering innovative digital solutions for enterprise clients. You'll work on digital transfo…",https://www.adzuna.co.uk/jobs/land/ad/5791206205?se=LJnUoQ6G8RGa14EqyXoy-w&utm_medium=api&utm_source=c0698c3f&v=FE1BD2079D3483F865C64E1A1AB375D5AB7654C1,backend developer,Manchester
5804856077,Full Stack .NET Engineer,83zero Ltd,"Rusholme, Manchester","UK, North West England, Greater Manchester, Manchester, Rusholme",45000,70000,0,permanent,full_time,IT Jobs,2026-07-17T13:43:15Z,"NET Full Stack Engineer - Consultant/Senior Consultant Salary: £45,000 - £70,000 plus benefits, perks, and healthcare options! Job type: Permanent | Hybrid (1-2 days per week) | Occasional travel to client sites Security Clearance: Must be SC eligible Base locations: London, Manchester, Newcastle or Glasgow Overview We're looking for a .NET Full Stack Engineer with strong backend and frontend development experience to join a team delivering innovative digital solutions for enterprise clients. Y…",https://www.adzuna.co.uk/jobs/land/ad/5804856077?se=LJnUoQ6G8RGa14EqyXoy-w&utm_medium=api&utm_source=c0698c3f&v=53F9005595F228D8C62A4042581B8747E374E9A9,backend developer,Manchester
5791206367,Senior Java Full Stack Engineer,83zero Ltd,"Rusholme, Manchester","UK, North West England, Greater Manchester, Manchester, Rusholme",60000,70000,0,permanent,full_time,IT Jobs,2026-07-07T19:16:20Z,"Java Full Stack Engineer - Senior Consultant Salary: £60,000 - £70,000 plus benefits, perks, and healthcare options! Job type: Permanent | Hybrid (1-2 days per week) | Occasional travel to client sites Security Clearance: Must be SC eligible Base locations: London, Manchester or GlasgowOverview We're looking for a Java Full Stack Engineer with strong backend and frontend development experience to join a team delivering innovative digital solutions for enterprise clients. You'll work on digital …",https://www.adzuna.co.uk/jobs/land/ad/5791206367?se=LJnUoQ6G8RGa14EqyXoy-w&utm_medium=api&utm_source=c0698c3f&v=00A3EB2ED2B6D3AC61F0CC683CF475E566FA092F,backend developer,Manchester
5805473805,Full Stack .NET Engineer,83zero Limited,"Manchester, Greater Manchester","UK, North West England, Greater Manchester, Manchester",70000,70000,0,permanent,,IT Jobs,2026-07-18T00:47:54Z,".NET Full Stack Engineer - Consultant/Senior Consultant Salary: £45,000 - £70,000 plus benefits, perks, and healthcare options! Job type: Permanent | Hybrid (1-2 days per week) | Occasional travel to client sites Security Clearance: Must be SC eligible Base locations: London, Manchester, Newcastle or Glasgow Overview We're looking for a .NET Full Stack Engineer with strong backend and frontend development experience to join a team delivering innovative digital solutions for enterprise clients. …",https://www.adzuna.co.uk/jobs/details/5805473805?utm_medium=api&utm_source=c0698c3f,backend developer,Manchester
5791473563,Java Full Stack Engineer,83zero Limited,"Manchester, Greater Manchester","UK, North West England, Greater Manchester, Manchester",55000,55000,0,permanent,,IT Jobs,2026-07-07T23:20:36Z,"Java Full Stack Engineer - Consultant Salary: £45,000 - £55,000 plus benefits, perks, and healthcare options! Job type: Permanent | Hybrid (1-2 days per week) | Occasional travel to client sites Security Clearance: Must be SC eligible Base locations: London, Manchester or Glasgow Overview We're looking for a Java Full Stack Engineer with strong backend and frontend development experience to join a team delivering innovative digital solutions for enterprise clients. You'll work on digital transf…",https://www.adzuna.co.uk/jobs/details/5791473563?utm_medium=api&utm_source=c0698c3f,backend developer,Manchester
5791474492,Senior Java Full Stack Engineer,83zero Limited,"Manchester, Greater Manchester","UK, North West England, Greater Manchester, Manchester",70000,70000,0,permanent,,IT Jobs,2026-07-07T23:23:44Z,"Java Full Stack Engineer - Senior Consultant Salary: £60,000 - £70,000 plus benefits, perks, and healthcare options! Job type: Permanent | Hybrid (1-2 days per week) | Occasional travel to client sites Security Clearance: Must be SC eligible Base locations: London, Manchester or Glasgow Overview We're looking for a Java Full Stack Engineer with strong backend and frontend development experience to join a team delivering innovative digital solutions for enterprise clients. You'll work on digital…",https://www.adzuna.co.uk/jobs/details/5791474492?utm_medium=api&utm_source=c0698c3f,backend developer,Manchester
5321431995,Senior AI Integration Engineer,MONY Group,"Manchester, Greater Manchester","UK, North West England, Greater Manchester, Manchester",60959.69,60959.69,1,,full_time,IT Jobs,2025-07-25T11:03:32Z,"At MONY Group , we’ve spent the last 30 years making it easier for people to save on their household bills, growing beyond comparison to support multiple areas of daily spending. As technology evolves, then so, do we. Looking at ways that we can improve our products and services to help our users to save more than ever before. Our work is fast-paced, collaborative, and constantly evolving – just like our teams that power it. We are looking for a talented AI Integration Engineer to join our grow…",https://www.adzuna.co.uk/jobs/details/5321431995?utm_medium=api&utm_source=c0698c3f,backend developer,Manchester
5800334411,Software Engineer - Property Platform,Awaze,"Hulme, Manchester","UK, North West England, Greater Manchester, Manchester, Hulme",48309.71,48309.71,1,,,Engineering Jobs,2026-07-14T22:41:55Z,"Software Engineer – Property Platform At Awaze we're simplifying and modernizing the way property information flows across our business. As part of our Property Platform team you'll help build the services that power our websites, apps and internal platforms, ensuring accurate, reliable and scalable property data is available wherever it's needed. Working within a cross-functional product team, you'll help evolve the APIs, services and data pipelines that sit at the heart of our Property domain…",https://www.adzuna.co.uk/jobs/details/5800334411?utm_medium=api&utm_source=c0698c3f,backend developer,Manchester
5805929185,"Chatbot Developer (WhatsApp, Telegram, Discord) - Freelance",Mindrift,"Manchester, Greater Manchester","UK, North West England, Greater Manchester, Manchester",100468.84,100468.84,1,contract,part_time,IT Jobs,2026-07-18T08:59:56Z,"Mindrift is looking for skilled Bot Developers (WhatsApp Business API, Telegram Bot API, Discord API) to join the Tendem project ( https://tendem.ai/ ) and build conversational bots and messaging-platform integrations within our hybrid AI human environment. In this role, as an AI Pilot – that's how we refer to this position at Mindrift – you'll collaborate with Tendem Agents that handle repetitive tasks, while you provide bot engineering expertise, conversational design judgment, and quality c…",https://www.adzuna.co.uk/jobs/details/5805929185?utm_medium=api&utm_source=c0698c3f,backend developer,Manchester
5773190157,Senior Software Engineer (.NET/AWS),Daniel James Resourcing Ltd,"Manchester, Greater Manchester","UK, North West England, Greater Manchester, Manchester",130000,143000,0,contract,,IT Jobs,2026-06-23T05:39:50Z,"Contract: £500/day Inside IR35 Location: Manchester (1-2 days per week onsite) Duration: 6 month initial contract We're looking for a Senior Software Engineer to join a team delivering a major modernisation programme across a large-scale operational platform. The focus of the role is helping transform a legacy .NET Framework monolith into a cloud-native AWS architecture, building modern microservices, event-driven services and scalable APIs while improving engineering practices across the softw…",https://www.adzuna.co.uk/jobs/details/5773190157?utm_medium=api&utm_source=c0698c3f,backend developer,Manchester
5776463236,Senior Software Engineer,Raytheon,"Manchester, Greater Manchester","UK, North West England, Greater Manchester, Manchester",42112.5,42112.5,1,permanent,full_time,IT Jobs,2026-06-25T17:45:58Z,"Raytheon UK have a full time, perm opportunity for a Senior Software Engineer to join our specialist teams in Manchester, Gloucester or London working fully onsite. As Senior Software Engineer, youll be part of our experienced Software Engineering function, working in a cross-functional team, delivering and deploying critical software across a variety of business areas. We have opportunities for Software Engineers at every level within a team, so your Recruiter will discuss the great opportunit…",https://www.adzuna.co.uk/jobs/details/5776463236?utm_medium=api&utm_source=c0698c3f,backend developer,Manchester
5777966409,Engineering Manager (Golang),Adria Solutions,"Manchester, Greater Manchester","UK, North West England, Greater Manchester, Manchester",80000,110000,0,permanent,full_time,IT Jobs,2026-06-26T18:36:31Z,"Engineering Manager (Golang) Lead High-Performing Golang Engineering Teams Our client, a fast-growing and innovative technology organisation based in Greater Manchester, is looking for an experienced Engineering Manager (Golang) to lead and develop high-performing Agile engineering teams. This is a fantastic opportunity for a hands-on leader who still enjoys working with code, while also taking ownership of team delivery, technical direction, and engineering excellence within a modern cloud-nat…",https://www.adzuna.co.uk/jobs/land/ad/5777966409?se=LJnUoQ6G8RGa14EqyXoy-w&utm_medium=api&utm_source=c0698c3f&v=A4C80191EF0DD792C83DBF249821A0A4BC093A02,backend developer,Manchester
5785392347,Engineering Manager (Golang),Adria Solutions Ltd,"Rusholme, Manchester","UK, North West England, Greater Manchester, Manchester, Rusholme",80000,110000,0,,full_time,IT Jobs,2026-07-02T12:47:53Z,"Engineering Manager (Golang) Lead High-Performing Golang Engineering Teams Our client, a fast-growing and innovative technology organisation based in Greater Manchester, is looking for an experienced Engineering Manager (Golang) to lead and develop high-performing Agile engineering teams. This is a fantastic opportunity for a hands-on leader who still enjoys working with code, while also taking ownership of team delivery, technical direction, and engineering excellence within a modern cloud-nat…",https://www.adzuna.co.uk/jobs/land/ad/5785392347?se=LJnUoQ6G8RGa14EqyXoy-w&utm_medium=api&utm_source=c0698c3f&v=2B565496510F98DE2EBE36933A40A83E6C05DA64,backend developer,Manchester
5781382258,"Senior Python Software Engineer - To £75,000",Morson Edge,"Manchester, Greater Manchester","UK, North West England, Greater Manchester, Manchester",65000,65000,0,permanent,full_time,IT Jobs,2026-06-29T21:45:49Z,"Job Title: Senior Python Software Engineer Job Type: Full-time, permanent, Manchester Salary: Up to £75,000 10% Bonus About the business This Manchester based organisation are one of the UK's fastest-growing AI scale up comany's who are on a mission to beacome the market leader in both their specilaist B2B and B2C offerings. They build internal scalable, cutting-edge AI technology that powers a niche area to be the best that it can be. Join them to work on high-impact projects in a collaborati…",https://www.adzuna.co.uk/jobs/details/5781382258?utm_medium=api&utm_source=c0698c3f,backend developer,Manchester
5776440696,Systems Development Manager - GammaLabs,Gamma,"Manchester, Greater Manchester","UK, North West England, Greater Manchester, Manchester",66579.79,66579.79,1,,,IT Jobs,2026-06-25T16:42:12Z,"A bit about us At Gamma, we’re more than just a leader in Unified Communications as a Service (UCaaS). We’re a fast-moving technology organisation delivering innovative voice, data, and mobile solutions across Europe. Our product and service portfolio is at the heart of what we do — powering reliable, scalable communications for thousands of businesses. Behind the scenes, our engineering teams design, build, and maintain the software systems that generate real business impact. We combine the ag…",https://www.adzuna.co.uk/jobs/details/5776440696?utm_medium=api&utm_source=c0698c3f,backend developer,Manchester
5731348880,Backend Engineer,WPP Media WPP,"Manchester, Greater Manchester","UK, North West England, Greater Manchester, Manchester",32411.25,32411.25,1,,,IT Jobs,2026-05-16T13:01:41Z,"About WPP Media WPP is the trusted growth partner for the world’s leading brands. With exceptional talent, trusted data and intelligence, and world-class partnerships – all united by our pioneering agentic marketing platform, WPP Open – we help clients navigate change, capture opportunity, and deliver transformational growth. WPP Media is WPP's AI-driven media operating unit, bringing together media, data, and partnerships to deliver creative personalisation at scale. Connected through WPP Open…",https://www.adzuna.co.uk/jobs/details/5731348880?utm_medium=api&utm_source=c0698c3f,backend developer,Manchester
5789851692,Frontend Developer - React,Adria Solutions,"Manchester, Greater Manchester","UK, North West England, Greater Manchester, Manchester",50000,65000,0,permanent,full_time,IT Jobs,2026-07-06T11:36:12Z,"Frontend Developer - South Manchester Build the Future of Digital Finance Our client is an ambitious and fast-growing financial services business using technology to transform the lending experience for businesses and customers. Their mission is to simplify complex financial processes through intuitive digital products, automation, and intelligent technology. As part of their continued growth, our client is looking for an experienced Frontend Developer to join their technology team and play a p…",https://www.adzuna.co.uk/jobs/land/ad/5789851692?se=cGzaog6G8RGbGoMv58FbYQ&utm_medium=api&utm_source=c0698c3f&v=FE756E200B6F72A27C8B9B6B3F2B99A9882E513D,frontend developer,Manchester
5789883576,Frontend Developer - React,Adria Solutions Ltd,"Rusholme, Manchester","UK, North West England, Greater Manchester, Manchester, Rusholme",50000,65000,0,,full_time,IT Jobs,2026-07-06T13:09:14Z,"Frontend Developer - South Manchester Build the Future of Digital Finance Our client is an ambitious and fast-growing financial services business using technology to transform the lending experience for businesses and customers. Their mission is to simplify complex financial processes through intuitive digital products, automation, and intelligent technology. As part of their continued growth, our client is looking for an experienced Frontend Developer to join their technology team and play a p…",https://www.adzuna.co.uk/jobs/land/ad/5789883576?se=cGzaog6G8RGbGoMv58FbYQ&utm_medium=api&utm_source=c0698c3f&v=88D14D731D66C257781DD8D6738FC8A12947D3B6,frontend developer,Manchester
5789968163,Frontend Developer - React,Adria Solutions,"Manchester, Greater Manchester","UK, North West England, Greater Manchester, Manchester",61005.64,61005.64,1,,,IT Jobs,2026-07-06T15:06:19Z,"Frontend Developer - South Manchester Build the Future of Digital Finance Our client is an ambitious and fast-growing financial services business using technology to transform the lending experience for businesses and customers. Their mission is to simplify complex financial processes through intuitive digital products, automation, and intelligent technology. As part of their continued growth, our client is looking for an experienced Frontend Developer to join their technology team and play a p…",https://www.adzuna.co.uk/jobs/details/5789968163?utm_medium=api&utm_source=c0698c3f,frontend developer,Manchester
5793647844,Frontend Development Internship,Arabian Private Holdings,"Hulme, Manchester","UK, North West England, Greater Manchester, Manchester, Hulme",40681.21,40681.21,1,contract,full_time,IT Jobs,2026-07-09T03:49:42Z,About the role The firm is currently supporting a Manchester-based infrastructure client with an ongoing engagement regarding its portfolio and governance. This internship exists to aid in the creation and maintenance of frontend interfaces that present complex data to these stakeholders. It is a necessary function to ensure our technical deliverables match the precision and clarity of our strategic advice. About Arabian Private Holdings Arabian Private Holdings operates on the foundation that …,https://www.adzuna.co.uk/jobs/details/5793647844?utm_medium=api&utm_source=c0698c3f,frontend developer,Manchester
5804707603,Frontend Developer - React,Adria Solutions Ltd,"Ardwick, Manchester","UK, North West England, Greater Manchester, Manchester, Ardwick",50000,65000,0,,full_time,IT Jobs,2026-07-17T10:45:37Z,"Salary: £50,000 - 65,000 per year Requirements: Commercial experience developing applications with React. Strong experience using Supabase. Experience deploying applications with Vercel. Solid understanding of API integration and development. Experience working with SQL databases. Knowledge of Playwright or similar testing frameworks. Experience with Python. Strong communication skills and the ability to thrive in a fast-paced, collaborative environment. Experience working with AI technologies,…",https://www.adzuna.co.uk/jobs/details/5804707603?utm_medium=api&utm_source=c0698c3f,frontend developer,Manchester
5796297464,Senior Frontend Developer (React Native),Spliit LTD,"Manchester, Greater Manchester","UK, North West England, Greater Manchester, Manchester",90000,90000,0,,,IT Jobs,2026-07-11T00:34:49Z,"Spliit is a Manchester-based fintech building modern financial products that help customers manage their money smarter. We are a small, ambitious global team where engineers have direct ownership of what they ship and a real say in how the platform evolves. As we scale, we are growing our core product engineering team and looking for people who care about quality, pace, and building something that lasts. The Role We are looking for a senior frontend developer to lead the build of our customer-f…",https://www.adzuna.co.uk/jobs/details/5796297464?utm_medium=api&utm_source=c0698c3f,frontend developer,Manchester
5731345445,Senior Software Engineer (.NET),CreateFuture,"Manchester, Greater Manchester","UK, North West England, Greater Manchester, Manchester",61382.52,61382.52,1,,,IT Jobs,2026-05-16T12:47:55Z,"Job Description Role: Senior Engineer (.NET, AWS & AI Engineering) Department: Engineering CreateFuture is an AI-native consulting partner where people do work that matters and are supported to do it well. We work side by side with our clients, challenging what’s not working and helping them to build the future. We work alongside organisations such as PayPal, adidas, NatWest, FanDuel, and Money Saving Expert, building digital products and services that make a difference while always putting peo…",https://www.adzuna.co.uk/jobs/details/5731345445?utm_medium=api&utm_source=c0698c3f,frontend developer,Manchester
5810897509,Software Engineering Lead (Full Sack),Robert Walters,"Manchester, Greater Manchester","UK, North West England, Greater Manchester, Manchester",70000,80000,0,permanent,full_time,IT Jobs,2026-07-22T14:23:08Z,"Robert Walters is working in partnership with a national leading software solutions provider. They are seeking a Software Engineering Lead (Full Sack). They are recognised as market leaders at the forefront of innovation, transforming industries through cutting-edge solutions. They ensure their solutions redefine how businesses operate by delivering smarter and more efficient systems, all driven by bespoke software and products. Due to a large-scale digital transformation, they are keen to appo…",https://www.adzuna.co.uk/jobs/land/ad/5810897509?se=cGzaog6G8RGbGoMv58FbYQ&utm_medium=api&utm_source=c0698c3f&v=E314E8960584ADF5CA947D96175291A0B95B74EB,frontend developer,Manchester
5767555645,Founding Software Engineer,Adria Solutions,"Manchester, Greater Manchester","UK, North West England, Greater Manchester, Manchester",100000,100000,0,,,IT Jobs,2026-06-18T05:29:54Z,"Founding Engineer (React Native) ? Future Head of Engineering / CTO Location: Manchester (Hybrid Working) Salary: Competitive Equity Potential We're partnering with an ambitious, high-growth startup that is looking for a Founding Engineer to help shape both the product and the future of the business. This is a rare opportunity for an experienced React Native Engineer who wants to move beyond being ""just another developer"" and play a pivotal role in building a company from the ground up. You'll…",https://www.adzuna.co.uk/jobs/details/5767555645?utm_medium=api&utm_source=c0698c3f,frontend developer,Manchester
5809516939,Contract Typescript Engineer,Morson Edge,"Manchester, Greater Manchester","UK, North West England, Greater Manchester, Manchester",97500,110500,0,contract,,IT Jobs,2026-07-21T16:40:47Z,"Contract Typescript Engineer - Up to £425 p/d - Outside IR35 - Remote We are seeking a Contract Typescript Engineer to join a greenfield project with a strong frontend focus. The role centres on developing scalable, performant user interfaces using React and Next.js, while also integrating with AWS services such as Lambda, DynamoDB, and S3. This is an excellent opportunity to work on a cloud-native stack with a focus on frontend technologies, contributing to the design and delivery of new featu…",https://www.adzuna.co.uk/jobs/details/5809516939?utm_medium=api&utm_source=c0698c3f,frontend developer,Manchester
5801154729,"Software Engineer – React, JavaScript, Frontend",PeopleWorks,"Hulme, Manchester","UK, North West England, Greater Manchester, Manchester, Hulme",9100,162500,0,contract,,IT Jobs,2026-07-15T13:38:41Z,"Software Engineer – React, JavaScript, Frontend Contract: Until 31 December 2026 Location: Manchester – Office based 4 days a week, 1 day Remote Rate: £625 per Day – Inside IR35 The banking and finance arm of one of the world’s leading engineering companies and a household name is seeking a Frontend, React, JavaScript Software Engineer, Software Developer This role will be for a frontend software engineer who is experienced in their field. The individual will be working within a single team ass…",https://www.adzuna.co.uk/jobs/land/ad/5801154729?se=cGzaog6G8RGbGoMv58FbYQ&utm_medium=api&utm_source=c0698c3f&v=664D5A68B9A0191D133210ED4D448F842BA694CC,frontend developer,Manchester
5801354199,"Software Engineer React, JavaScript, Frontend",PeopleWorks Consultancy Limited,"Manchester, Greater Manchester","UK, North West England, Greater Manchester, Manchester",9100,162500,0,contract,,IT Jobs,2026-07-15T16:35:54Z,"Software Engineer React, JavaScript, Frontend Contract: Until 31 December 2026 Location: Manchester Office based 4 days a week, 1 day Remote Rate: £625 per Day Inside IR35 The banking and finance arm of one of the worlds leading engineering companies and a household name is seeking a Frontend, React, JavaScript Software Engineer, Software Developer This role will be for a frontend software engineer who is experienced in their field. The individual will be working within a single team assisting …",https://www.adzuna.co.uk/jobs/details/5801354199?utm_medium=api&utm_source=c0698c3f,frontend developer,Manchester
5674168226,Senior Staff Front End Engineer,Matillion,"Manchester, Greater Manchester","UK, North West England, Greater Manchester, Manchester",76000,114000,0,,full_time,IT Jobs,2026-03-21T10:19:12Z,"Are you ready to shape the future of data? Matillion is the company behind Maia , the AI Data Automation platform. In the AI economy, demand for data is exploding. Manual data engineering can’t keep up. Maia fixes that by combining 15 years of data expertise with agentic AI to eliminate the manual work that slows data teams down. Organisations like Cisco, DocuSign, and Slack are already using it to deliver real business impact, faster. We started in Manchester and now we’re global - with teams …",https://www.adzuna.co.uk/jobs/details/5674168226?utm_medium=api&utm_source=c0698c3f,frontend developer,Manchester
5750345510,Mid-Level Software Engineer,Maxcontact,"Manchester, Greater Manchester","UK, North West England, Greater Manchester, Manchester",49806.74,49806.74,1,,,IT Jobs,2026-06-03T10:26:30Z,"We're the team behind the AI-powered customer engagement platform that's transforming how businesses connect with their customers - turning every conversation into a revenue-driving moment. Our platform helps contact centre teams achieve their goals through intelligent automation, predictive insights, and seamless customer experiences. We build technology that empowers people, not replaces them. ​We are proud of our reputation for combining cutting-edge tech with down-to-earth people, we have b…",https://www.adzuna.co.uk/jobs/details/5750345510?utm_medium=api&utm_source=c0698c3f,frontend developer,Manchester
5789988764,Full-Stack Developer,BNY,"Manchester, Greater Manchester","UK, North West England, Greater Manchester, Manchester",85754.05,85754.05,1,,,IT Jobs,2026-07-06T16:39:35Z,"hackajob is collaborating with BNY to connect them with exceptional professionals for this role. Full Stack Developer At BNY, our culture allows us to run our company better and enables employees’ growth and success. As a leading global financial services company at the heart of the global financial system, we influence nearly 20% of the world’s investible assets. Every day, our teams harness cutting-edge AI and breakthrough technologies to collaborate with clients, driving transformative solut…",https://www.adzuna.co.uk/jobs/land/ad/5789988764?se=TBXDow6G8RGa14EqyXoy-w&utm_medium=api&utm_source=c0698c3f&v=928A63397BC7DF1FF5CCD303332CB327D9EEB204,full stack developer,Manchester
5808397195,Full Stack Developer,Uniting Ambition,"Manchester, Greater Manchester","UK, North West England, Greater Manchester, Manchester",45000,55000,0,permanent,full_time,IT Jobs,2026-07-20T22:06:45Z,"Full Stack Developer | Customer-Facing Digital Products Manchester (Hybrid – 2 Days Per Week) Are you a Full Stack Developer looking to build products that are seen and used by thousands of people every day? We're working with a highly successful technology business seeking a developer to join a collaborative engineering team responsible for a range of customer-facing digital products, websites and content-driven platforms. This is a fantastic opportunity to work on features that go live quickl…",https://www.adzuna.co.uk/jobs/land/ad/5808397195?se=TBXDow6G8RGa14EqyXoy-w&utm_medium=api&utm_source=c0698c3f&v=9956158F5CAA2AA7476948CD30D145C383423DFA,full stack developer,Manchester
5799634496,Full Stack Developer,Ashdown Group,"Manchester, Greater Manchester","UK, North West England, Greater Manchester, Manchester",60000,60000,0,,,IT Jobs,2026-07-14T08:42:00Z,"A growing cloud communications tech company based in Manchester is seeking a talented Full Stack Developer with proven experience in building robust web applications and integrating communication APIs. The ideal candidate will be passionate about creating high quality software, thrive in a collaborative environment, and have a strong understanding of both front-end and back-end development. This role is perfect for someone whos excited about working with cutting edge cloud technologies and moti…",https://www.adzuna.co.uk/jobs/details/5799634496?utm_medium=api&utm_source=c0698c3f,full stack developer,Manchester
5807188288,Full Stack Developer,Freshfields,"Manchester, Greater Manchester","UK, North West England, Greater Manchester, Manchester",54188.33,54188.33,1,,,IT Jobs,2026-07-19T13:54:44Z,"Monthly Gross Salary Starting From: €2,400 We’re looking for a skilled and forward-thinking Full Stack Developer to join our Application Platforms team. This is a key role in shaping and supporting our Document Management System, where you’ll collaborate with product specialists, analysts, and stakeholders to deliver secure, scalable, and user-focused solutions aligned with our technology roadmap. What you’ll do Design, develop and maintain high-performing applications and integrations, includi…",https://www.adzuna.co.uk/jobs/details/5807188288?utm_medium=api&utm_source=c0698c3f,full stack developer,Manchester
5784657074,Senior Full Stack Developer - eSC/eDV Clearance,IBM,"Manchester, Greater Manchester","UK, North West England, Greater Manchester, Manchester",49532.76,49532.76,1,contract,,IT Jobs,2026-07-02T01:45:40Z,"Introduction At IBM Consulting UK FutureNow, you'll build a career at the forefront of hybrid cloud and AI, working with leading clients across the public and private sectors. You'll collaborate with top industry professionals, gain hands on experience with cutting edge technologies, and deliver solutions that create real business impact. From day one, you'll work on meaningful, high profile programmes that stretch your skills and accelerate your growth. We invest heavily in yousupporting conti…",https://www.adzuna.co.uk/jobs/details/5784657074?utm_medium=api&utm_source=c0698c3f,full stack developer,Manchester
5804709044,Senior Full Stack Developer C# / React / Azure,Infused Solutions Ltd,"Collyhurst, Manchester","UK, North West England, Greater Manchester, Manchester, Collyhurst",60000,70000,0,,full_time,IT Jobs,2026-07-17T10:45:43Z,"Salary: £60,000 - 70,000 per year Requirements: Proven full-stack experience with C# and modern JavaScript frameworks Hands-on experience with cloud-based deployments, preferably Azure Familiarity with CI/CD pipelines and version control, including Git and Azure DevOps Solid understanding of microservices and containerisation Knowledge of authentication and integration tools such as OAuth and JWT Excellent communication and problem-solving skills Bonus: experience with Kafka, RabbitMQ, or Azure…",https://www.adzuna.co.uk/jobs/details/5804709044?utm_medium=api&utm_source=c0698c3f,full stack developer,Manchester
5694400473,Java Full Stack Engineer with AI-driven development exposure - Vice President,BNY Mellon,"Manchester Science Park, Manchester","UK, North West England, Greater Manchester, Manchester, Manchester Science Park",90339.34,90339.34,1,,full_time,IT Jobs,2026-04-09T11:17:03Z,"Description Vice President - Java Full Stack Engineer with AI-driven development exposure At BNY, our culture allows us to run our company better and enables employees’ growth and success. As a leading global financial services company at the heart of the global financial system, we influence nearly 20% of the world’s investible assets. Every day, our teams harness cutting-edge AI and breakthrough technologies to collaborate with clients, driving transformative solutions that redefine industrie…",https://www.adzuna.co.uk/jobs/details/5694400473?utm_medium=api&utm_source=c0698c3f,full stack developer,Manchester
5779902951,"Senior Vice President, Full-Stack Engineer",BNY,"Manchester Science Park, Manchester","UK, North West England, Greater Manchester, Manchester, Manchester Science Park",82129.34,82129.34,1,,full_time,IT Jobs,2026-06-28T07:31:02Z,"Senior Vice President, Full-Stack Engineer At BNY, our culture allows us to run our company better and enables employees’ growth and success. As a leading global financial services company at the heart of the global financial system, we influence nearly 20% of the world’s investible assets. Every day, our teams harness cutting-edge AI and breakthrough technologies to collaborate with clients, driving transformative solutions that redefine industries and uplift communities worldwide. Recognized …",https://www.adzuna.co.uk/jobs/land/ad/5779902951?se=TBXDow6G8RGa14EqyXoy-w&utm_medium=api&utm_source=c0698c3f&v=932EDA846B7768493C372E3042E2BBE8963ED090,full stack developer,Manchester
5793314569,Fullstack Developer,Uniting Ambition,"Manchester, Greater Manchester","UK, North West England, Greater Manchester, Manchester",45000,55000,0,,full_time,IT Jobs,2026-07-08T23:02:39Z,"Full Stack Developer £40,000–£50,000 | Hybrid | Manchester Area Love building products that reach thousands of users? We're looking for a Full Stack Developer to join a collaborative engineering team developing high-traffic digital products used by a large and engaged audience. You'll work across the full stack, helping to deliver new features, improve user experiences, and build scalable solutions that go live quickly and make a real impact. Tech Stack .NET Go (training provided) Node.js JavaS…",https://www.adzuna.co.uk/jobs/land/ad/5793314569?se=TBXDow6G8RGa14EqyXoy-w&utm_medium=api&utm_source=c0698c3f&v=94F82FDE0CFDB8A10775F081AAFC2B31A1FCACB2,full stack developer,Manchester
5786344820,"Senior Vice President, Full-Stack Engineer",BNY,"Manchester Science Park, Manchester","UK, North West England, Greater Manchester, Manchester, Manchester Science Park",79944.07,79944.07,1,permanent,,IT Jobs,2026-07-03T04:38:49Z,"Senior Vice President, Full-Stack Engineer At BNY, our culture allows us to run our company better and enables employees growth and success. As a leading global financial services company at the heart of the global financial system, we influence nearly 20% of the worlds investible assets. Every day, our teams harness cutting-edge AI and breakthrough technologies to collaborate with clients, driving transformative solutions that redefine industries and uplift communities worldwide. Recognized as…",https://www.adzuna.co.uk/jobs/details/5786344820?utm_medium=api&utm_source=c0698c3f,full stack developer,Manchester
5789989385,"Director, Principal Engineer",BNY,"Manchester, Greater Manchester","UK, North West England, Greater Manchester, Manchester",98164.79,98164.79,1,,,IT Jobs,2026-07-06T16:39:41Z,"hackajob is collaborating with BNY to connect them with exceptional professionals for this role. Director, Principal Engineer At BNY, our culture allows us to run our company better and enables employees’ growth and success. As a leading global financial services company at the heart of the global financial system, we influence nearly 20% of the world’s investible assets. Every day, our teams harness cutting-edge AI and breakthrough technologies to collaborate with clients, driving transformati…",https://www.adzuna.co.uk/jobs/land/ad/5789989385?se=TBXDow6G8RGa14EqyXoy-w&utm_medium=api&utm_source=c0698c3f&v=4718A8832F73081B07E39B8DCC8DB69F6683FFB8,full stack developer,Manchester
5769182829,Senior Cloud Engineer - Azure AI,UBDS Group,"Manchester, Greater Manchester","UK, North West England, Greater Manchester, Manchester",65951.12,65951.12,1,,,IT Jobs,2026-06-19T09:59:54Z,"About the Role We are seeking a Senior Azure AI Engineer to join a multidisciplinary AI delivery team responsible for developing and deploying AI-powered solutions on Microsoft Azure. This role is suited to experienced engineers from a range of backgrounds, including AI Engineering, Data & Context Engineering, Application Engineering, Full Stack Development, and Cloud Engineering. We are looking for individuals with deep expertise in one or more of these areas and a willingness to collaborate a…",https://www.adzuna.co.uk/jobs/details/5769182829?utm_medium=api&utm_source=c0698c3f,full stack developer,Manchester
5789988723,"Senior Vice President, Full-Stack Engineer",BNY,"Manchester, Greater Manchester","UK, North West England, Greater Manchester, Manchester",85956.87,85956.87,1,,,IT Jobs,2026-07-06T16:39:34Z,"hackajob is collaborating with BNY to connect them with exceptional professionals for this role. Senior Vice President, Full-Stack Engineer - London At BNY, our culture allows us to run our company better and enables employees’ growth and success. As a leading global financial services company at the heart of the global financial system, we influence nearly 20% of the world’s investible assets. Every day, our teams harness cutting-edge AI and breakthrough technologies to collaborate with client…",https://www.adzuna.co.uk/jobs/land/ad/5789988723?se=TBXDow6G8RGa14EqyXoy-w&utm_medium=api&utm_source=c0698c3f&v=108F4322E0651B376950EBEA0BB55798E8E72AA7,full stack developer,Manchester
5752579964,Senior AWS Cloud Fullstack Developer - eSC or eDV Clearance Required,IBM,"Manchester, Greater Manchester","UK, North West England, Greater Manchester, Manchester",72682.45,72682.45,1,contract,,IT Jobs,2026-06-05T01:44:11Z,"Introduction At IBM Consulting UK FutureNow, you'll build a career at the forefront of hybrid cloud and AI, working with leading clients across the public and private sectors. You'll collaborate with top industry professionals, gain hands on experience with cutting edge technologies, and deliver solutions that create real business impact. From day one, you'll work on meaningful, high profile programmes that stretch your skills and accelerate your growth. We invest heavily in yousupporting conti…",https://www.adzuna.co.uk/jobs/details/5752579964?utm_medium=api&utm_source=c0698c3f,full stack developer,Manchester
5777965974,Full Stack Engineer,Fazer Recruitment,"Manchester, Greater Manchester","UK, North West England, Greater Manchester, Manchester",117000,117000,0,contract,,IT Jobs,2026-06-26T18:32:00Z,"Full Stack Contract Developer | 3 Months | Remote Outside IR35 · Day Rate: £450 pd · Start: ASAP A fast-moving tech business is looking for an experienced contract developer to join a small engineering team for a focused 3-month engagement. The work spans front-end development and a legacy database migration — a good mix of hands-on building and behind-the-scenes groundwork. The Project You'll be working on a platform rebuild and data migration, helping to modernise a legacy system and deliver …",https://www.adzuna.co.uk/jobs/land/ad/5777965974?se=TBXDow6G8RGa14EqyXoy-w&utm_medium=api&utm_source=c0698c3f&v=9DE079024633A6EE488428E7D09EA8B6CA0F0A36,full stack developer,Manchester
5780198992,"Senior Vice President, Full-Stack Engineer",BNY,"Rusholme, Manchester","UK, North West England, Greater Manchester, Manchester, Rusholme",83080.02,83080.02,1,,full_time,IT Jobs,2026-06-28T12:21:01Z,"Senior Vice President, Full-Stack Engineer At BNY, our culture allows us to run our company better and enables employees’ growth and success. As a leading global financial services company at the heart of the global financial system, we influence nearly 20% of the world’s investible assets. Every day, our teams harness cutting-edge AI and breakthrough technologies to collaborate with clients, driving transformative solutions that redefine industries and uplift communities worldwide. Recognized …",https://www.adzuna.co.uk/jobs/details/5780198992?utm_medium=api&utm_source=c0698c3f,full stack developer,Manchester
5701321455,"Senior Vice President, Full-Stack Engineer",BNY Mellon,"Hulme, Manchester","UK, North West England, Greater Manchester, Manchester, Hulme",145577.23,145577.23,1,,full_time,IT Jobs,2026-04-16T11:18:43Z,"Description Full Stack Engineer, Senior Vice President At BNY, our culture allows us to run our company better and enables employees’ growth and success. As a leading global financial services company at the heart of the global financial system, we influence nearly 20% of the world’s investible assets. Every day, our teams harness cutting-edge AI and breakthrough technologies to collaborate with clients, driving transformative solutions that redefine industries and uplift communities worldwide.…",https://www.adzuna.co.uk/jobs/details/5701321455?utm_medium=api&utm_source=c0698c3f,full stack developer,Manchester
5718270180,Technical Lead - eSC or eDV Clearance Required,IBM,"Manchester, Greater Manchester","UK, North West England, Greater Manchester, Manchester",71195.2,71195.2,1,contract,,IT Jobs,2026-05-04T01:12:27Z,"Introduction At IBM Consulting UK FutureNow, you'll build a career at the forefront of hybrid cloud and AI, working with leading clients across the public and private sectors. You'll collaborate with top industry professionals, gain hands on experience with cutting edge technologies, and deliver solutions that create real business impact. From day one, you'll work on meaningful, high profile programmes that stretch your skills and accelerate your growth. We invest heavily in you-supporting cont…",https://www.adzuna.co.uk/jobs/details/5718270180?utm_medium=api&utm_source=c0698c3f,full stack developer,Manchester
5789989767,"Senior Vice President, Full-Stack Engineer",BNY,"Manchester, Greater Manchester","UK, North West England, Greater Manchester, Manchester",102664.9,102664.9,1,,,IT Jobs,2026-07-06T16:39:45Z,"hackajob is collaborating with BNY to connect them with exceptional professionals for this role. Full Stack Engineer, Senior Vice President At BNY, our culture allows us to run our company better and enables employees’ growth and success. As a leading global financial services company at the heart of the global financial system, we influence nearly 20% of the world’s investible assets. Every day, our teams harness cutting-edge AI and breakthrough technologies to collaborate with clients, drivin…",https://www.adzuna.co.uk/jobs/land/ad/5789989767?se=TBXDow6G8RGa14EqyXoy-w&utm_medium=api&utm_source=c0698c3f&v=85278E76525A78335079E13C6A4110AB902FBF1A,full stack developer,Manchester
5808152821,.NET Developer,Noir,"Firswood, Manchester","UK, North West England, Greater Manchester, Manchester, Firswood",45000,70000,0,permanent,full_time,IT Jobs,2026-07-20T14:33:04Z,".NET Developer, .NET 10.0, C# 14 - Global Record Label - Salford (Tech stack: .NET Developer, .NET 10.0, ASP.NET Core, C# 14, Azure, Angular 21, Vue.js, TypeScript, Multithreading, RESTful, ASP.NET Core Web API, EF Core 10.0, Programmer, Full Stack Engineer, Architect, .NET Developer) We are pleased to announce that our client, one of the largest and most recognised brands within the music industry, is seeking .NET Developer to work out of their plush offices in the heart of Salford. You will b…",https://www.adzuna.co.uk/jobs/details/5808152821?utm_medium=api&utm_source=c0698c3f,full stack developer,Manchester
5808152733,.NET Developer,Noir,"Manchester, Greater Manchester","UK, North West England, Greater Manchester, Manchester",40000,60000,0,permanent,full_time,IT Jobs,2026-07-20T14:33:04Z,".NET Developer, .NET 10.0, C# 14 - Digital Download Site - Manchester (Tech stack: .NET Developer, .NET 10.0, ASP.NET Core, C# 14, Azure DevOps, Agile, Blazor, JavaScript, React, Multithreading, RESTful, ML.NET, Azure AI, Programmer, Full Stack Engineer, Architect, .NET Developer) With operations in over 20 countries our client has fast become a major player within the digital download arena. In addition to an award winning website they have launched mobile apps for the iPhone and Android marke…",https://www.adzuna.co.uk/jobs/details/5808152733?utm_medium=api&utm_source=c0698c3f,full stack developer,Manchester
5808152885,.NET Developer - Manchester,Noir,"Collyhurst, Manchester","UK, North West England, Greater Manchester, Manchester, Collyhurst",45000,50000,0,permanent,full_time,IT Jobs,2026-07-20T14:33:05Z,".NET Developer - Leading E-Book Firm - Manchester (Tech stack: .NET Developer, .NET 10.0, ASP.NET Core, C# 14, .NET Aspire, CI/CD, Azure DevOps, EF Core 10.0, Agile, HTML Living Standard, CSS Living Standard, Programmer, Full Stack Engineer, Architect, .NET Developer) Our client are a leading e-book firm who are on a mission to build the best reading experience, one that is both communal and personal, anytime, anywhere. Having recently opened their uber-chic offices in Manchester they are looki…",https://www.adzuna.co.uk/jobs/details/5808152885?utm_medium=api&utm_source=c0698c3f,full stack developer,Manchester
5795607262,"Vice President, Full-Stack Engineer",BNY Mellon,"Manchester Science Park, Manchester","UK, North West England, Greater Manchester, Manchester, Manchester Science Park",86863.83,86863.83,1,,full_time,IT Jobs,2026-07-10T13:29:21Z,"Description Vice President, Full-Stack Engineer We’re seeking a future team member for the role of Vice President, Full‑Stack Engineer to join our Trustee & Depositary (T&D) Engineering organization. This role is located in Manchester. In this role, you’ll make an impact in the following ways: Design, develop, test, and maintain end‑to‑end full‑stack applications using modern technologies, frameworks, and engineering best practices across the full software development lifecycle Actively contrib…",https://www.adzuna.co.uk/jobs/details/5795607262?utm_medium=api&utm_source=c0698c3f,full stack developer,Manchester
5808152760,.NET Developer,Noir,"Manchester, Greater Manchester","UK, North West England, Greater Manchester, Manchester",60000,80000,0,permanent,full_time,IT Jobs,2026-07-20T14:33:04Z,".NET Developer - Fintech Start-Up - Manchester (Tech stack: .NET Developer, .NET 10.0, ASP.NET Core, C# 14, Azure SQL, .NET MAUI, GitHub Copilot, Docker, Kubernetes, Microservices architecture, Angular 21, Vue.js, TypeScript, Programmer, Full Stack Engineer, Architect, .NET Developer) We have several fantastic new roles for .NET Developer to join an ambitious Fintech start-up. This is your chance to work with the sharpest minds in private wealth management and financial software development. Ou…",https://www.adzuna.co.uk/jobs/details/5808152760?utm_medium=api&utm_source=c0698c3f,full stack developer,Manchester
5808152737,.NET Developer,Noir,"Manchester, Greater Manchester","UK, North West England, Greater Manchester, Manchester",80000,100000,0,permanent,full_time,IT Jobs,2026-07-20T14:33:04Z,".NET Developer - Social Messaging Platform - Manchester (Tech stack: .NET Developer, .NET 10.0, ASP.NET Core, C# 14, Azure SQL, .NET MAUI, GitHub Copilot, Docker, Kubernetes, Microservices architecture, Angular 21, Vue.js, TypeScript, Programmer, Full Stack Engineer, Architect, .NET Developer) In 2012 our client launched a social messaging platform that has been taking the US by storm. After an extremely successful period our client has decided to hop across the Atlantic, in a bid to expand the…",https://www.adzuna.co.uk/jobs/details/5808152737?utm_medium=api&utm_source=c0698c3f,full stack developer,Manchester
5795787633,Lead Engineer,Ascent Resourcing Limited,"Manchester, Greater Manchester","UK, North West England, Greater Manchester, Manchester",70000,80000,0,permanent,full_time,IT Jobs,2026-07-10T17:45:03Z,"Lead Full Stack Engineer £70,000 - £80,000 Base Benefits Remote Based About the Role We’re looking for an experienced engineering leader who combines strong technical expertise with a proactive, ownership-driven mindset. As a Lead Engineer, you'll play a pivotal role within the Engineering team, providing technical leadership, influencing architectural direction, and setting high standards for engineering excellence. This is a hands-on leadership position where you'll work closely with the Dir…",https://www.adzuna.co.uk/jobs/land/ad/5795787633?se=TBXDow6G8RGa14EqyXoy-w&utm_medium=api&utm_source=c0698c3f&v=1D336909E608F511236899BE78B4B209833A6884,full stack developer,Manchester
5803314463,Lead Software Engineer,ASCENT PROFESSIONAL SERVICES LTD,"Manchester, Greater Manchester","UK, North West England, Greater Manchester, Manchester",80000,80000,0,,,IT Jobs,2026-07-16T16:39:26Z,"Lead Full Stack Engineer £70,000 - £80,000 Base Benefits Remote Based with occasional team meets in Manchester region. About the Role Were looking for an experienced engineering leader who combines strong technical expertise with a proactive, ownership-driven mindset. As a Lead Engineer, you'll play a pivotal role within the Engineering team, providing technical leadership, influencing architectural direction, and setting high standards for engineering excellence. This is a hands-on leadership…",https://www.adzuna.co.uk/jobs/details/5803314463?utm_medium=api&utm_source=c0698c3f,full stack developer,Manchester
5789989396,"Senior Vice President, Full-Stack Engineer",BNY,"Manchester, Greater Manchester","UK, North West England, Greater Manchester, Manchester",64678.66,64678.66,1,,,IT Jobs,2026-07-06T16:39:41Z,"hackajob is collaborating with BNY to connect them with exceptional professionals for this role. We’re seeking a future team member for the role of Java Full Stack Engineer with AI-driven development exposure to join our Conventional Trust Platform team. This role is located in Manchester . In this role, you’ll make an impact in the following ways: Define and execute the enterprise Java full stack technology strategy, aligned with business transformation goals. Champion AI driven development pr…",https://www.adzuna.co.uk/jobs/land/ad/5789989396?se=TBXDow6G8RGa14EqyXoy-w&utm_medium=api&utm_source=c0698c3f&v=6440114859C682F595FC2A594BA33E193376F45B,full stack developer,Manchester
5703524114,"Senior Specialist, Full-Stack Engineer",BNY Mellon,"Manchester Science Park, Manchester","UK, North West England, Greater Manchester, Manchester, Manchester Science Park",58139.59,58139.59,1,,full_time,IT Jobs,2026-04-18T11:16:34Z,"Description Senior Specialist, Full-Stack Engineer At BNY, our culture allows us to run our company better and enables employees’ growth and success. As a leading global financial services company at the heart of the global financial system, we influence nearly 20% of the world’s investible assets. Every day, our teams harness cutting-edge AI and breakthrough technologies to collaborate with clients, driving transformative solutions that redefine industries and uplift communities worldwide. Rec…",https://www.adzuna.co.uk/jobs/details/5703524114?utm_medium=api&utm_source=c0698c3f,full stack developer,Manchester
5781999854,.NET Developer,Noir,"Manchester, Greater Manchester","UK, North West England, Greater Manchester, Manchester",45000,70000,0,permanent,full_time,IT Jobs,2026-06-30T10:50:18Z,".NET Developer, .NET 10.0, C# 14 - Global Record Label - Salford (Tech stack: .NET Developer, .NET 10.0, ASP.NET Core, C# 14, Azure, Angular 21, Vue.js, TypeScript, Multithreading, RESTful, ASP.NET Core Web API, EF Core 10.0, Programmer, Full Stack Engineer, Architect, .NET Developer) We are pleased to announce that our client, one of the largest and most recognised brands within the music industry, is seeking .NET Developer to work out of their plush offices in the heart of Salford. You will b…",https://www.adzuna.co.uk/jobs/land/ad/5781999854?se=TBXDow6G8RGa14EqyXoy-w&utm_medium=api&utm_source=c0698c3f&v=D34A2ACE9C0B0B9EE3CE4202481DBDB289EC98DA,full stack developer,Manchester
5750342519,Senior Python Developer,NCC Group,"Hulme, Manchester","UK, North West England, Greater Manchester, Manchester, Hulme",67583.59,67583.59,1,,full_time,IT Jobs,2026-06-03T10:22:39Z,"An exciting opportunity to be one of the core team members of the Software Engineering team within NCC Group’s GMS division. You will be a development SME playing a key role in designing, delivering, and supporting high‑quality software solutions. This is a great opportunity to work on mission critical Cyber Security-related products and services, for one of the world’s leading practices. The role requires strong hands‑on expertise in Python along with a broad and deep understanding of modern c…",https://www.adzuna.co.uk/jobs/details/5750342519?utm_medium=api&utm_source=c0698c3f,full stack developer,Manchester
5789987700,"Senior Specialist, Full-Stack Engineer",BNY,"Manchester, Greater Manchester","UK, North West England, Greater Manchester, Manchester",43955,43955,1,,,IT Jobs,2026-07-06T16:39:20Z,"hackajob is collaborating with BNY to connect them with exceptional professionals for this role. Senior Specialist, Full-Stack Engineer At BNY, our culture allows us to run our company better and enables employees’ growth and success. As a leading global financial services company at the heart of the global financial system, we influence nearly 20% of the world’s investible assets. Every day, our teams harness cutting-edge AI and breakthrough technologies to collaborate with clients, driving tr…",https://www.adzuna.co.uk/jobs/land/ad/5789987700?se=TBXDow6G8RGa14EqyXoy-w&utm_medium=api&utm_source=c0698c3f&v=EF23A9238D6D9CFE140D0386E44C7BDB58AF7276,full stack developer,Manchester
5789987543,"Senior Specialist, Full-Stack Engineer",BNY,"Manchester, Greater Manchester","UK, North West England, Greater Manchester, Manchester",43957.02,43957.02,1,,,IT Jobs,2026-07-06T16:39:17Z,"hackajob is collaborating with BNY to connect them with exceptional professionals for this role. Senior Specialist, Full-Stack Engineer At BNY, our culture allows us to run our company better and enables employees’ growth and success. As a leading global financial services company at the heart of the global financial system, we influence nearly 20% of the world’s investible assets. Every day, our teams harness cutting-edge AI and breakthrough technologies to collaborate with clients, driving tr…",https://www.adzuna.co.uk/jobs/land/ad/5789987543?se=TBXDow6G8RGa14EqyXoy-w&utm_medium=api&utm_source=c0698c3f&v=9A12FFABEBCEE745F98ABEA32147980F41AC1A8C,full stack developer,Manchester
5789989363,"Vice President, Full-Stack Engineer",BNY,"Manchester, Greater Manchester","UK, North West England, Greater Manchester, Manchester",69669.9,69669.9,1,,,IT Jobs,2026-07-06T16:39:41Z,"hackajob is collaborating with BNY to connect them with exceptional professionals for this role. Vice President - Java Full Stack Engineer with AI-driven development exposure At BNY, our culture allows us to run our company better and enables employees’ growth and success. As a leading global financial services company at the heart of the global financial system, we influence nearly 20% of the world’s investible assets. Every day, our teams harness cutting-edge AI and breakthrough technologies …",https://www.adzuna.co.uk/jobs/land/ad/5789989363?se=TBXDow6G8RGa14EqyXoy-w&utm_medium=api&utm_source=c0698c3f&v=533B4ACF0E78A7714E8A7E84806BE15FBE2F028B,full stack developer,Manchester
5789989022,"Senior Vice President, Full-Stack Engineer",BNY,"Manchester, Greater Manchester","UK, North West England, Greater Manchester, Manchester",72420.16,72420.16,1,,,IT Jobs,2026-07-06T16:39:37Z,"hackajob is collaborating with BNY to connect them with exceptional professionals for this role. Senior Vice President, Full stack Engineer At BNY, our culture allows us to run our company better and enables employees’ growth and success. As a leading global financial services company at the heart of the global financial system, we influence nearly 20% of the world’s investible assets. Every day, our teams harness cutting-edge AI and breakthrough technologies to collaborate with clients, drivin…",https://www.adzuna.co.uk/jobs/land/ad/5789989022?se=TBXDow6G8RGa14EqyXoy-w&utm_medium=api&utm_source=c0698c3f&v=D5297CA03C7FFE1006E303B90D87B4785A5E8E8D,full stack developer,Manchester
5801156483,"Senior Specialist, Full-Stack Engineer",BNY Mellon,"Manchester Science Park, Manchester","UK, North West England, Greater Manchester, Manchester, Manchester Science Park",72747.85,72747.85,1,,full_time,IT Jobs,2026-07-15T13:40:33Z,"Description We’re seeking a future team member for the role of Java Full Stack Engineer with AI-driven development exposure to join our Conventional Trust Platform team. This role is located in Manchester . In this role, you’ll make an impact in the following ways: Define and execute the enterprise Java full stack technology strategy, aligned with business transformation goals. Champion AI driven development practices (e.g., AI-assisted coding, automated testing, remediation, and code quality).…",https://www.adzuna.co.uk/jobs/details/5801156483?utm_medium=api&utm_source=c0698c3f,full stack developer,Manchester
5802862056,"Specialist, Full-Stack Engineer",BNY Mellon,"Manchester Science Park, Manchester","UK, North West England, Greater Manchester, Manchester, Manchester Science Park",69305.48,69305.48,1,,full_time,IT Jobs,2026-07-16T13:47:07Z,"Description We’re seeking a future team member for the role of Java Full Stack Engineer with AI-driven development exposure to join our Conventional Trust Platform team. This role is located in Manchester . In this role, you’ll make an impact in the following ways: Define and execute the enterprise Java full stack technology strategy, aligned with business transformation goals. Champion AI driven development practices (e.g., AI-assisted coding, automated testing, remediation, and code quality).…",https://www.adzuna.co.uk/jobs/details/5802862056?utm_medium=api&utm_source=c0698c3f,full stack developer,Manchester
5802783997,.NET Developer,Noir,"Manchester, Greater Manchester","UK, North West England, Greater Manchester, Manchester",60000,85000,0,permanent,full_time,IT Jobs,2026-07-16T11:26:33Z,".NET Developer (Tech stack: .NET Developer, .NET 10.0, ASP.NET Core, C# 14, Azure DevOps, Agile, Blazor, JavaScript, React, Multithreading, RESTful, ML.NET, Azure AI, Programmer, Full Stack Engineer, Architect, .NET Developer) Since 2006 our client's revolutionary marketing software platform has been helping businesses all over the world to attract, engage, and delight customers by delivering inbound experiences that are relevant, helpful, and personalized. Having recently launched in the UK, t…",https://www.adzuna.co.uk/jobs/land/ad/5802783997?se=TBXDow6G8RGa14EqyXoy-w&utm_medium=api&utm_source=c0698c3f&v=22C97B74D965E8EC12F60081762B25F8D62D49D5,full stack developer,Manchester
5804361444,.NET Developer,Noir,"Manchester, Greater Manchester","UK, North West England, Greater Manchester, Manchester",75000,110000,0,permanent,full_time,IT Jobs,2026-07-17T05:44:13Z,".NET Developer, .NET 10.0, C# 14, Azure, JavaScript, Agile - Manchester (Tech stack: .NET Developer, .NET 10.0, ASP.NET Core, C# 14, Blazor, JavaScript, React, Microservices, Azure, ASP.NET Core Web API, Agile, Azure SQL, Programmer, Full Stack Engineer, Architect, .NET Developer)Be the first of your friends to declare, ""I love where I work!"" and actually mean it. Laugh hard and work hard with some of the best and brightest in the tech industry. Our client has created the world's first marketpl…",https://www.adzuna.co.uk/jobs/land/ad/5804361444?se=TBXDow6G8RGa14EqyXoy-w&utm_medium=api&utm_source=c0698c3f&v=E8FD53B41091CDBCF64CDB1D5FE3C633BD830402,full stack developer,Manchester
5791216965,Technology Consultant - Java Engineer,Sparta Global Limited,"Manchester, Greater Manchester","UK, North West England, Greater Manchester, Manchester",25000,26000,0,permanent,full_time,IT Jobs,2026-07-07T20:08:49Z,"About Sparta Global Embark on a transformative career journey with Sparta Global, where diversity, innovation, and passion for technology converge. We welcome individuals from all backgrounds, offering not just jobs, but dynamic careers in the tech industry. You'll work alongside enthusiastic professionals, receiving top-tier training and mentorship to hone your skills for success in both public and private sectors. Our commitment to designing impactful careers and coaching future leaders is ev…",https://www.adzuna.co.uk/jobs/details/5791216965?utm_medium=api&utm_source=c0698c3f,full stack developer,Manchester
5810766278,"Vice President, Full-Stack Engineer",BNY,"Manchester Science Park, Manchester","UK, North West England, Greater Manchester, Manchester, Manchester Science Park",21000,38500,0,,full_time,IT Jobs,2026-07-22T11:30:50Z,"Salary: £21,000 - 38,500 per year Requirements: Hands-on development with the latest versions of .NET and C# Expert knowledge of design patterns, SOLID principles, and various architectural patterns Expert knowledge of OOP Experience and knowledge in Agile delivery, ideally with SCRUM experience Experience delivering high-volume, highly available enterprise applications Good knowledge of database systems and design Experience and strong knowledge of TDD, Continuous Integration, and Automation E…",https://www.adzuna.co.uk/jobs/details/5810766278?utm_medium=api&utm_source=c0698c3f,full stack developer,Manchester
5694402759,"Senior Vice President, Full-Stack Engineer",BNY Mellon,"Manchester Science Park, Manchester","UK, North West England, Greater Manchester, Manchester, Manchester Science Park",95943.59,95943.59,1,,full_time,IT Jobs,2026-04-09T11:20:20Z,"Description Senior Vice President, Full stack Engineer At BNY, our culture allows us to run our company better and enables employees’ growth and success. As a leading global financial services company at the heart of the global financial system, we influence nearly 20% of the world’s investible assets. Every day, our teams harness cutting-edge AI and breakthrough technologies to collaborate with clients, driving transformative solutions that redefine industries and uplift communities worldwide.…",https://www.adzuna.co.uk/jobs/details/5694402759?utm_medium=api&utm_source=c0698c3f,full stack developer,Manchester
5803732299,Software Engineer,SeeByte,"Edinburgh City Centre, Edinburgh","UK, Scotland, Edinburgh, Edinburgh City Centre",44935.49,44935.49,1,,part_time,IT Jobs,2026-07-16T22:37:02Z,"SeeByte are growing! We are looking for C# skilled Software Developers to join our Edinburgh team. These role can be offered on a full time or part time basis. SeeByte have a collaborative culture and require employees to work at least 60% of the time in office. Main purpose of the role: At SeeByte you will be working within an engineering project team to deliver robust and innovative technology solutions to customers worldwide. The role will include, but not be limited to design, development, …",https://www.adzuna.co.uk/jobs/details/5803732299?utm_medium=api&utm_source=c0698c3f,software engineer,Edinburgh
5768784333,Senior Software Engineer,Connor Fox Recruitment Solutions,"Edinburgh, Scotland","UK, Scotland, Edinburgh",55548.54,55548.54,1,,,IT Jobs,2026-06-19T02:48:34Z,"Senior Software Engineer Location: Edinburgh, Scotland - Hybrid We are seeking an experienced Senior Software Engineer to join an amazing team, contributing across the full development lifecycle, from technical discovery and architectural design to rapid prototyping, backlog refinement, development, deployment, and operations. Who are they? Our client helps organisations turn nature and climate data into decision-ready insight. As a growing scale-up, they are building a team of people who value…",https://www.adzuna.co.uk/jobs/details/5768784333?utm_medium=api&utm_source=c0698c3f,software engineer,Edinburgh
5809599026,Senior Software Engineer,Dayshape,"Edinburgh, Scotland","UK, Scotland, Edinburgh",50000,60000,0,,full_time,IT Jobs,2026-07-21T19:32:49Z,"About Us We’re Dayshape—an award-winning software scale-up with big ambitions and the momentum to match. Trusted by Big Four and many other top professional services firms globally, our AI-powered resource management platform is helping organisations to achieve extraordinary results. Our platform stands apart as the only solution that combines advanced AI, real-time project financials, and firm-wide insights to elevate resource management to a strategic function. By driving profitable growth, p…",https://www.adzuna.co.uk/jobs/details/5809599026?utm_medium=api&utm_source=c0698c3f,software engineer,Edinburgh
5758423461,Software Engineering Manager,Motorola Solutions,"Edinburgh, Scotland","UK, Scotland, Edinburgh",57386.12,57386.12,1,,full_time,IT Jobs,2026-06-10T13:02:46Z,"Company Overview At Motorola Solutions, we believe that everything starts with our people. We’re a global close-knit community, united by the relentless pursuit to help keep people safer everywhere. We build and connect technologies to help protect people, property and places. Our solutions foster the collaboration that’s critical for safer communities, safer schools, safer hospitals, safer businesses, and ultimately, safer nations. Connect with a career that matters, and help us build a safer …",https://www.adzuna.co.uk/jobs/land/ad/5758423461?se=LlU2pQ6G8RGbGoMv58FbYQ&utm_medium=api&utm_source=c0698c3f&v=80653BC6D7CDFA131CAD5B18A938D4914529503D,software engineer,Edinburgh
5802837355,Director of Software Engineering,Acuro Associates Ltd,"Edinburgh, Scotland","UK, Scotland, Edinburgh",120000,150000,0,,full_time,IT Jobs,2026-07-16T13:38:07Z,"Director of Software Engineering Remote based in the UKI with occasional travel Overview A senior leadership role owning end‑to‑end engineering delivery, and commercial outcomes for a UK and global healthcare software portfolio. You will drive product growth, lead global platform convergence, and embed AI as a core productivity and differentiation capability. This role will be overseeing software engineering delivery for well established, market leading products at a point where customer led re…",https://www.adzuna.co.uk/jobs/land/ad/5802837355?se=LlU2pQ6G8RGbGoMv58FbYQ&utm_medium=api&utm_source=c0698c3f&v=47ADA24A82A88703703506350D0F8DC3F61569B1,software engineer,Edinburgh
5776431868,Software Engineer Manager,Copello,"Edinburgh, Scotland","UK, Scotland, Edinburgh",70000,80000,0,,full_time,IT Jobs,2026-06-25T15:57:27Z,"A new opportunity has arisen for a Software Engineering Manager who is passionate about leading people to work for a global company with a market leading suite of security products. This is a chance to build and lead a high performing team in a stable, highly innovative environment. Hybrid Working 2 days per week on site in central Edinburgh. The Role This position will entail building and managing a high performing, talented team of Software Engineers tasked with tackling real-world problems a…",https://www.adzuna.co.uk/jobs/land/ad/5776431868?se=LlU2pQ6G8RGbGoMv58FbYQ&utm_medium=api&utm_source=c0698c3f&v=1852A1395A9748E1BEAEDF03EAA026B35983FB50,software engineer,Edinburgh
5794247877,Senior Software Engineer,Bright Purple Resourcing,"Edinburgh, Scotland","UK, Scotland, Edinburgh",75000,75000,0,,,IT Jobs,2026-07-09T16:33:32Z,"Senior Software Engineer - London or Edinburgh We are working with a long-standing, UK-based consultancy with a well-earned reputation for excellence, who are looking for a Senior Software Engineer to join their software team, a role blending hands-on development with genuine ownership of design and architecture, shaping scalable, resilient platforms that are growing fast. The Benefits: You'll join a multi-award-winning, people-first organisation with a benefits package built around your wellbe…",https://www.adzuna.co.uk/jobs/details/5794247877?utm_medium=api&utm_source=c0698c3f,software engineer,Edinburgh
5801154418,Senior Software Engineer,Bright Purple Resourcing,"Edinburgh, Scotland","UK, Scotland, Edinburgh",80000,80000,0,permanent,,IT Jobs,2026-07-15T13:38:22Z,"Senior Software Engineer - London or Edinburgh We are working with a long-standing, UK-based consultancy with a well-earned reputation for excellence, who are looking for a Senior Software Engineer to join their software team, a role blending hands-on development with genuine ownership of design and architecture, shaping scalable, resilient platforms that are growing fast. The Benefits: You'll join a multi-award-winning, people-first organisation with a benefits package built around your wellbe…",https://www.adzuna.co.uk/jobs/details/5801154418?utm_medium=api&utm_source=c0698c3f,software engineer,Edinburgh
5795975708,Senior Software Engineer,Royal London Group,"Edinburgh, Scotland","UK, Scotland, Edinburgh",51388.21,51388.21,1,permanent,,IT Jobs,2026-07-10T21:41:37Z,"Contract type: Permanent Location: Alderley Park & Glasgow Working style: Hybrid 50% home/office based We have an exciting opportunity for a Senior Software Engineer to join a high-performing, self-managing engineering team delivering modern cloud-based solutions. This role offers the chance to work with the latest technologies across the full software development lifecycle, building scalable applications using Angular, .NET, C#, APIs and Azure Cloud technologies. You'll collaborate with talent…",https://www.adzuna.co.uk/jobs/details/5795975708?utm_medium=api&utm_source=c0698c3f,software engineer,Edinburgh
5793481480,"Software Engineer, Associate",BlackRock,"Edinburgh, Scotland","UK, Scotland, Edinburgh",95470.06,95470.06,1,,,IT Jobs,2026-07-09T01:50:21Z,"About this role Aladdin Platform Eng-ES-Identity Engineering You are: Curious and eager to learn new things, with a healthy disrespect for the status quo Excited to learn about new technologies and strive to reach new levels of efficiencies in the platform we provide. Passionate about technology, with personal ownership for the work you do Data-focused, with an eye for the details that matter to solve the problem Proficient in using AI for day-to-day engineering work. We are: Passionate about b…",https://www.adzuna.co.uk/jobs/details/5793481480?utm_medium=api&utm_source=c0698c3f,software engineer,Edinburgh
5789989154,Senior Software Engineer,Opencast Software,"Edinburgh, Scotland","UK, Scotland, Edinburgh",81641.96,81641.96,1,,,IT Jobs,2026-07-06T16:39:39Z,"hackajob is collaborating with Opencast Software to connect them with exceptional professionals for this role. Ready to work somewhere that cares more about how you build software than how fast you can ship it? At Opencast, we don’t measure developers by the number of tickets you complete. We care about engineering craft, clean design and thoughtful problem-solving. Opencast consultants deliver in complex environments, pairing often and working with others who take pride in doing things properl…",https://www.adzuna.co.uk/jobs/land/ad/5789989154?se=LlU2pQ6G8RGbGoMv58FbYQ&utm_medium=api&utm_source=c0698c3f&v=125A492B50F236831D0B888F80755412C1CFAAE8,software engineer,Edinburgh
5793523767,Business Application Software Engineer,Avaloq,"Edinburgh, Scotland","UK, Scotland, Edinburgh",52080.11,52080.11,1,,,IT Jobs,2026-07-09T02:17:04Z,"Job Description We have a brilliant opportunity for a skilled mid-level Business Application Software Engineer to join our global Credit Core Team as part of our Edinburgh office. As a Software Engineer in the Credit Core team, you'll innovate and maintain our Core Product and ABR/S baseline in the area of Credit. You'll collaborate with our Tech Lead, Business Analysts and other Software Engineers to deliver client-oriented and effective solutions. Furthermore you'll exchange with stakeholders…",https://www.adzuna.co.uk/jobs/details/5793523767?utm_medium=api&utm_source=c0698c3f,software engineer,Edinburgh
5768149808,"Software Engineer, Frontend (TypeScript)",Motorola Solutions,"Edinburgh, Scotland","UK, Scotland, Edinburgh",58438.04,58438.04,1,,full_time,IT Jobs,2026-06-18T14:47:41Z,"Company Overview At Motorola Solutions, we believe that everything starts with our people. We’re a global close-knit community, united by the relentless pursuit to help keep people safer everywhere. We build and connect technologies to help protect people, property and places. Our solutions foster the collaboration that’s critical for safer communities, safer schools, safer hospitals, safer businesses, and ultimately, safer nations. Connect with a career that matters, and help us build a safer …",https://www.adzuna.co.uk/jobs/land/ad/5768149808?se=LlU2pQ6G8RGbGoMv58FbYQ&utm_medium=api&utm_source=c0698c3f&v=BE0B41342ECC3A97C2CCFD9D97742DD18EE91D99,software engineer,Edinburgh
5801189940,Senior Cheat Software Engineer,Rockstar Games,"Edinburgh, Scotland","UK, Scotland, Edinburgh",51283.25,51283.25,1,permanent,full_time,Engineering Jobs,2026-07-15T13:50:55Z,"At Rockstar Games, we create world-class entertainment experiences. Become part of a team working on some of the most rewarding, large-scale creative projects to be found in any entertainment medium - all within an inclusive, highly-motivated environment where you can learn and collaborate with some of the most talented people in the industry. Rockstar is on the lookout for a passionate Senior Cheat Software Engineer. As a Senior Cheat Software Engineer you’ll work closely with other engineerin…",https://www.adzuna.co.uk/jobs/details/5801189940?utm_medium=api&utm_source=c0698c3f,software engineer,Edinburgh
5708447682,Lead Agentic Software Engineer,Scott Logic,"Edinburgh, Scotland","UK, Scotland, Edinburgh",52529.6,52529.6,1,,full_time,IT Jobs,2026-04-23T19:14:14Z,"Lead Agentic Software Engineer This is a great opportunity to work at the frontier of AI-augmented software delivery, on challenging technical problems from a strong position of influence. At Scott Logic, we already have a reputation for world-class software engineering. Our clients are some of the world’s leading organisations and have long trusted us to build reliable, high-performance, business-critical solutions. They now expect us to help them unlock the productivity benefits of agentic AI…",https://www.adzuna.co.uk/jobs/details/5708447682?utm_medium=api&utm_source=c0698c3f,software engineer,Edinburgh
5804500062,Software Engineer (Senior Levels),Leonardo,"Edinburgh, Scotland","UK, Scotland, Edinburgh",75738.84,75738.84,1,permanent,part_time,IT Jobs,2026-07-17T08:17:18Z,"hackajob is collaborating with Leonardo to connect them with exceptional professionals for this role. Job Description: Salary Range: Engineer £38000 - £50000 Senior Engineer £45000 - £60000 Principal Engineer £54000 - £70000 Your impact Are you an experienced Software Engineer who is interested in developing software for the Eurofighter Typhoon Fighter Jet? Typhoon remains the primary front line defence aircraft for the UK, Germany, Italy & Spain. As a result of significant customer demand for …",https://www.adzuna.co.uk/jobs/land/ad/5804500062?se=LlU2pQ6G8RGbGoMv58FbYQ&utm_medium=api&utm_source=c0698c3f&v=04D8162A684293BE5ECB1379B9E57E6F29A5B58D,software engineer,Edinburgh
5744027460,"Java Software Engineer, Associate",BlackRock,"Edinburgh, Scotland","UK, Scotland, Edinburgh",61423.34,61423.34,1,,,IT Jobs,2026-05-29T01:27:19Z,About this role Java Software Engineer BlackRock is seeking a Software Engineer to join the Tech & Ops Platform Enablement Development team. This role contributes to the delivery of high-quality technology solutions that enhance operational efficiency at global scale. The successful candidate will partner closely with business stakeholders to design and implement workflows that streamline processes across functions. What Makes This Opportunity Unique Join a high-performing technology team focu…,https://www.adzuna.co.uk/jobs/details/5744027460?utm_medium=api&utm_source=c0698c3f,software engineer,Edinburgh
5797954706,Senior Software Engineer (C++),Rockstar Games,"Edinburgh, Scotland","UK, Scotland, Edinburgh",41439.84,41439.84,1,permanent,full_time,IT Jobs,2026-07-12T13:51:04Z,"At Rockstar Games, we create world-class entertainment experiences. Become part of a team working on some of the most rewarding, large-scale creative projects to be found in any entertainment medium - all within an inclusive, highly-motivated environment where you can learn and collaborate with some of the most talented people in the industry. Rockstar Games is looking for a seasoned Senior Software Engineer (C++) to join our development team. Our Core Security team is looking for a security fo…",https://www.adzuna.co.uk/jobs/details/5797954706?utm_medium=api&utm_source=c0698c3f,software engineer,Edinburgh
5743581860,Senior Software Engineer - Flights,Perk,"Edinburgh, Scotland","UK, Scotland, Edinburgh",67713.2,67713.2,1,,full_time,Engineering Jobs,2026-05-28T16:12:34Z,"About Us Perk (formerly TravelPerk) is the intelligent platform for travel and spend management. Built to tackle the time-consuming, manual work that gets in the way of real work, our tools automate everything from travel bookings to expenses, invoice processing, and more. By eliminating this shadow work that wastes hours, erodes morale, and saps innovation, we’re on a mission to power real work, with real impact. We’re trusted by more than 10,000 companies worldwide, including Wise, On Running…",https://www.adzuna.co.uk/jobs/details/5743581860?utm_medium=api&utm_source=c0698c3f,software engineer,Edinburgh
5761402745,"Senior Software Engineer, Frontend (TypeScript)",Motorola Solutions,"Edinburgh, Scotland","UK, Scotland, Edinburgh",67313.75,67313.75,1,,full_time,IT Jobs,2026-06-12T13:39:01Z,"Company Overview At Motorola Solutions, we believe that everything starts with our people. We’re a global close-knit community, united by the relentless pursuit to help keep people safer everywhere. We build and connect technologies to help protect people, property and places. Our solutions foster the collaboration that’s critical for safer communities, safer schools, safer hospitals, safer businesses, and ultimately, safer nations. Connect with a career that matters, and help us build a safer …",https://www.adzuna.co.uk/jobs/land/ad/5761402745?se=LlU2pQ6G8RGbGoMv58FbYQ&utm_medium=api&utm_source=c0698c3f&v=082C413DED5E3568CC57BBF78CC0607FABC2C4BB,software engineer,Edinburgh
5795616953,Senior Back End Software Engineer,Motorola Solutions,"Edinburgh, Scotland","UK, Scotland, Edinburgh",57307.25,57307.25,1,,full_time,IT Jobs,2026-07-10T13:36:38Z,"Company Overview At Motorola Solutions, we believe that everything starts with our people. We’re a global close-knit community, united by the relentless pursuit to help keep people safer everywhere. We build and connect technologies to help protect people, property and places. Our solutions foster the collaboration that’s critical for safer communities, safer schools, safer hospitals, safer businesses, and ultimately, safer nations. Connect with a career that matters, and help us build a safer …",https://www.adzuna.co.uk/jobs/land/ad/5795616953?se=LlU2pQ6G8RGbGoMv58FbYQ&utm_medium=api&utm_source=c0698c3f&v=1CCB0B4DA4172C5E0040DDF79EF870AFFFF490BE,software engineer,Edinburgh
5757222310,Staff Software Engineer - Platform Services,Addepar,"Edinburgh, Scotland","UK, Scotland, Edinburgh",57335.84,57335.84,1,,full_time,IT Jobs,2026-06-09T13:04:03Z,"Who We Are Addepar is a global data and AI platform empowering investment professionals to turn complex financial information into actionable intelligence. Addepar unifies portfolio, market and client data in a total portfolio view and delivers AI-powered insights within investment and client workflows. More than 1,400 firms in nearly 60 countries use Addepar to manage and advise on nearly $9 trillion in assets. Its open platform integrates with nearly 650 software, data and consulting partners…",https://www.adzuna.co.uk/jobs/details/5757222310?utm_medium=api&utm_source=c0698c3f,software engineer,Edinburgh
5776437809,Senior Software Engineer - Finance Experience,Perk,"Edinburgh, Scotland","UK, Scotland, Edinburgh",70375.01,70375.01,1,,full_time,Engineering Jobs,2026-06-25T16:33:10Z,"About Us Perk (formerly TravelPerk) is the intelligent platform for travel and spend management. Built to tackle the time-consuming, manual work that gets in the way of real work, our tools automate everything from travel bookings to expenses, invoice processing, and more. By eliminating this shadow work that wastes hours, erodes morale, and saps innovation, we’re on a mission to power real work, with real impact. We’re trusted by more than 10,000 companies worldwide, including Wise, On Running…",https://www.adzuna.co.uk/jobs/details/5776437809?utm_medium=api&utm_source=c0698c3f,software engineer,Edinburgh
5636198806,Senior Software Engineer (Full Stack),CreateFuture,"Edinburgh, Scotland","UK, Scotland, Edinburgh",71134.93,71134.93,1,,,IT Jobs,2026-02-19T17:18:28Z,"Working at CreateFuture CreateFuture is an AI-native consulting partner where people do work that matters and are supported to do it well. We work alongside organisations such as PayPal, adidas, NatWest, FanDuel and Money Saving Expert, building digital products and services that make a difference while always putting people first. We’re a team of creators. We write code, shape delivery, build go-to-market strategies, develop AI solutions and create the practices that support our people. We wor…",https://www.adzuna.co.uk/jobs/details/5636198806?utm_medium=api&utm_source=c0698c3f,software engineer,Edinburgh
5738189255,Software Engineer - Hardware Simulation & Engineering Infrastructure,SanDisk,"Edinburgh, Scotland","UK, Scotland, Edinburgh",52589.3,52589.3,1,,,IT Jobs,2026-05-23T01:29:07Z,"Company Description Sandisk understands how people and businesses consume data and we relentlessly innovate to deliver solutions that enable today's needs and tomorrow's next big ideas. With a rich history of groundbreaking innovations in Flash and advanced memory technologies, our solutions have become the beating heart of the digital world we're living in and that we have the power to shape. Sandisk meets people and businesses at the intersection of their aspirations and the moment, enabling …",https://www.adzuna.co.uk/jobs/details/5738189255?utm_medium=api&utm_source=c0698c3f,software engineer,Edinburgh
5776438800,Senior Software Engineer (Full Stack) - React,CreateFuture,"Edinburgh, Scotland","UK, Scotland, Edinburgh",72648.15,72648.15,1,,,IT Jobs,2026-06-25T16:35:58Z,"Working at CreateFuture CreateFuture is an AI-native consulting partner where people do work that matters and are supported to do it well. We work alongside organisations such as PayPal, adidas, NatWest, FanDuel and Money Saving Expert, building digital products and services that make a difference while always putting people first. We’re a team of creators. We write code, shape delivery, build go-to-market strategies, develop AI solutions and create the practices that support our people. We wor…",https://www.adzuna.co.uk/jobs/details/5776438800?utm_medium=api&utm_source=c0698c3f,software engineer,Edinburgh
5737562157,Senior Software Engineer - Billing (VAT & Invoicing),Perk,"Edinburgh, Scotland","UK, Scotland, Edinburgh",73253.55,73253.55,1,,full_time,Engineering Jobs,2026-05-22T13:11:24Z,"About Us Perk (formerly TravelPerk) is the intelligent platform for travel and spend management. Built to tackle the time-consuming, manual work that gets in the way of real work, our tools automate everything from travel bookings to expenses, invoice processing, and more. By eliminating this shadow work that wastes hours, erodes morale, and saps innovation, we’re on a mission to power real work, with real impact. We’re trusted by more than 10,000 companies worldwide, including Wise, On Running…",https://www.adzuna.co.uk/jobs/details/5737562157?utm_medium=api&utm_source=c0698c3f,software engineer,Edinburgh
5720902770,"Software Engineer, Platform - Edinburgh, United Kingdom",Speechify,"Edinburgh, Scotland","UK, Scotland, Edinburgh",49526.43,49526.43,1,,,IT Jobs,2026-05-06T21:54:48Z,"The mission of Speechify is to make sure that reading is never a barrier to learning. Over 50 million people use Speechify’s text-to-speech products to turn whatever they’re reading – PDFs, books, Google Docs, news articles, websites – into audio, so they can read faster, read more, and remember more. Speechify’s text-to-speech reading products include its iOS app, Android App, Mac App, Chrome Extension, and Web App. Google recently named Speechify the Chrome Extension of the Year and Apple nam…",https://www.adzuna.co.uk/jobs/details/5720902770?utm_medium=api&utm_source=c0698c3f,software engineer,Edinburgh
5410644631,"Software Engineering Coach: Flexible (TDD, Security  More)",Skiller Whale,"Edinburgh, Scotland","UK, Scotland, Edinburgh",47982.84,47982.84,1,contract,,Teaching Jobs,2025-09-22T16:31:28Z,"Important Note If you have expertise in technologies that we currently have enough coaches for, we may ask you for permission to keep your details and reach out when we are more confident of demand in those areas. Role Summary We’re looking for experienced lead engineers or equivalent to lead targeted micro-workshops for small groups of software engineers. The sessions last up to 90 minutes, take place remotely via our app, and are based around high quality teaching material that we produce. Yo…",https://www.adzuna.co.uk/jobs/details/5410644631?utm_medium=api&utm_source=c0698c3f,software engineer,Edinburgh
5810991751,Software Engineers -Java/Go/TypeScript/Python/React,Harvey Nash,"Edinburgh, Scotland","UK, Scotland, Edinburgh",30000,70000,0,,,IT Jobs,2026-07-22T16:29:10Z,"Grad/Junior/Mid-Level/Senior Full Stack Software Engineering opportunities, Edinburgh (Hybrid) Harvey Nash are recruiting a number of software engineers on behalf of a long term SaaS client right here in Edinburgh who are on an exciting journey of growth. They've partnered with us to recruit a number of Full Stack Engineers on their behalf, across a number of their engineering teams and at varying levels! (Junior, Mid-level, Senior). They're based centrally in Edinburgh and have a hybrid approa…",https://www.adzuna.co.uk/jobs/details/5810991751?utm_medium=api&utm_source=c0698c3f,software engineer,Edinburgh
5806167960,Software Engineer - DevOps - London Stock Exchange Group,London Stock Exchange Group,"Edinburgh, Scotland","UK, Scotland, Edinburgh",47572.22,47572.22,1,,full_time,IT Jobs,2026-07-18T14:46:04Z,"ABOUT US: LSEG (London Stock Exchange Group) is more than a diversified global financial markets infrastructure and data business. We are dedicated, open-access partners with a dedication to excellence in delivering the services our customers expect from us. With extensive experience, deep knowledge and worldwide presence across financial markets, we enable businesses and economies around the world to fund innovation, manage risk and create jobs. It's how we've contributed to supporting the fin…",https://www.adzuna.co.uk/jobs/details/5806167960?utm_medium=api&utm_source=c0698c3f,software engineer,Edinburgh
5755552272,Staff Backend Software Engineer - Portfolio Data Workflows,Addepar,"Edinburgh, Scotland","UK, Scotland, Edinburgh",62081.03,62081.03,1,,full_time,IT Jobs,2026-06-07T17:04:41Z,"Who We Are Addepar is a global data and AI platform empowering investment professionals to turn complex financial information into actionable intelligence. Addepar unifies portfolio, market and client data in a total portfolio view and delivers AI-powered insights within investment and client workflows. More than 1,400 firms in nearly 60 countries use Addepar to manage and advise on nearly $9 trillion in assets. Its open platform integrates with nearly 650 software, data and consulting partners…",https://www.adzuna.co.uk/jobs/details/5755552272?utm_medium=api&utm_source=c0698c3f,software engineer,Edinburgh
5703525792,Senior Staff Software Engineer - Core Marketing Platforms,FanDuel,"Edinburgh, Scotland","UK, Scotland, Edinburgh",52972.45,52972.45,1,,full_time,IT Jobs,2026-04-18T11:20:00Z,"FanDuel Group is a world-class team of brands and products that deliver sports betting, gaming and entertainment to millions of US sports fans every day. That’s no easy task, and wouldn't be possible without a fantastic team who have helped us pioneer new products and innovative features that make us a leader in the industry. Whether you’re looking for better career progression, improved financial security or just a better sense of belonging, we believe we’ve created a culture in which everyone…",https://www.adzuna.co.uk/jobs/details/5703525792?utm_medium=api&utm_source=c0698c3f,software engineer,Edinburgh
5763610837,Software Development Engineer,Adobe,"Edinburgh, Scotland","UK, Scotland, Edinburgh",44612.64,44612.64,1,,full_time,IT Jobs,2026-06-14T13:44:57Z,"Backend Engineer (Mid-Level) Adobe | Edinburgh, Scotland | Hybrid (3 days in office) The Opportunity Are you interested in working with a team of exceptional and committed engineers who can help you realise your potential to become a phenomenal engineer? Our team is looking for a Mid-Level Backend Engineer to join the group developing Adobe's Administration Platform — a collaborative and multi-skilled engineering team located in Edinburgh, crafting scalable, high-impact systems that serve milli…",https://www.adzuna.co.uk/jobs/details/5763610837?utm_medium=api&utm_source=c0698c3f,software engineer,Edinburgh
5801682806,Software Implementation Engineer,Magentus,"Edinburgh, Scotland","UK, Scotland, Edinburgh",39439.51,39439.51,1,,,IT Jobs,2026-07-15T22:42:00Z,"About Us For over 30 years, Magentus has been at the forefront of transforming healthcare through technology across Australia and the UK. From pathology and radiology to oncology, and practice management, our solutions connect the healthcare ecosystem and unlock better patient outcomes at scale. At Magentus, people are at the heart of everything we do. We work as one team, united by our purpose: to create a healthier society through smarter digital healthcare. Internal Job Title: Build Engineer…",https://www.adzuna.co.uk/jobs/details/5801682806?utm_medium=api&utm_source=c0698c3f,software engineer,Edinburgh
5781286773,Senior Software Engineer - C# / .NET - Near Edinburgh - 70K,Lorien,"Edinburgh, Scotland","UK, Scotland, Edinburgh",60000,70000,0,,full_time,IT Jobs,2026-06-29T20:09:07Z,"Senior Software Engineer - C# / .NET (Web and Windows) - Near Edinburgh Hybrid - 70K plus Bonus Lorien's longstanding client based near Edinburgh - a leader in their industry with a growing and award-winning product line making a huge difference around the globe - have asked us to help them in their searches for a Senior Software Engineer with .Net skills across Web and Windows applications. This is a hands-on development role with a strong focus on C# / .NET, full-stack development, user inter…",https://www.adzuna.co.uk/jobs/land/ad/5781286773?se=LlU2pQ6G8RGbGoMv58FbYQ&utm_medium=api&utm_source=c0698c3f&v=E02A6D667A7F58968656BF5EEC487F1AF2ECFC2B,software engineer,Edinburgh
5729112306,Staff Software Engineer - Reference Data - AI/ML (UK),Addepar,"Edinburgh, Scotland","UK, Scotland, Edinburgh",70313.55,70313.55,1,,full_time,IT Jobs,2026-05-14T12:47:35Z,"Who We Are Addepar is a global data and AI platform empowering investment professionals to turn complex financial information into actionable intelligence. Addepar unifies portfolio, market and client data in a total portfolio view and delivers AI-powered insights within investment and client workflows. More than 1,400 firms in nearly 60 countries use Addepar to manage and advise on nearly $9 trillion in assets. Its open platform integrates with nearly 650 software, data and consulting partners…",https://www.adzuna.co.uk/jobs/details/5729112306?utm_medium=api&utm_source=c0698c3f,software engineer,Edinburgh
5720906574,"Software Engineer, Data Infrastructure & Acquisition - Edinburgh, United Kingdom",Speechify,"Edinburgh, Scotland","UK, Scotland, Edinburgh",55868.05,55868.05,1,,,IT Jobs,2026-05-06T21:59:30Z,"The mission of Speechify is to make sure that reading is never a barrier to learning. Over 50 million people use Speechify’s text-to-speech products to turn whatever they’re reading – PDFs, books, Google Docs, news articles, websites – into audio, so they can read faster, read more, and remember more. Speechify’s text-to-speech reading products include its iOS app, Android App, Mac App, Chrome Extension, and Web App. Google recently named Speechify the Chrome Extension of the Year and Apple nam…",https://www.adzuna.co.uk/jobs/details/5720906574?utm_medium=api&utm_source=c0698c3f,software engineer,Edinburgh
5720904700,"Senior Software Engineer, Windows/Desktop Applications - Edinburgh, United Kingdom",Speechify,"Edinburgh, Scotland","UK, Scotland, Edinburgh",52377.43,52377.43,1,,,IT Jobs,2026-05-06T21:57:40Z,"Mission The mission of Speechify is to make sure that reading is never a barrier to learning. Over 50 million people use Speechify’s text-to-speech products to turn whatever they’re reading – PDFs, books, Google Docs, news articles, websites – into audio, so they can read faster, read more, and remember more. Speechify’s text-to-speech reading products include its iOS app, Android App, Mac App, Chrome Extension, and Web App. Google recently named Speechify the Chrome Extension of the Year and A…",https://www.adzuna.co.uk/jobs/details/5720904700?utm_medium=api&utm_source=c0698c3f,software engineer,Edinburgh
5742304591,"AI-Forward Software Engineer — AI Transformation Office, Senior Vice President",BNY Mellon,"Edinburgh City Centre, Edinburgh","UK, Scotland, Edinburgh, Edinburgh City Centre",82841.24,82841.24,1,,full_time,IT Jobs,2026-05-27T16:11:40Z,"Description We’re seeking a future team member for the role of AI-Forward Software Engineer — AI Transformation Office , Senior Vice President to join our team. This role is located in London . We are looking for a hands-on, AI-forward engineer to build and ship production-grade GenAI and agentic automation solutions as part of BNY's centralized AI Transformation Office. This is not a traditional engineering role - we are not looking for engineers who use AI tools occasionally. We need engineer…",https://www.adzuna.co.uk/jobs/details/5742304591?utm_medium=api&utm_source=c0698c3f,software engineer,Edinburgh
5786706934,Principal Java Engineer,Bright Purple Resourcing,"Edinburgh, Scotland","UK, Scotland, Edinburgh",70000,70000,0,permanent,,IT Jobs,2026-07-03T11:17:59Z,"Principal Java Software Engineer Edinburgh Hybrid/ UK Remote Up to £95,000 We arelooking for a Senior /Principal Java Software Engineer to join a leading international network security software company. This is a fantastic opportunity to work with cutting-edge technology and make a real impact in the industry. You will join a small close-knit IT team supporting the internal operations and support a globally dispersed workforce. The Role: Software development and support of complex and algorithm…",https://www.adzuna.co.uk/jobs/details/5786706934?utm_medium=api&utm_source=c0698c3f,software engineer,Edinburgh
5795029678,"Software Development Engineer, Intelligent Talent Acquisition - Lead Generation & Detection Services",Amazon Development Centre  Limited,"Edinburgh, Scotland","UK, Scotland, Edinburgh",51801.63,51801.63,1,,full_time,IT Jobs,2026-07-10T04:27:20Z,"Do you want a role with deep meaning and the ability to make a major impact? As part of Intelligent Talent Acquisition (ITA), you'll have the opportunity to reinvent the hiring process and deliver unprecedented scale, sophistication, and accuracy for Amazon Talent Acquisition operations. ITA is an industry-leading people science and technology organization made up of scientists, engineers, analysts, product professionals and more, all with the shared goal of connecting the right people to the r…",https://www.adzuna.co.uk/jobs/details/5795029678?utm_medium=api&utm_source=c0698c3f,software engineer,Edinburgh
5797453048,"Software Development Engineer, Intelligent Talent Acquisition - Lead Generation & Detection Services",Amazon,"Edinburgh, Scotland","UK, Scotland, Edinburgh",48697.44,48697.44,1,contract,,IT Jobs,2026-07-12T01:49:25Z,"Description Do you want a role with deep meaning and the ability to make a major impact? As part of Intelligent Talent Acquisition (ITA), you'll have the opportunity to reinvent the hiring process and deliver unprecedented scale, sophistication, and accuracy for Amazon Talent Acquisition operations. ITA is an industry-leading people science and technology organization made up of scientists, engineers, analysts, product professionals and more, all with the shared goal of connecting the right peo…",https://www.adzuna.co.uk/jobs/details/5797453048?utm_medium=api&utm_source=c0698c3f,software engineer,Edinburgh
5789987990,Principal Systems Engineer,Leonardo,"Edinburgh, Scotland","UK, Scotland, Edinburgh",84306.37,84306.37,1,permanent,part_time,Engineering Jobs,2026-07-06T16:39:25Z,"hackajob is collaborating with Leonardo to connect them with exceptional professionals for this role. Job Description: Salary: £53,500 - £68,000 Leonardo UK operates a grade-based salary framework with broad bands. The salary range shown reflects the approved grade band for this role, or a narrower hiring range published within that band, and is benchmarked against the external market. Exceptions above the standard range are managed through governance controls to protect internal equity. Your I…",https://www.adzuna.co.uk/jobs/land/ad/5789987990?se=LlU2pQ6G8RGbGoMv58FbYQ&utm_medium=api&utm_source=c0698c3f&v=03502208A650F862325FF3EF196EDA97D61D7D6E,software engineer,Edinburgh
5795104061,Hardware Project Manager,Rise Technical Recruitment,"Edinburgh, Scotland","UK, Scotland, Edinburgh",57769,57769,1,permanent,full_time,IT Jobs,2026-07-10T05:51:27Z,"Hardware Project Manager (Hybrid -2 days per week onsite , Tuesdays & Thursdays ) Very Competitive Salary 32 Days Holiday Bonus Share Incentive Plan Healthcare Scheme Income Protection Life Assurance Flexible Working Hours 5% Pension Excellent opportunity for an experienced leader to join a growing and innovative R&D organisation, renowned for its supportive culture and investment in cutting-edge product development. This company is a well-established, international technology specialis…",https://www.adzuna.co.uk/jobs/details/5795104061?utm_medium=api&utm_source=c0698c3f,software engineer,Edinburgh
5727320847,Junior Engineer,spaciv,"Edinburgh, Scotland","UK, Scotland, Edinburgh",30086.83,30086.83,1,,full_time,IT Jobs,2026-05-12T22:07:17Z,"The role We are seeking a highly motivated Junior Software Engineer to join our team. The successful candidate will work closely with our senior software engineers to develop, test and implement software solutions that meet the needs of our clients. Your tasks Assist in the design, development, and maintenance of software applications Participate in code reviews and contribute to the development of best practices Collaborate with project managers and other engineers to develop detailed specific…",https://www.adzuna.co.uk/jobs/details/5727320847?utm_medium=api&utm_source=c0698c3f,software engineer,Edinburgh
5803732889,Senior Site Reliability Engineer (Cloud Platform),Salve.Inno Consulting,"Edinburgh, Scotland","UK, Scotland, Edinburgh",60840.81,60840.81,1,contract,full_time,IT Jobs,2026-07-16T22:37:07Z,"B2B Contract Role Overview We're looking for a Senior Site Reliability Engineer to help build, operate, and continuously improve a highly available cloud platform supporting mission-critical production services. In this role, you'll work at the intersection of cloud infrastructure, software engineering, and operations, helping engineering teams build reliable, scalable systems while driving automation, observability, and operational excellence. You'll play a key role in strengthening platform r…",https://www.adzuna.co.uk/jobs/details/5803732889?utm_medium=api&utm_source=c0698c3f,software engineer,Edinburgh
5794152905,Hardware Project Manager,Rise Technical Recruitment,"Edinburgh, Scotland","UK, Scotland, Edinburgh",54058.46,54058.46,1,contract,full_time,IT Jobs,2026-07-09T13:27:26Z,"Hardware Project Manager (Hybrid -2 days per week onsite, Tuesdays & Thursdays) Very Competitive Salary 32 Days Holiday Bonus Share Incentive Plan Healthcare Scheme Income Protection Life Assurance Flexible Working Hours 5% Pension Excellent opportunity for an experienced leader to join a growing and innovative R&D organisation, renowned for its supportive culture and investment in cutting-edge product development. This company is a well-established, international technology specialist …",https://www.adzuna.co.uk/jobs/land/ad/5794152905?se=LlU2pQ6G8RGbGoMv58FbYQ&utm_medium=api&utm_source=c0698c3f&v=352BAC9029EB610B8FB60370EDA4B823230F2020,software engineer,Edinburgh
5790631943,Senior Site Reliability Engineer - Python,Inspire People,"Edinburgh, Scotland","UK, Scotland, Edinburgh",80000,80000,0,permanent,part_time,IT Jobs,2026-07-07T07:07:34Z,"Help build and operate reliable, scalable and secure digital services that support businesses across the UK. The Department for Business and Trade (DBT), in partnership with Inspire People, is seeking a Senior Site Reliability Engineer with strong software engineering capability (either experience of Python development or a desire to develop Python expertise), experience building applications hosted on cloud platforms, expertise within a modern cloud engineering environment. and a passion for a…",https://www.adzuna.co.uk/jobs/details/5790631943?utm_medium=api&utm_source=c0698c3f,software engineer,Edinburgh
5798782823,CTO (Chief Technology Officer),The Investigo Group,"Edinburgh, Scotland","UK, Scotland, Edinburgh",119539.65,119539.65,1,permanent,full_time,IT Jobs,2026-07-13T11:42:15Z,"Role: Chief Technology Officer Location: Hybrid - Liverpool, Merseyside (3-4 days a month on-site) Job Type: Full-time, Permanent Salary: Competitive, based on experience benefits package Security Clearance Requirements Please note that holding a current Security Clearance is not essential at the time of application, but eligibility is required. This role requires the successful candidate to be eligible for Security Check (SC) clearance . To meet this requirement, applicants must: Have the ri…",https://www.adzuna.co.uk/jobs/details/5798782823?utm_medium=api&utm_source=c0698c3f,software engineer,Edinburgh
5787721948,Software Developer Placement Programme No experience needed,IT Online Learning,"Edinburgh, Scotland","UK, Scotland, Edinburgh",65000,65000,0,permanent,,IT Jobs,2026-07-04T08:59:19Z,"Software Developer Placement Programme No experience needed From £27,000 to £65,000 per annum Trainee Software Developer £27,000£65,000 Job Programme This is a self-funded programme that leads to employment, fees apply. Job Guarantee Complete the programme and get a job, or get your course fees back. Location: UK Wide (Remote Opportunities Available) Looking to start a career in Software Development? We are offering a structured pathway into Software Development, designed to help you enter the …",https://www.adzuna.co.uk/jobs/land/ad/5787721948?se=xPi0pg6G8RGJg-uPs_L7lA&utm_medium=api&utm_source=c0698c3f&v=2DF45DD1E7182120AB2CF81BC7C319E89458BD33,software developer,Edinburgh
5811048718,Software Developer,McGregor Boyall Associates Limited,"Edinburgh, Scotland","UK, Scotland, Edinburgh",76124.8,76124.8,1,contract,,IT Jobs,2026-07-22T16:43:52Z,"Senior Software Developer - Java / Spring Boot / React We are seeking an experienced Software Developer to join a high-performing Agile team delivering large-scale digital transformation within a critical public sector environment. This is an exciting opportunity to modernise legacy platforms, develop innovative digital services, and build scalable, cloud-native solutions that make a real impact. Rate: £450 p/d outside ir35 Duration: 6 months with possible extensions Location: mostly remote, wi…",https://www.adzuna.co.uk/jobs/details/5811048718?utm_medium=api&utm_source=c0698c3f,software developer,Edinburgh
5804896033,Lead Software Developer,Computershare,"Edinburgh, Scotland","UK, Scotland, Edinburgh",59781.65,59781.65,1,,full_time,IT Jobs,2026-07-17T13:56:44Z,"Description Location : Edinburgh, Hybrid In this position, you’ll be based in the Edinburgh office for a minimum of three days a week, with the flexibility to work from home for some of your working week. Find out more about our flexible work culture at computershare.com/flex . We give you a world of potential Computershare are currently looking to recruit a Lead Software Developer to work closely with the Technical Delivery Lead as part of our Issuer Services business. You will lead and grow a…",https://www.adzuna.co.uk/jobs/details/5804896033?utm_medium=api&utm_source=c0698c3f,software developer,Edinburgh
5804704722,Software Developer Placement Programme,IT Online Learning,"Edinburgh, Scotland","UK, Scotland, Edinburgh",65000,65000,0,,full_time,IT Jobs,2026-07-17T10:45:24Z,"Salary: £65,000 - 65,000 per year Requirements: We require no prior experience in software development to join this programme. We are looking for candidates who want to start a career in software development and are willing to train online at their own pace. We expect candidates to complete the required qualifications and actively engage with our recruitment process. We support learners who can commit to a self-funded programme with flexible payment options available over 12 months. We provide …",https://www.adzuna.co.uk/jobs/details/5804704722?utm_medium=api&utm_source=c0698c3f,software developer,Edinburgh
5810204316,Software Developer – Build Innovative Digital Payment Solutions,The Opportunity Hub UK,"Edinburgh, Scotland","UK, Scotland, Edinburgh",15000,37500,0,contract,full_time,IT Jobs,2026-07-22T02:24:29Z,"An innovative technology business operating within the digital payments and fintech sector is seeking an experienced Software Developer to support the delivery of secure, scalable and high-performing digital platforms. The Opportunity Hub UK is recruiting on behalf of this forward-thinking organisation, which develops mission-critical payment technologies and digital experiences within highly regulated environments. This opportunity offers exposure to complex engineering challenges, collaborati…",https://www.adzuna.co.uk/jobs/details/5810204316?utm_medium=api&utm_source=c0698c3f,software developer,Edinburgh
5808893863,Software Developer – Build Innovative Digital Payment Solutions,The Opportunity Hub UK,"Edinburgh, Scotland","UK, Scotland, Edinburgh",15000,37500,0,contract,,IT Jobs,2026-07-21T06:16:30Z,"An innovative technology business operating within the digital payments and fintech sector is seeking an experienced Software Developer to support the delivery of secure, scalableAn innovative technology business operating within the digital payments and fintech sector is seeking an experienced Software Developer to support the delivery of secure, scalable and high-performing digital platforms. The Opportunity Hub UK is recruiting on behalf of this forward-thinking organisation, which develops …",https://www.adzuna.co.uk/jobs/details/5808893863?utm_medium=api&utm_source=c0698c3f,software developer,Edinburgh
5775020132,Business Development Manager (PropTech Software),Choice Consultants,"Leith, Edinburgh","UK, Scotland, Edinburgh, Leith",32000,35000,0,,full_time,Sales Jobs,2026-06-24T17:56:26Z,"Our client is a market leading technology based organisation operating in the residential letting sector. They help their customers make smarter, more profitable, and sustainable decisions using technology and data to identify and automate inefficient processes, unlock new revenue, and improve the rental experience for all stakeholders. Due to ambitious growth plans they currently require a Business Development Manager based in Edinburgh to focus on identifying and generating new business sales…",https://www.adzuna.co.uk/jobs/land/ad/5775020132?se=xPi0pg6G8RGJg-uPs_L7lA&utm_medium=api&utm_source=c0698c3f&v=2B776793BDA2A03F731AB4D77FE36429F6465B11,software developer,Edinburgh
5804381700,Homebuilding Business Systems Consultant,Bright Purple Resourcing,"Edinburgh, Scotland","UK, Scotland, Edinburgh",46960.85,46960.85,1,contract,,IT Jobs,2026-07-17T05:49:33Z,"Homebuilding Business Systems Consultant (Contract) Hybrid/Edinburgh Inside IR35 - £400 per day A leading UK homebuilder is looking for an experienced contractor to join its Homebuilding Product Team, supporting and enhancing key business applications across Finance, Commercial, Construction and Land. This is a hands-on role suited to someone who enjoys turning business requirements into working solutions and driving change through system configuration and process improvement, while also contri…",https://www.adzuna.co.uk/jobs/details/5804381700?utm_medium=api&utm_source=c0698c3f,software developer,Edinburgh
5796946951,Principal Threat Modeling Architect,State Street,"Edinburgh, Scotland","UK, Scotland, Edinburgh",74029.59,74029.59,1,,full_time,IT Jobs,2026-07-11T13:32:13Z,"Who We Are Looking For We are looking for a Principal Threat Modeling Architect . You will be responsible for leading the enterprise Threat Modeling program, establishing threat modeling standards, methodologies, and governance, and building a high-performing team of threat modeling professionals. You will partner with application development, cloud engineering, cybersecurity, and business stakeholders to proactively identify and mitigate security risks across the software development lifecycle…",https://www.adzuna.co.uk/jobs/details/5796946951?utm_medium=api&utm_source=c0698c3f,software developer,Edinburgh
5717299221,Full Stack Engineer (C#/React),Rockstar Games,"Edinburgh, Scotland","UK, Scotland, Edinburgh",44910.73,44910.73,1,permanent,full_time,IT Jobs,2026-05-02T21:55:15Z,"At Rockstar Games, we create world-class entertainment experiences. Become part of a team working on some of the most rewarding, large-scale creative projects to be found in any entertainment medium - all within an inclusive, highly-motivated environment where you can learn and collaborate with some of the most talented people in the industry. Rockstar is on the lookout for a passionate Full Stack Engineer to join our online services team. With the rapid growth of Grand Theft Auto Online, and f…",https://www.adzuna.co.uk/jobs/details/5717299221?utm_medium=api&utm_source=c0698c3f,software developer,Edinburgh
5804123281,Business Systems Consultant,Experis UK,"Edinburgh, Scotland","UK, Scotland, Edinburgh",78000,104000,0,contract,full_time,IT Jobs,2026-07-17T02:28:27Z,"My client, based in Edinburgh are looking for a Business Systems Consultant for an Initial 3 months (Project scope up to 12 months), Inside IR35 to support and improve key business systems across Finance, Commercial and Operational functions. This hands-on role focuses on delivering system improvements, configuring solutions, managing releases, supporting end users, and contributing to a wider business transformation programme. Key Responsibilities Product & System Delivery Deliver enhancements…",https://www.adzuna.co.uk/jobs/details/5804123281?utm_medium=api&utm_source=c0698c3f,software developer,Edinburgh
5795657887,IAM Business Analyst,Tilo Consulting,"Edinburgh, Scotland","UK, Scotland, Edinburgh",50000,75000,0,,full_time,IT Jobs,2026-07-10T14:57:16Z,"Identity Access Management Business Analyst Location - Edinburgh We are working with a leading Identity Access Management organisation, a Microsoft Gold partner, that's hiring several Business Analysts to join the team following recent project wins. Key skills: Essential • Must have extensive experience in providing analysis within the full software development lifecycle in a Cloud based environment during requirements capture, design, verification, testing and release phases • Must be experien…",https://www.adzuna.co.uk/jobs/land/ad/5795657887?se=xPi0pg6G8RGJg-uPs_L7lA&utm_medium=api&utm_source=c0698c3f&v=1F53EE38C6802EE96C614A953B5A9D8873DF8202,software developer,Edinburgh
5805021124,"Higher Education Account Manager, UK Education",AWS EMEA SARL,"Edinburgh, Scotland","UK, Scotland, Edinburgh",44894.07,44894.07,1,,full_time,IT Jobs,2026-07-17T16:33:19Z,"Would you like to be part of a team focused on increasing adoption of Amazon Web Services in Higher Education in Scotland? Do you have the business savvy and the technical background necessary to help establish Amazon as a key technology platform provider? As Account Manager in Higher Education, you will have the exciting opportunity to help promote the growth and shape the future of an emerging technology. Your responsibility will be to increase the market penetration of AWS in the higher educ…",https://www.adzuna.co.uk/jobs/details/5805021124?utm_medium=api&utm_source=c0698c3f,software developer,Edinburgh
5810854406,Python Engineer - Freelance AI Trainer,Mindrift,"Edinburgh, Scotland","UK, Scotland, Edinburgh",64707.29,64707.29,1,contract,part_time,IT Jobs,2026-07-22T12:38:20Z,"Please submit your CV in English and indicate your level of English proficiency. Mindrift connects specialists with project-based AI opportunities for leading tech companies, focused on testing, evaluating, and improving AI systems. Participation is project-based, not permanent employment. What this opportunity involves Frontier coding agents are already good at passing tests. We measure whether they pass them the right way .We're building a dataset to evaluate the safety and conduct of AI codi…",https://www.adzuna.co.uk/jobs/details/5810854406?utm_medium=api&utm_source=c0698c3f,software developer,Edinburgh
5736379518,Delivery Manager,Scott Logic,"Edinburgh, Scotland","UK, Scotland, Edinburgh",55312.36,55312.36,1,,full_time,IT Jobs,2026-05-21T13:14:06Z,"Scott Logic is an independent software consultancy helping some of the world's most complex organisations solve hard technology problems. We work across financial services, public sector, and beyond - building high-quality, bespoke software, data, and AI solutions with small, expert teams. We offer a wide range of services, including software development, user experience (UX) design, data engineering, data visualisation, AI, and financial technology consulting. We pledge to develop high-quality…",https://www.adzuna.co.uk/jobs/details/5736379518?utm_medium=api&utm_source=c0698c3f,software developer,Edinburgh
5810992338,Developer,Harvey Nash,"Edinburgh, Scotland","UK, Scotland, Edinburgh",109200,124800,0,contract,,IT Jobs,2026-07-22T16:29:15Z,Developer - 6 Months - Outside IR35 - Hybrid Working Day Rate - Up to 480 Harvey Nash's public sector client are currently looking to recruit a Developer to join their team based remotely/Edinburgh for an initial 6 month period. Assignment description: The organisation is looking for an experienced developer with solid commercial experience of building web applications and REST APIs using Spring Boot in an OpenShift environment is required to accelerate the organisations delivery of new and imp…,https://www.adzuna.co.uk/jobs/details/5810992338?utm_medium=api&utm_source=c0698c3f,software developer,Edinburgh
5802819303,Senior Python Data Scraping Engineer (Freelance),Mindrift,"Edinburgh, Scotland","UK, Scotland, Edinburgh",58991.43,58991.43,1,contract,part_time,Engineering Jobs,2026-07-16T12:26:44Z,"Mindrift is looking for highly skilled Senior Python Data Scraping Engineers to join the Tendem project and drive specialized data scraping workflows within our hybrid AI human system. In this role, as an AI Pilot – that’s how we refer to this role at Mindrift – you’ll collaborate with Tendem Agents that handle repetitive tasks, while you provide critical thinking, domain expertise, and quality control to deliver accurate and actionable results. This part-time remote opportunity is ideal for t…",https://www.adzuna.co.uk/jobs/details/5802819303?utm_medium=api&utm_source=c0698c3f,software developer,Edinburgh
5807186638,Senior Developer - Local Authority,Spinwell Global,"Edinburgh City Centre, Edinburgh","UK, Scotland, Edinburgh, Edinburgh City Centre",73919.82,73919.82,1,contract,,IT Jobs,2026-07-19T13:54:02Z,"Role: Senior Developer Contract Length: 12 Months with possible extension. Location: Hybrid/Edinburgh or Glasgow - some of the team activities to take place at either the office in Edinburgh or Glasgow, for at least part of each week. IR35: Outside Pay Rate to Intermediary: £463 per day Security Clearance: BPSS Spinwell is recruiting for a Senior Developer for an excellent opportunity within the public sector. RESPONSIBILITIES OF THE SENIOR DEVELOPER An experienced developer with solid commerci…",https://www.adzuna.co.uk/jobs/details/5807186638?utm_medium=api&utm_source=c0698c3f,software developer,Edinburgh
5792745082,Senior Production Coordinator: Tools,Rockstar Games,"Edinburgh, Scotland","UK, Scotland, Edinburgh",34684.8,34684.8,1,permanent,full_time,IT Jobs,2026-07-08T16:36:26Z,"At Rockstar Games, we create world-class entertainment experiences. Become part of a team working on some of the most rewarding, large-scale creative projects to be found in any entertainment medium - all within an inclusive, highly-motivated environment where you can learn and collaborate with some of the most talented people in the industry. Rockstar North is on the lookout for a passionate Senior Production Coordinator with a keen interest in video game content authoring tools and solutions.…",https://www.adzuna.co.uk/jobs/details/5792745082?utm_medium=api&utm_source=c0698c3f,software developer,Edinburgh
5415768855,UK Senior Applied AI Solution Engineer,Tomoro,"Edinburgh, Scotland","UK, Scotland, Edinburgh",90000,135000,0,,full_time,IT Jobs,2025-09-26T16:43:24Z,"About Tomoro Tomoro enables organisations to realise competitive advantage with the power of Generative AI. We work with large corporate clients to create meaningful AI strategies, build production-ready AI solutions and effectively integrate those solutions in their businesses. Our alliance with OpenAI and NVIDIA (among others) enables us to lead the industry in building valuable, scalable, enterprise-ready solutions for businesses. We’re driven by applied R&D, prototyping and AI innovation. O…",https://www.adzuna.co.uk/jobs/details/5415768855?utm_medium=api&utm_source=c0698c3f,software developer,Edinburgh
5794244993,AI Engineer,SLR Consulting,"Edinburgh, Scotland","UK, Scotland, Edinburgh",64547.04,64547.04,1,,full_time,Engineering Jobs,2026-07-09T16:26:01Z,"About the Role SLR is seeking an AI Development Engineer who enjoys building AI systems that operate reliably in the real world. This role sits at the intersection of AI engineering, software development, and infrastructure, focusing on designing and implementing production-grade systems powered by large language models (LLMs). You will work hands-on across the full delivery lifecycle—moving quickly from concept to prototype to production. Working closely with product, engineering, and data tea…",https://www.adzuna.co.uk/jobs/details/5794244993?utm_medium=api&utm_source=c0698c3f,software developer,Edinburgh
5785702713,ERP Functional Analyst,Miller Homes,"Edinburgh, Scotland","UK, Scotland, Edinburgh",45000,50000,0,,full_time,IT Jobs,2026-07-02T18:46:55Z,"ERP Functional Analyst Newcastle (NE27 0QJ) or Edinburgh (EH12 9DH) Competitive salary attractive benefits At Miller Homes we are building homes in a way which allows us to build better places for people to belong to, better homes for customers and better places for communities to thrive and nature to prosper. We are also creating a better working environment for our people. We create better places where people and planet prosper. We are looking to recruit an ERP Functional Analyst to join our…",https://www.adzuna.co.uk/jobs/land/ad/5785702713?se=xPi0pg6G8RGJg-uPs_L7lA&utm_medium=api&utm_source=c0698c3f&v=7AC99237ECB794DE1D4DD4103EF2556368344EBA,software developer,Edinburgh
5803452398,Business Systems Consultant - Contract,Head Resourcing,"Edinburgh, Scotland","UK, Scotland, Edinburgh",78000,104000,0,contract,,IT Jobs,2026-07-16T17:59:47Z,"Business Systems (Support) Consultant Contract 3 months initially with potential to extend Edinburgh (circa 2-3 days pw onsite) £300-£400 per day (via Umbrella Company) A well-known Edinburgh based Client that we've worked with for many years (a well-known name to many) is currently looking to add a Business Systems Consultant to their Product Support team. Working in a Support capacity, this Contract will focus on delivering system improvements, configuring solutions, managing releases and sup…",https://www.adzuna.co.uk/jobs/land/ad/5803452398?se=xPi0pg6G8RGJg-uPs_L7lA&utm_medium=api&utm_source=c0698c3f&v=F0997FDD6642B1FABEEC5FAB8866CEF6BC807FD7,software developer,Edinburgh
5723452442,Solution Architect,Scott Logic,"Edinburgh, Scotland","UK, Scotland, Edinburgh",55600.69,55600.69,1,,full_time,IT Jobs,2026-05-08T22:02:54Z,"This is a hands-on, client-facing role, offering the opportunity to shape impactful technology projects for our clients. You’ll typically provide technical leadership for one or more multidisciplinary teams delivering small to medium projects, or with the support of a Principal Architect on advisory engagements or larger programmes of work. You’ll have the opportunity to further develop your career by working alongside colleagues with a wide range of architectural experience, participating in o…",https://www.adzuna.co.uk/jobs/details/5723452442?utm_medium=api&utm_source=c0698c3f,software developer,Edinburgh
5688570759,Technical Specialist- Integration,InterSystems,"Edinburgh, Scotland","UK, Scotland, Edinburgh",46622.16,46622.16,1,,,IT Jobs,2026-04-03T11:14:53Z,"The Technical Specialist will be required to perform custom development tasks (including integration to systems and devices) and provide support for the technical implementation tools of InterSystems healthcare applications and related products in a successful, standard and timely manner. The Technical Specialist will be responsible for site specific technical setup activities such as; integrations, data migration, reporting and data extraction, analytics cubes, database updates, environment co…",https://www.adzuna.co.uk/jobs/details/5688570759?utm_medium=api&utm_source=c0698c3f,software developer,Edinburgh
5797953670,Senior Developer,Baillie Gifford & Co,"Edinburgh, Scotland","UK, Scotland, Edinburgh",48566.05,48566.05,1,,,IT Jobs,2026-07-12T13:50:29Z,"Job Title Senior Developer Department Application Development & Enablement-BG-UK Overview of Department Purpose of Role The objective of the Investment & Trading stream is to provide the both the Investment and the Trading business teams with first-class Information System capabilities, including the development and delivery of new applications and enhancements to existing systems. The department is responsible for bespoke and packaged software development, focusing on applications essential to…",https://www.adzuna.co.uk/jobs/details/5797953670?utm_medium=api&utm_source=c0698c3f,software developer,Edinburgh
5789987980,Lead Systems Engineer,Leonardo,"Edinburgh, Scotland","UK, Scotland, Edinburgh",91553.33,91553.33,1,permanent,part_time,Engineering Jobs,2026-07-06T16:39:25Z,"hackajob is collaborating with Leonardo to connect them with exceptional professionals for this role. Job Description: Salary: £59,500 to £75,000 Leonardo UK operates a grade-based salary framework with broad bands. The salary range shown reflects the approved grade band for this role, or a narrower hiring range published within that band, and is benchmarked against the external market. Exceptions above the standard range are managed through governance controls to protect internal equity. At Le…",https://www.adzuna.co.uk/jobs/land/ad/5789987980?se=xPi0pg6G8RGJg-uPs_L7lA&utm_medium=api&utm_source=c0698c3f&v=8EA5F1EAA4B6834A6079A82849ADEC8F689D0D67,software developer,Edinburgh
5791079777,Business Analyst/Senior Business Analyst,Sanderson Recruitment,"Edinburgh, Scotland","UK, Scotland, Edinburgh",65000,65000,0,,,IT Jobs,2026-07-07T15:07:52Z,"Business Analyst/Senior Business Analyst Edinburgh - Hybrid Working Salary: c£60k DOE We're working with a growing Edinburgh-based technology consultancy who are looking for a few Business Analysts to join their team and contribute to cutting-edge projects across their own products and international client base. This is a brilliant opportunity for someone who enjoys working closely with customers, understanding business challenges, shaping clear requirements, and supporting technical teams. The…",https://www.adzuna.co.uk/jobs/details/5791079777?utm_medium=api&utm_source=c0698c3f,software developer,Edinburgh
5791079972,Senior Project Manager,Sanderson Recruitment,"Edinburgh, Scotland","UK, Scotland, Edinburgh",70000,70000,0,,,IT Jobs,2026-07-07T15:07:54Z,"Senior Project Manager Edinburgh - Hybrid Working Salary: c£70,000 We're working with a growing technology consultancy that is looking for a Senior Project Manager to join its delivery function at an exciting stage of growth. This is a brilliant opportunity for someone who enjoys taking ownership of complex client engagements, working closely with technical teams, and bringing structure, pace, and confidence to software delivery projects. The role Take ownership of the full project lifecycle, f…",https://www.adzuna.co.uk/jobs/details/5791079972?utm_medium=api&utm_source=c0698c3f,software developer,Edinburgh
5753385320,Senior Account Executive - AI Software Sales & professional services,MaxAccelerate,"Edinburgh, Scotland","UK, Scotland, Edinburgh",55730.34,55730.34,1,permanent,full_time,Sales Jobs,2026-06-05T20:03:16Z,"Senior Account Executive – AI Software Sales, Maximo Talent & Professional Services Fully Remote About DataMax AI & MaxAccelerate DataMax AI and MaxAccelerate are part of one of the most exciting and fast-growing technology groups currently operating in the enterprise software, AI, professional services and IBM Maximo market. MaxAccelerate supports global enterprise clients with IBM Maximo, IBM MAS 8/9, Enterprise Asset Management, EAM, asset management, upgrade, implementation and managed serv…",https://www.adzuna.co.uk/jobs/details/5753385320?utm_medium=api&utm_source=c0698c3f,software developer,Edinburgh
5718942114,"Applied Scientist, Intelligent Talent Acquisition - Lead Generation & Detection Services",Amazon Development Centre  Limited,"Edinburgh, Scotland","UK, Scotland, Edinburgh",63126.66,63126.66,1,,full_time,Scientific & QA Jobs,2026-05-05T01:38:23Z,"Do you want to make a real difference to real people's lives? Want to design and build fair and explainable systems which automate recruitment processes across Amazon? Come and be part of a team that develops new machine learning (ML) technologies, which help Amazon scale for its customers by recruiting diverse teams. Join our Recommendations team within Intelligent Talent Acquisition (ITA) where you’ll build machine learning products that transform how job seekers find opportunities and recrui…",https://www.adzuna.co.uk/jobs/details/5718942114?utm_medium=api&utm_source=c0698c3f,software developer,Edinburgh
5737558915,Senior Web Developer - Tools,Rockstar Games,"Edinburgh, Scotland","UK, Scotland, Edinburgh",45299.41,45299.41,1,permanent,full_time,IT Jobs,2026-05-22T13:02:28Z,"At Rockstar Games, we create world-class entertainment experiences. Become part of a team working on some of the most rewarding, large-scale creative projects to be found in any entertainment medium - all within an inclusive, highly-motivated environment where you can learn and collaborate with some of the most talented people in the industry. Rockstar is on the lookout for a passionate Web Developer with strong experience in React and .NET to help build modern, scalable applications that help …",https://www.adzuna.co.uk/jobs/details/5737558915?utm_medium=api&utm_source=c0698c3f,software developer,Edinburgh
5600192666,Technical Specialist- Integration,InterSystems,"Edinburgh, Scotland","UK, Scotland, Edinburgh",49224.97,49224.97,1,,,IT Jobs,2026-01-25T17:01:49Z,"The successful candidate will be responsible for delivering highly complex technical tasks required to assure the successful implementation of TrakCare and HealthShare solutions across the UK landscape. This is an exciting opportunity for candidates experienced in InterSystems technology stack or for highly experienced integration experts with substantial NHS and healthcare technology experience. This is an excellent opportunity to join an expanding team, with a number of exciting and innovativ…",https://www.adzuna.co.uk/jobs/details/5600192666?utm_medium=api&utm_source=c0698c3f,software developer,Edinburgh
5723441087,QHSE Specialist,Viridien,"Edinburgh, Scotland","UK, Scotland, Edinburgh",41985.58,41985.58,1,,full_time,Engineering Jobs,2026-05-08T21:49:26Z,"As part of the Sercel Group, Sercel Concept is a world leading provider of software systems and services. For over 40 years, our teams have been committed to delivering innovative, client-driven solutions. Our dedication to continuous development ensures that our customers not only have access to, but also help define the latest advances in technology. In addition to providing solutions to optimise the data quality, operational efficiency, and transparency of offshore and onshore operations in …",https://www.adzuna.co.uk/jobs/details/5723441087?utm_medium=api&utm_source=c0698c3f,software developer,Edinburgh
5806660324,"Higher Education Account Manager, UK Education",Amazon,"Edinburgh, Scotland","UK, Scotland, Edinburgh",56333.09,56333.09,1,,,IT Jobs,2026-07-19T01:53:50Z,"Description Would you like to be part of a team focused on increasing adoption of Amazon Web Services in Higher Education in Scotland? Do you have the business savvy and the technical background necessary to help establish Amazon as a key technology platform provider? As Account Manager in Higher Education, you will have the exciting opportunity to help promote the growth and shape the future of an emerging technology. Your responsibility will be to increase the market penetration of AWS in the…",https://www.adzuna.co.uk/jobs/details/5806660324?utm_medium=api&utm_source=c0698c3f,software developer,Edinburgh
5749563823,Head of Data Science,Optima Partners,"Edinburgh City Centre, Edinburgh","UK, Scotland, Edinburgh, Edinburgh City Centre",79033.57,79033.57,1,,,IT Jobs,2026-06-02T21:40:31Z,"Optima Partners is a fast‑growing professional services firm helping leading organisations transform customer engagement at the intersection of marketing, technology and data. As we scale from 100 to 300 people we’re growing our Advanced Data Practice team through the appointment of a Head of Data Science to drive both client impact and team growth About the role In this role you will shape and deliver the data science agenda ensuring machine learning and analytics solutions are not only techni…",https://www.adzuna.co.uk/jobs/details/5749563823?utm_medium=api&utm_source=c0698c3f,data scientist,Edinburgh
5785983786,Lead Data Scientist,Optima Partners,"Edinburgh City Centre, Edinburgh","UK, Scotland, Edinburgh, Edinburgh City Centre",56182,56182,1,,,IT Jobs,2026-07-02T22:10:15Z,"We are looking for a Lead Data Scientist to lead the design and delivery of machine learning, statistical modelling and experimentation solutions that solve complex business problems and drive measurable outcomes across our client base. You will combine strong hands-on technical expertise with consulting, delivery leadership and stakeholder management skills, guiding project teams and translating data into clear, actionable insight. The role focuses on leading end-to-end data science delivery, …",https://www.adzuna.co.uk/jobs/details/5785983786?utm_medium=api&utm_source=c0698c3f,data scientist,Edinburgh
5785934003,Senior Data Scientist,Optima Partners,"Edinburgh City Centre, Edinburgh","UK, Scotland, Edinburgh, Edinburgh City Centre",55072.12,55072.12,1,,,IT Jobs,2026-07-02T22:02:16Z,"We are looking for a Senior Data Scientist to lead the design and delivery of machine learning, statistical modelling and experimentation solutions that solve complex business problems and drive measurable outcomes across our client base. You will combine hands-on technical expertise with strong consulting and stakeholder skills, shaping analytical approaches, guiding delivery and translating data into clear, actionable insight. The role focuses on developing scalable data science solutions, va…",https://www.adzuna.co.uk/jobs/details/5785934003?utm_medium=api&utm_source=c0698c3f,data scientist,Edinburgh
5784208062,Core Data Scientist,Optima Partners,"Edinburgh City Centre, Edinburgh","UK, Scotland, Edinburgh, Edinburgh City Centre",46744.1,46744.1,1,,,IT Jobs,2026-07-01T21:47:57Z,"We are looking for a Core Data Scientist to apply ML, statistical modelling and experimentation to solve complex business problems and drive measurable outcomes across our client base. You will work hands-on with large datasets, developing and deploying models, running tests and translating data into clear, actionable insights. The role focuses on building scalable data science solutions, validating performance through experimentation and partnering with stakeholders to ensure analytical output…",https://www.adzuna.co.uk/jobs/details/5784208062?utm_medium=api&utm_source=c0698c3f,data scientist,Edinburgh
5586578867,Senior Data Scientist,Optima Partners,"Edinburgh City Centre, Edinburgh","UK, Scotland, Edinburgh, Edinburgh City Centre",56843.34,56843.34,1,,,IT Jobs,2026-01-15T19:16:54Z,"As a Senior Data Scientist within our professional services firm, you’ll lead the delivery of analytical solutions that drive measurable value for our clients. From discovery to deployment, you’ll apply the full suite of analytical techniques, from straight forward analysis to advanced techniques to solve real-world problems, working closely with both clients and internal teams to ensure solutions are practical, scalable, and aligned with business goals. What You’ll Do Design, implement and del…",https://www.adzuna.co.uk/jobs/details/5586578867?utm_medium=api&utm_source=c0698c3f,data scientist,Edinburgh
5679721717,Data Scientist - Water Sector,Stantec,"Edinburgh, Scotland","UK, Scotland, Edinburgh",54582.61,54582.61,1,,,IT Jobs,2026-03-26T22:02:02Z,"Do you thrive on solving complex challenges, uncovering insights, and driving innovation with advanced analytics? If so, we could have the perfect opportunity for you! We're seeking an experienced Data Scientist to join our award-winning Digital team at Stantec. You will be working alongside leading Analysts and Data Engineering experts to transform how we and our clients harness data. As a key member of our team, you'll play a critical role in shaping digital strategies, particularly within th…",https://www.adzuna.co.uk/jobs/details/5679721717?utm_medium=api&utm_source=c0698c3f,data scientist,Edinburgh
5753318079,Data Scientist (Product Analytics),Wordsmith AI,"Edinburgh, Scotland","UK, Scotland, Edinburgh",68410.25,68410.25,1,,full_time,IT Jobs,2026-06-05T17:02:11Z,"Data Scientist (Product Analytics) Edinburgh or London Wordsmith Wordsmith is building the legal operations platform for in-house teams, and we are growing fast. We believe in-house legal is becoming one of the most important functions in the AI era. Every business is moving faster, but legal work is still too often scattered across inboxes, chats, documents, and disconnected systems. Wordsmith brings that work into one system. Requests come in from across the business, AI agents handle the rou…",https://www.adzuna.co.uk/jobs/details/5753318079?utm_medium=api&utm_source=c0698c3f,data scientist,Edinburgh
5776463121,Data Scientist - Applied AI (Go-To-Market),Trustpilot,"Edinburgh, Scotland","UK, Scotland, Edinburgh",64399.96,64399.96,1,contract,full_time,Scientific & QA Jobs,2026-06-25T17:45:47Z,"At Trustpilot, were on an incredible journey. Were a profitable, high-growth FTSE-250 company with a big vision: to become the universal symbol of trust. We run the worlds largest open customer review platform, and while weve come a long way, theres still so much exciting work to do. Come join us at the heart of trust! *This is a Fixed-Term Contract (FTC) for a duration of 12 months. From reviews to user behaviors to internal systems, at Trustpilot, we truly have big data. Every month, more tha…",https://www.adzuna.co.uk/jobs/details/5776463121?utm_medium=api&utm_source=c0698c3f,data scientist,Edinburgh
5776463029,Data Scientist - Applied AI (Go-To-Market),Trustpilot,"Edinburgh, Scotland","UK, Scotland, Edinburgh",65935.02,65935.02,1,contract,full_time,Scientific & QA Jobs,2026-06-25T17:45:39Z,"At Trustpilot, were on an incredible journey. Were a profitable, high-growth FTSE-250 company with a big vision: to become the universal symbol of trust. We run the worlds largest open customer review platform, and while weve come a long way, theres still so much exciting work to do. Come join us at the heart of trust! *This is a Fixed-Term Contract (FTC) for a duration of 12 months. From reviews to user behaviors to internal systems, at Trustpilot, we truly have big data. Every month, more tha…",https://www.adzuna.co.uk/jobs/details/5776463029?utm_medium=api&utm_source=c0698c3f,data scientist,Edinburgh
5737563509,Data Scientist - Applied AI (Go-To-Market) 12 Months Fixed Term,Trustpilot,"Edinburgh, Scotland","UK, Scotland, Edinburgh",63420.52,63420.52,1,contract,,Scientific & QA Jobs,2026-05-22T13:16:17Z,"At Trustpilot, we're on an incredible journey. We're a profitable, high-growth FTSE-250 company with a big vision: to become the universal symbol of trust. We run the world's largest open customer review platform, and while we've come a long way, there's still so much exciting work to do. Come join us at the heart of trust! *This is a Fixed-Term Contract (FTC) for a duration of 12 months. From reviews to user behaviors to internal systems, at Trustpilot, we truly have big data. Every month, mor…",https://www.adzuna.co.uk/jobs/details/5737563509?utm_medium=api&utm_source=c0698c3f,data scientist,Edinburgh
5789752564,AI Solution Architect - Senior Manager/Associate Director Capital Markets,Datatech Analytics,"Edinburgh, Scotland","UK, Scotland, Edinburgh",121942.24,121942.24,1,permanent,,IT Jobs,2026-07-06T09:17:43Z,"AI Solution Architect - Senior Manager/Associate Director | Capital Markets Location: Edinburgh Working pattern: Hybrid Salary: Compensation aligned to experience and seniority Ref: J13118 Senior AI Solution Architects are required to support the design, implementation and scaling of advanced AI solutions within financial services and capital markets environments. This role would suit an experienced professional with a strong background in AI, cloud and data architecture, with experience design…",https://www.adzuna.co.uk/jobs/details/5789752564?utm_medium=api&utm_source=c0698c3f,data scientist,Edinburgh
5795269428,AI Engineer Placement Programme No Experience Needed,IT Online Learning,"Edinburgh, Scotland","UK, Scotland, Edinburgh",75000,75000,0,permanent,,IT Jobs,2026-07-10T09:32:24Z,"AI Engineer Placement Programme no experience needed From £45,000 to £75,000 per annum AI Trainee Engineer £45,000£75,000 Job Programme This is a self-funded programme that leads to employment, fees apply. Job Guarantee Complete the programme and get a job, or get your course fees back. Location: UK Wide (Remote Opportunities Available) Looking to start a career in AI Engineering? We are offering a structured pathway into AI Engineering, designed to help you enter one of the fastest-growing sec…",https://www.adzuna.co.uk/jobs/details/5795269428?utm_medium=api&utm_source=c0698c3f,data scientist,Edinburgh
5768365244,Data Engineer,Royal London Group,"Edinburgh, Scotland","UK, Scotland, Edinburgh",58589.66,58589.66,1,permanent,,IT Jobs,2026-06-18T21:30:18Z,"Job Title: Data Engineer Contract Type: Permanent Location: Alderley Park (Wilmslow) or Glasgow Working Style: Hybrid 50% home/office based We have a fantastic opportunity for a Data Engineer to join Royal London’s Analytics Engineering Team within our Group Data & AI Office function. As a Data Engineer you will define, manage, and deliver the data, tools and other technical assets to enable analytics, data science, and machine learning projects. These initiatives will create insights, answer k…",https://www.adzuna.co.uk/jobs/details/5768365244?utm_medium=api&utm_source=c0698c3f,data scientist,Edinburgh
5415418201,AI Technical Recruiter/Business Development Manager (AI POD Solutions),MaxAccelerate,"Edinburgh, Scotland","UK, Scotland, Edinburgh",59961.45,59961.45,1,,full_time,Sales Jobs,2025-09-26T14:31:32Z,"Location: Remote (Work from anywhere) or HQ in Dubai Career Growth: Opportunity to move into a Director position within 24-36 months Competitive base salary high commission structure About Us Maxaccelerate Technology Group is a global leader in AI-driven technology solutions and consulting. We specialize in providing AI POD solutions —dedicated teams of AI engineers, data scientists, ML specialists, and AI consultants —to help businesses scale their AI capabilities efficiently. As part of o…",https://www.adzuna.co.uk/jobs/details/5415418201?utm_medium=api&utm_source=c0698c3f,data scientist,Edinburgh
5809035271,Data & AI Delivery Senior Manager/Associate Director Capital Markets,Datatech Analytics,"Edinburgh, Scotland","UK, Scotland, Edinburgh",90709.52,90709.52,1,permanent,,Consultancy Jobs,2026-07-21T10:01:11Z,Data & AI Delivery Senior Manager/Associate Director | Capital Markets Location: Edinburgh Working pattern: Hybrid Salary: Compensation aligned to experience and seniority Ref: J13121 Senior Data & AI Delivery professionals are required to lead the delivery of complex data transformation and AI programmes within financial services and capital markets environments. You will bring experience delivering large scale data and AI initiatives within complex environments and play a key role in shaping …,https://www.adzuna.co.uk/jobs/details/5809035271?utm_medium=api&utm_source=c0698c3f,data scientist,Edinburgh
5804500077,Senior Fraud Strategy Analyst,J.P. Morgan,"Edinburgh, Scotland","UK, Scotland, Edinburgh",39931.74,39931.74,1,,,Accounting & Finance Jobs,2026-07-17T08:17:19Z,"hackajob is collaborating with J.P. Morgan to connect them with exceptional professionals for this role. JOB DESCRIPTION As a Fraud Analytics Specialist in the Fraud Analytics team, you will develop and implement strategies to detect and prevent fraudulent activities. You will use analytics to support fraud products, operations, and financial crime initiatives, ensuring the safety of our customers and the bank. You will collaborate with cross-functional teams to translate fraud strategies into …",https://www.adzuna.co.uk/jobs/land/ad/5804500077?se=JMsSqA6G8RGJg-uPs_L7lA&utm_medium=api&utm_source=c0698c3f&v=15952FBF756E38606DCC3E727A9120955A568412,data scientist,Edinburgh
5594473606,Senior MLOps Engineer,Optima Partners,"Edinburgh City Centre, Edinburgh","UK, Scotland, Edinburgh, Edinburgh City Centre",97049.73,97049.73,1,,,IT Jobs,2026-01-21T19:26:03Z,"As an MLOps Engineer, you will play a pivotal role in designing, building, and operating the platforms, pipelines, and infrastructure that enable machine learning solutions to move reliably from experimentation to production. This is a blended role combining MLOps, Data Engineering, and DevOps, well-suited to an engineer who enjoys working across the full ML and data lifecycle. You will work within dynamic, multi-disciplinary project teams, collaborating closely with data scientists, software e…",https://www.adzuna.co.uk/jobs/details/5594473606?utm_medium=api&utm_source=c0698c3f,data scientist,Edinburgh
5804704718,AI Engineer Placement Programme,IT Online Learning,"Edinburgh, Scotland","UK, Scotland, Edinburgh",75000,75000,0,,full_time,IT Jobs,2026-07-17T10:45:24Z,"Salary: £75,000 - 75,000 per year Requirements: We welcome candidates with no prior experience in AI engineering. We require a commitment to complete our self-funded training programme and meet all programme requirements. We expect candidates to actively engage with our recruitment support process. We require learners to complete and pass all required qualifications to be eligible for our job guarantee. We offer and support training in Python, machine learning, AI systems, and AWS Certified Clo…",https://www.adzuna.co.uk/jobs/details/5804704718?utm_medium=api&utm_source=c0698c3f,data scientist,Edinburgh
5638644137,Client Director - Financial Services,Optima Partners,"Edinburgh City Centre, Edinburgh","UK, Scotland, Edinburgh, Edinburgh City Centre",83113.22,83113.22,1,,,Sales Jobs,2026-02-20T20:08:57Z,"About us Want to shape the future of AI led transformation? So do we. At Optima Partners, we connect business context, advanced analytics and engineering rigour to help organisations solve their most complex challenges and deliver measurable outcomes at speed. Founded in 2013 and headquartered in Edinburgh, Optima is an AI and data consultancy specialising in transformation across Financial Services & Insurance, Energy, Telecoms and Life Sciences. Backed by significant recent investment from Gr…",https://www.adzuna.co.uk/jobs/details/5638644137?utm_medium=api&utm_source=c0698c3f,data scientist,Edinburgh
5784391663,AI Engineer - 6 Month Contract,Cathcart Technology,"Edinburgh, Scotland","UK, Scotland, Edinburgh",130000,156000,0,contract,,IT Jobs,2026-07-01T22:28:58Z,"AI Engineer - Edinburgh An AI Engineer is urgently required by our client based in Edinburgh for a 6-month contract, with a very high chance of extension. The Role: Their Edinburgh development centre is home to circa 15 Engineers (and the team is constantly growing!), working with cutting-edge technologies and continuing to push forward with new products and tech. They're building a new team of ML & AI Engineers. As a result, they're looking for an Engineer with AI & ML - who will be expected t…",https://www.adzuna.co.uk/jobs/land/ad/5784391663?se=JMsSqA6G8RGJg-uPs_L7lA&utm_medium=api&utm_source=c0698c3f&v=880F7B3F1735303F56E96D6862F51B5CCB70C5AA,data scientist,Edinburgh
5636038388,Senior Data Engineer,Atto,"Edinburgh, Scotland","UK, Scotland, Edinburgh",70000,80000,0,,full_time,IT Jobs,2026-02-19T13:29:51Z,"Your role As a Senior Data Engineer with Atto, you will be part of our Data Science & Engineering team, helping our customers use transactional intelligence to drive smarter financial decisions and build impactful products. You’ll play a key role in designing and delivering scalable, production-ready analytical solutions that turn complex data into meaningful insights. You will own and improve the systems that ingest, transform, and serve large-scale transactional data sets. You will be respons…",https://www.adzuna.co.uk/jobs/details/5636038388?utm_medium=api&utm_source=c0698c3f,data scientist,Edinburgh
5661595043,Senior Data Engineer,Wrisk,"Edinburgh, Scotland","UK, Scotland, Edinburgh",70000,80000,0,,full_time,IT Jobs,2026-03-11T11:29:17Z,"As a Senior Data Engineer with Atto, you will be part of our Data Science & Engineering team, helping our customers use transactional intelligence to drive smarter financial decisions and build impactful products. You’ll play a key role in designing and delivering scalable, production-ready analytical solutions that turn complex data into meaningful insights. You will own and improve the systems that ingest, transform, and serve large-scale transactional data sets. You will be responsible for d…",https://www.adzuna.co.uk/jobs/details/5661595043?utm_medium=api&utm_source=c0698c3f,data scientist,Edinburgh
5792793655,Research Associate - Innovation Expert for the Mathematics-Driven Innovation Centre (M-DICE),Heriot-Watt University,"Hermiston, Currie","UK, Scotland, Edinburgh, Currie, Hermiston",47340.37,47340.37,1,contract,full_time,Scientific & QA Jobs,2026-07-08T16:41:28Z,"Description Role: Research Associate in Mathematical and Computer Science Grade and Salary: Grade 7 (37,694 - £47,389) FTE and working pattern : Full-time (35 hours per week), Fixed Term for 1 year. We have 2 opportunities available. Holiday Entitlement: 33 days annual leave plus 9 buildings closed days (and Christmas Eve when it falls on a weekday) Purpose of the role Heriot-Watt University has established a reputation for world-class teaching and leading-edge, relevant research, which has mad…",https://www.adzuna.co.uk/jobs/land/ad/5792793655?se=JMsSqA6G8RGJg-uPs_L7lA&utm_medium=api&utm_source=c0698c3f&v=9660F594D8F381D70DEA303FA104A84B93600384,data scientist,Edinburgh
5806660958,"Associate/Vice President, AI Infrastructure Engineer",BlackRock,"Edinburgh, Scotland","UK, Scotland, Edinburgh",63206.48,63206.48,1,,,IT Jobs,2026-07-19T01:53:54Z,"About this role At BlackRock, technology underpins everything we do. AI is a core strategic priority for the firm, embedded across Aladdin and our investment, client, and operational platforms. We are seeking an AI Infrastructure Engineer to help build and operate the foundational infrastructure that enables AI systems to scale safely, securely, and reliably across the enterprise. This role sits within Aladdin Platform Engineering and focuses on the infrastructure and platform services required…",https://www.adzuna.co.uk/jobs/details/5806660958?utm_medium=api&utm_source=c0698c3f,data scientist,Edinburgh
5317887552,Lead Data Engineer,Scott Logic,"Edinburgh, Scotland","UK, Scotland, Edinburgh",56571.15,56571.15,1,,full_time,IT Jobs,2025-07-23T11:16:50Z,"We work with some of the UK’s biggest companies and government departments to provide a pragmatic approach to technology, delivering bespoke software solutions and expert advice. Our clients are increasingly looking to us to help them make the best use of their data. In building data platforms and pipelines, our data engineers create the foundation for diverse data & analytics solutions, including data science and AI. They build data lakes and warehouses, create the processes to extract or acce…",https://www.adzuna.co.uk/jobs/details/5317887552?utm_medium=api&utm_source=c0698c3f,data scientist,Edinburgh
5317884867,Senior Data Engineer,Scott Logic,"Edinburgh, Scotland","UK, Scotland, Edinburgh",55047.03,55047.03,1,,full_time,IT Jobs,2025-07-23T11:11:53Z,"We work with some of the UK’s biggest companies and government departments to provide a pragmatic approach to technology, delivering bespoke software solutions and expert advice. Our clients are increasingly looking to us to help them make the best use of their data. In building data platforms and pipelines, our data engineers create the foundation for diverse data & analytics solutions, including data science and AI. They build data lakes and warehouses, create the processes to extract or acce…",https://www.adzuna.co.uk/jobs/details/5317884867?utm_medium=api&utm_source=c0698c3f,data scientist,Edinburgh
5804874460,Client Delivery Advocate - Analyst,iCapital,"Edinburgh, Scotland","UK, Scotland, Edinburgh",28759.29,28759.29,1,,,Accounting & Finance Jobs,2026-07-17T13:50:57Z,"About the Role iCapital is seeking a Client Delivery Advocate Analyst to join the Data Solutions team. This individual must be comfortable working in a dynamic, performance-driven, fast-paced environment, and is committed to delivering a high-quality, accurate product on a time-sensitive basis. Daily activities will be diverse, from setting up and maintaining software applications, to assisting clients with issues, special projects, sales calls, and helping with all the non-related tasks associ…",https://www.adzuna.co.uk/jobs/details/5804874460?utm_medium=api&utm_source=c0698c3f,data scientist,Edinburgh
5698397759,Consultant - Content Supply Chain,Optima Partners,"Edinburgh City Centre, Edinburgh","UK, Scotland, Edinburgh, Edinburgh City Centre",48558.27,48558.27,1,,,Consultancy Jobs,2026-04-13T21:36:18Z,"Consultant – Content Supply Chain Who we are Optima Partners is a forward-thinking professional services firm on an exciting growth trajectory. As we scale from 80 to 200 employees over the next two years, we are strengthening our team and are now looking for Content Strategy, Ops and Supply Chain Consultants. We work with leading consumer brands to tackle and overcome complex business and customer problems to drive transformation and champion customer-centric agendas. We are proud to include s…",https://www.adzuna.co.uk/jobs/details/5698397759?utm_medium=api&utm_source=c0698c3f,data scientist,Edinburgh
5722142407,Product Manager - Data Intelligence,Addepar,"Edinburgh, Scotland","UK, Scotland, Edinburgh",51060.04,51060.04,1,,,IT Jobs,2026-05-07T21:55:43Z,"Who We Are Addepar is a global data and AI platform empowering investment professionals to turn complex financial information into actionable intelligence. Addepar unifies portfolio, market and client data in a total portfolio view and delivers AI-powered insights within investment and client workflows. More than 1,400 firms in nearly 60 countries use Addepar to manage and advise on nearly $9 trillion in assets. Its open platform integrates with nearly 650 software, data and consulting partners…",https://www.adzuna.co.uk/jobs/details/5722142407?utm_medium=api&utm_source=c0698c3f,data scientist,Edinburgh
5805173375,Senior Data Modeller (Data Analytics & Core Engineering),Royal London Group,"Edinburgh, Scotland","UK, Scotland, Edinburgh",67605.77,67605.77,1,permanent,,IT Jobs,2026-07-17T21:52:59Z,"Job Title: Senior Data Modeller (Data Analytics & Core Engineering) Contract Type: Permanent Location: Alderley Park or Glasgow Working Style: Hybrid - 50% from home / 50% office based We have an exciting opportunity for a Senior Data Modeller to join our Core Engineering Team within Royal London’s Group Data & AI Office. You’ll help us turn complex data into trusted, well-governed data products that power analytics, reporting and AI across the business. In this role you’ll analyse and understa…",https://www.adzuna.co.uk/jobs/details/5805173375?utm_medium=api&utm_source=c0698c3f,data scientist,Edinburgh
5795611890,Lead ML Ops Developer,CreateFuture,"Edinburgh, Scotland","UK, Scotland, Edinburgh",110419.86,110419.86,1,,,IT Jobs,2026-07-10T13:31:56Z,"Who we are CreateFuture is fast becoming the UK’s most recognisable digital consultancy, with years of experience building digital products and services for major organisations whilst putting our people first. We have offices in the centre of Edinburgh, Leeds, Manchester, and London as well as remote employees located throughout the country. We are a team of creators - whether that’s code, project plans, go to market strategies, culture initiatives, marketing campaigns, large language models or…",https://www.adzuna.co.uk/jobs/details/5795611890?utm_medium=api&utm_source=c0698c3f,data scientist,Edinburgh
5720323765,"Vice President, Procurement & Sourcing - Professional Services Category",BlackRock,"Edinburgh, Scotland","UK, Scotland, Edinburgh",64940.04,64940.04,1,,full_time,Accounting & Finance Jobs,2026-05-06T12:48:23Z,"BlackRock is one of the world’s preeminent asset management firms and a premier provider of global investment management, risk management and advisory services to institutional, intermediary and individual investors around the world. BlackRock offers a range of solutions — from rigorous fundamental and quantitative active management approaches aimed at maximizing outperformance to highly efficient indexing strategies designed to gain broad exposure to the world’s capital markets. Our clients ca…",https://www.adzuna.co.uk/jobs/details/5720323765?utm_medium=api&utm_source=c0698c3f,data scientist,Edinburgh
5119758112,Associate Director - Mechanical,Rework Recruitment,"Edinburgh, Scotland","UK, Scotland, Edinburgh",100474.3,100474.3,1,,,Engineering Jobs,2025-03-31T12:25:23Z,"Would you like to join a leading building services, construction, sustainability and real estate consultancy as Associate Director and Mechanical Lead for the Edinburgh office, overseeing key projects, providing technical and operational leadership to a multi-award-winning team delivering innovative and sustainable engineering design solutions for large-scale, complex, and high-profile projects across Scotland and the UK? You will be an integral member of leading consultancy that are renowned f…",https://www.adzuna.co.uk/jobs/details/5119758112?utm_medium=api&utm_source=c0698c3f,data scientist,Edinburgh
5768949975,ESG Investment Analyst Programme,GOLDEN HIRING LIMITED,"Edinburgh, Scotland","UK, Scotland, Edinburgh",50000,50000,0,,,Accounting & Finance Jobs,2026-06-19T05:27:05Z,"Shape the future of sustainable investing. Are you fascinated by how capital can influence the world around us? Do you want to be part of investment decisions that support innovation, environmental progress, responsible business practices, and long-term economic growth? We are launching an exciting ESG Investment Analyst Programme designed for ambitious graduates who want to build a career at the intersection of finance, sustainability, and global investment strategy. This is not a traditional …",https://www.adzuna.co.uk/jobs/details/5768949975?utm_medium=api&utm_source=c0698c3f,data scientist,Edinburgh
5797714586,Radar Trials Systems Engineer,Leonardo,"Edinburgh, Scotland","UK, Scotland, Edinburgh",72835.45,72835.45,1,permanent,part_time,Engineering Jobs,2026-07-12T07:56:13Z,"hackajob is collaborating with Leonardo to connect them with exceptional professionals for this role. Job Description: Salary Range: Systems Engineer £38,000 - £48,000 Senior Systems Engineer £44,500 - £56,000 Principal Systems Engineer £53,500 - £68,000q Lead Systems Engineer £59,500 - £75,000 Where this vacancy is being recruited across more than one grade, the successful candidate will be appointed to a specific assessed grade, and the applicable salary range will be that associated with the…",https://www.adzuna.co.uk/jobs/land/ad/5797714586?se=JMsSqA6G8RGJg-uPs_L7lA&utm_medium=api&utm_source=c0698c3f&v=6F9AAF61D282878A02D992DB1C0272C0BA46CA4F,data scientist,Edinburgh
5807177614,Sustainability & Reputational Risk Manager - Climate and Thematic (12 month FTC),Prudential Distribution,"Edinburgh, Scotland","UK, Scotland, Edinburgh",58815.27,58815.27,1,contract,full_time,Accounting & Finance Jobs,2026-07-19T13:49:17Z,"Our purpose is to give everyone real confidence to put their money to work. With a heritage dating back more than 175 years, we have a long history of innovation in savings and investments, combining asset management and insurance expertise to offer a wide range of solutions. Our two distinct operating segments, Asset Management and Life, work together to provide access to balanced, long-term investment and savings solutions. Through telling it like it is, owning it now, and moving it forward t…",https://www.adzuna.co.uk/jobs/details/5807177614?utm_medium=api&utm_source=c0698c3f,data scientist,Edinburgh
5807604403,Advisory Services Graduate (Multiple locations),AECOM,"Edinburgh, Scotland","UK, Scotland, Edinburgh",38637.01,38637.01,1,permanent,,Graduate Jobs,2026-07-20T01:57:06Z,"Company Description Work with Us. Change the World. At AECOM, we're delivering a better world. Whether improving your commute, keeping the lights on, providing access to clean water, or transforming skylines, our work helps people and communities thrive. We are the world's trusted infrastructure consulting firm, partnering with clients to solve the world's most complex challenges and build legacies for future generations. There has never been a better time to be at AECOM. With accelerating infr…",https://www.adzuna.co.uk/jobs/details/5807604403?utm_medium=api&utm_source=c0698c3f,data scientist,Edinburgh
5800491051,Trainee Data Engineer Programme No Experience Required,NEWTO TRAINING LIMITED,"Edinburgh, Scotland","UK, Scotland, Edinburgh",40000,40000,0,permanent,,IT Jobs,2026-07-15T01:47:46Z,"Trainee Data Engineer Programme No Experience Required *This is a self-funded career programme with a guaranteed job on completion or 100% of your course fees back* Train. Certify. Get Hired. Are you looking to start a career in data but don't know where to begin? The demand for Data Analysts has grown by 20% annually, with experienced professionals earning salaries upwards of £58,000. In todays digital world, data is critical to business decision-making, making the role of a Data Analyst indis…",https://www.adzuna.co.uk/jobs/land/ad/5800491051?se=MJx1qQ6G8RGOjq-EnQ330Q&utm_medium=api&utm_source=c0698c3f&v=158DCE4824350B297FC780A7780DDB430397FF57,data engineer,Edinburgh
5715833165,Data Engineer,Dayshape,"Edinburgh, Scotland","UK, Scotland, Edinburgh",38000,48500,0,,full_time,IT Jobs,2026-05-01T13:08:15Z,"About Us We’re Dayshape—an award-winning software scale-up with big ambitions and the momentum to match. Trusted by Big Four and many other top professional services firms globally, our AI-powered resource management platform is helping organisations to achieve extraordinary results. Our platform stands apart as the only solution that combines advanced AI, real-time project financials, and firm-wide insights to elevate resource management to a strategic function. By driving profitable growth, p…",https://www.adzuna.co.uk/jobs/details/5715833165?utm_medium=api&utm_source=c0698c3f,data engineer,Edinburgh
5794406927,Data Engineer,Quorum Cyber,"Edinburgh, Scotland","UK, Scotland, Edinburgh",56386.68,56386.68,1,permanent,full_time,IT Jobs,2026-07-09T20:03:53Z,"Company Description: At Quorum Cyber, we're on a mission to help good people win. Founded in Edinburgh in 2016, we're one of the fastest growing cyber security companies in the UK and North America, serving over 400 customers on four continents. We protect organisations against the rising threat of cyber-attacks, enabling them to thrive in an increasingly unpredictable and inhospitable digital landscape. As a Microsoft-only security house, a Microsoft Solutions Partner for Security, a member of…",https://www.adzuna.co.uk/jobs/details/5794406927?utm_medium=api&utm_source=c0698c3f,data engineer,Edinburgh
5782335857,Senior Data Engineer,Experis UK,"Edinburgh, Scotland","UK, Scotland, Edinburgh",525,565,0,contract,full_time,IT Jobs,2026-06-30T19:41:36Z,"Experis are partnering with an organisation who are undertaking a significant transformation and are seeing a Senior Data Engineer with strong Microsoft Fabric expertise to support the delivery of a modern data platform. This role is Inside IR35, and is for an initial 3 months (with the potential to extend past this date). This is a hands-on contract opportunity where you'll be expected to make an immediate impact, designing and delivering production-ready data solutions within a fast-paced env…",https://www.adzuna.co.uk/jobs/details/5782335857?utm_medium=api&utm_source=c0698c3f,data engineer,Edinburgh
5810697934,Data Engineer (Databricks),Prudential UK Services,"Edinburgh, Scotland","UK, Scotland, Edinburgh",55598.2,55598.2,1,contract,full_time,IT Jobs,2026-07-22T10:53:54Z,"At M&G, our purpose is to give everyone real confidence to put their money to work. With a heritage dating back more than 175 years, we have a long history of innovation in savings and investments, combining asset management and insurance expertise to offer a wide range of solutions. Our two distinct operating segments, Asset Management and Life, work together to provide access to balanced, long-term investment and savings solutions. Through telling it like it is, owning it now and moving it fo…",https://www.adzuna.co.uk/jobs/details/5810697934?utm_medium=api&utm_source=c0698c3f,data engineer,Edinburgh
5810686629,Data Engineer (Databricks),Prudential UK Services,"Edinburgh, Scotland","UK, Scotland, Edinburgh",49320.41,49320.41,1,,full_time,IT Jobs,2026-07-22T10:42:41Z,"At M&G, our purpose is to give everyone real confidence to put their money to work. With a heritage dating back more than 175 years, we have a long history of innovation in savings and investments, combining asset management and insurance expertise to offer a wide range of solutions. Our two distinct operating segments, Asset Management and Life, work together to provide access to balanced, long-term investment and savings solutions. Through telling it like it is, owning it now and moving it fo…",https://www.adzuna.co.uk/jobs/details/5810686629?utm_medium=api&utm_source=c0698c3f,data engineer,Edinburgh
5804708151,Contract Snowflake Data Engineer,Cathcart Technology,"Edinburgh City Centre, Edinburgh","UK, Scotland, Edinburgh, Edinburgh City Centre",56698.84,56698.84,1,contract,,IT Jobs,2026-07-17T10:45:39Z,"Salary: £? - ? per year Requirements: Demonstrable experience with Snowflake Experience building complex systems to ingest and process large volumes of data Well-versed in Python, SQL, and DBT Strong understanding of data engineering principles Ability to pick up new tooling quickly Senior-level experience and capability to work closely with other team members Responsibilities: Help deliver our leading data platform Build complex systems to ingest and process large volumes of data Work day to d…",https://www.adzuna.co.uk/jobs/details/5804708151?utm_medium=api&utm_source=c0698c3f,data engineer,Edinburgh
5746797978,Cyber Security Data Operations Engineer - Associate,BlackRock,"Edinburgh, Scotland","UK, Scotland, Edinburgh",51036.71,51036.71,1,,,IT Jobs,2026-06-01T01:27:31Z,"About this role We are looking for a Cyber Security Data Operations Engineer to join BlackRock's Technology & Operations organization. This role sits within a team responsible for building reliable, secure, and observable data pipelines in a highly regulated environment. You will work closely with technology, operations, and information security partners to deliver data products that enable transparency, automation, and risk-informed decision making at scale. The ideal candidate is an engineer …",https://www.adzuna.co.uk/jobs/details/5746797978?utm_medium=api&utm_source=c0698c3f,data engineer,Edinburgh
5800876492,AI Engineer - Financial Service Consulting,Datatech Analytics,"Edinburgh, Scotland","UK, Scotland, Edinburgh",70588.55,70588.55,1,,,IT Jobs,2026-07-15T08:42:00Z,"AI Engineer - FS Consulting Scotland Want to build AI that actually ships? A leading consulting and technology firm is hiring AI Engineers and Technical AI Leaders in London (hybrid) to deliver production-grade AI across banking, risk, fraud and enterprise platforms. Roles available from Engineer through to Senior Manager. What you'll do Design and build AI-enabled platforms and intelligent workflows using large language models (LLMs), retrieval-augmented generation (RAG) pipelines and embeddin…",https://www.adzuna.co.uk/jobs/details/5800876492?utm_medium=api&utm_source=c0698c3f,data engineer,Edinburgh
5700725080,Lead Developer - Vice President,BlackRock,"Edinburgh, Scotland","UK, Scotland, Edinburgh",84311.35,84311.35,1,,,IT Jobs,2026-04-16T01:02:20Z,"About this role Data Engineer - AWS Native Data Platforms About the Role We are looking for a Data Engineer to join BlackRock's Technology & Operations organization, supporting the design, build, and operation of our Cloud-native data platform that power critical technology, security, and operational use cases across the firm. This role sits within a team responsible for building reliable, secure, and observable data pipelines in a highly regulated environment. You will work closely with techno…",https://www.adzuna.co.uk/jobs/details/5700725080?utm_medium=api&utm_source=c0698c3f,data engineer,Edinburgh
5802857743,"Strategic Finance Partner, Data and AI",NatWest Group,"Edinburgh, Scotland","UK, Scotland, Edinburgh",87329.64,87329.64,1,,full_time,Accounting & Finance Jobs,2026-07-16T13:46:18Z,"Join us as a Strategic Finance Partner, Data and AI Join us in Digital X Technology to support and challenge the business in achieving its strategic goals by applying strong financial, cost and investment knowledge, alongside a strong understanding of technology, data and AI You’ll play a key role in managing the relationship between Finance and the Digital X business, partnering closely with our franchise Chief Information Officers, Data & Engineering, and the Chief AI Research Officer It’s a …",https://www.adzuna.co.uk/jobs/details/5802857743?utm_medium=api&utm_source=c0698c3f,data engineer,Edinburgh
5810688224,BI Engineer - Fixed Term,Phoenix Group,"Edinburgh City Centre, Edinburgh","UK, Scotland, Edinburgh, Edinburgh City Centre",48760.31,48760.31,1,contract,part_time,IT Jobs,2026-07-22T10:44:29Z,"Description Job Type : 12 Month Fixed Term Location : Edinburgh or Birmingham. All our roles are open to part-time, job-share and other types of flexibility. We will discuss what is important to you and balancing this with business requirements during the recruitment process. You can read more about flexible working here Salary : Up to £70,000 dependent upon experience plus an indicative bonus range of 16% to 32%, private medical cover, 38 days annual leave, excellent pension, 12x salary life a…",https://www.adzuna.co.uk/jobs/details/5810688224?utm_medium=api&utm_source=c0698c3f,data engineer,Edinburgh
5737038581,Project Director - Controls Analytics,AECOM,"Edinburgh, Scotland","UK, Scotland, Edinburgh",69159.57,69159.57,1,,,Consultancy Jobs,2026-05-22T01:21:39Z,"Company Description Work with Us. Change the World. At AECOM, we're delivering a better world. Whether improving your commute, keeping the lights on, providing access to clean water, or transforming skylines, our work helps people and communities thrive. We are the world's trusted infrastructure consulting firm, partnering with clients to solve the world's most complex challenges and build legacies for future generations. There has never been a better time to be at AECOM. With accelerating infr…",https://www.adzuna.co.uk/jobs/details/5737038581?utm_medium=api&utm_source=c0698c3f,data engineer,Edinburgh
5784051737,CAD Technician,AECOM,"Edinburgh, Scotland","UK, Scotland, Edinburgh",36802.92,36802.92,1,,part_time,Engineering Jobs,2026-07-01T19:36:42Z,Job Description Level of Supervision & Responsibility: Work independently using an already established understanding of civil engineering and best practices and be able to provide meaningful input to the design process Project & Technical Accountability: Duties may include technical responsibility for a major phase or component of a project. Takes lead role in workflow co‑ordination Collaboration: Work in conjunction with engineers of multiple disciplines as part of the iterative design process…,https://www.adzuna.co.uk/jobs/details/5784051737?utm_medium=api&utm_source=c0698c3f,data engineer,Edinburgh
5707203333,Trading & Pricing Analyst,Dohop,"Edinburgh City Centre, Edinburgh","UK, Scotland, Edinburgh, Edinburgh City Centre",54552.85,54552.85,1,,full_time,IT Jobs,2026-04-22T14:56:02Z,"About the Role WAYA is Dohop's self-transfer booking platform, connecting travellers through smart itinerary combinations backed by ConnectSure protection. As we scale, data-driven pricing and trading insight are critical to our commercial success. We are looking for a sharp, analytically minded Trading & Pricing Analyst to own the analysis of all trading activity on the WAYA platform and help shape the pricing strategy. This is a high-impact role sitting at the intersection of commercial strat…",https://www.adzuna.co.uk/jobs/details/5707203333?utm_medium=api&utm_source=c0698c3f,data engineer,Edinburgh
5735092101,Data Analyst - Commercial,Dohop,"Edinburgh City Centre, Edinburgh","UK, Scotland, Edinburgh, Edinburgh City Centre",48045.07,48045.07,1,,full_time,IT Jobs,2026-05-20T13:02:31Z,"We are looking for an ambitious data analyst to join our commercial team, with a particular focus on our B2B business. You will work closely with a global team that is focused on growing partnerships and delivering value for our partners each and every day. As Dohop continues to grow, we expect this role to evolve into an excellent basis for building your career and skill set. Responsibilities Build, maintain, and continuously improve dashboards, reporting, forecasting support models, and comme…",https://www.adzuna.co.uk/jobs/details/5735092101?utm_medium=api&utm_source=c0698c3f,data engineer,Edinburgh
5806290677,Senior Linux IAM Engineer,Hays,"Edinburgh, Scotland","UK, Scotland, Edinburgh",65000,65000,0,permanent,,IT Jobs,2026-07-18T18:01:29Z,"Senior Linux IAM Engineer Edinburgh or Glasgow Relaxed Hybrid and Flexible Working Environment £58,281- £68,621 per annum 28.97% employer contributory pension and 38 days annual holiday Introduction to the Role Hays' Cyber practice have partnered exclusively with Registers of Scotland (RoS) on the search for an experienced Linux IAM/PAM Engineer to lead on identity, authentication, and privileged access across their Linux estate, driving least-privilege access, improving automation, and streng…",https://www.adzuna.co.uk/jobs/land/ad/5806290677?se=MJx1qQ6G8RGOjq-EnQ330Q&utm_medium=api&utm_source=c0698c3f&v=EA4432AD898E20934FF4C95560D7775DC1D171FD,data engineer,Edinburgh
5735140791,Workplace Technology Engineer,CALA Group,"Riccarton, Currie","UK, Scotland, Edinburgh, Currie, Riccarton",52147.11,52147.11,1,,full_time,IT Jobs,2026-05-20T13:21:47Z,"Location : Edinburgh Office / Hybrid (2 days) Reports To : Service Delivery Manager; Technology Job Type: Full-Time There may be an element of travel required to visit (local) regional offices to support users and resolve issues, therefore, a driving licence is an essential requirement. Job Summary: We are looking for a Workplace Technology Engineer to support, maintain and incrementally enhance our Microsoft 365 digital workplace. This role sits at the administration‑led end of the spectrum, w…",https://www.adzuna.co.uk/jobs/details/5735140791?utm_medium=api&utm_source=c0698c3f,data engineer,Edinburgh
5718538389,AI & Automation Lead,Sword Group,"Edinburgh, Scotland","UK, Scotland, Edinburgh",64873.38,64873.38,1,,full_time,IT Jobs,2026-05-04T12:18:21Z,"Sword is a leading provider of business technology solutions within the Energy, Public and Finance Sectors, driving transformational change within our clients. We use proven technology, specialist teams and domain expertise to build solid technical foundations across platforms, data, and business applications. We have a passion for using technology to solve business problems, working in partnership with our clients to help in achieving their goals. This is a pivotal leadership role at a time of…",https://www.adzuna.co.uk/jobs/details/5718538389?utm_medium=api&utm_source=c0698c3f,data engineer,Edinburgh
5750394294,"Principal Product Manager, Loyalty",Skyscanner,"Edinburgh, Scotland","UK, Scotland, Edinburgh",65660.12,65660.12,1,contract,,IT Jobs,2026-06-03T10:39:31Z,"About Skyscanner Everyone loves travelling, but planning is not without its challenges ✈️. That's why we've spent 20 years building tools that turn travel-planning chaos into a breeze. Today, around 160 million travellers count on us every month to skip the whole “47 browser tabs open” phase and find flights, cars, and hotels quickly and easily . Joining Skyscanner means becoming part of a global brand that's striving to become the planet's go-to travel hack accessible for all . Our vision? To …",https://www.adzuna.co.uk/jobs/details/5750394294?utm_medium=api&utm_source=c0698c3f,data engineer,Edinburgh
5800214159,AI Solution Architect - Financial Services Consulting,Datatech Analytics,"Edinburgh, Scotland","UK, Scotland, Edinburgh",83234.66,83234.66,1,permanent,,IT Jobs,2026-07-14T21:33:17Z,"AI Solution Architect - FS Consulting Ready to take AI beyond proof of concept? A leading consulting and technology firm is hiring AI Solution Architects and Technical AI Leaders to shape enterprise AI and GenAI strategy for major banking clients, turning ambitious ideas into secure, production-grade deployments across regulated financial environments. Hybrid working, based in Scotland. What you'll do Set the AI and GenAI architecture strategy and roadmap. Build scalable AI/ML and Agentic AI pl…",https://www.adzuna.co.uk/jobs/details/5800214159?utm_medium=api&utm_source=c0698c3f,data engineer,Edinburgh
5794390646,Customer Service Apprentice,NatWest Group,"Edinburgh, Scotland","UK, Scotland, Edinburgh",25785,25785,0,,,Accounting & Finance Jobs,2026-07-09T19:33:07Z,"Digital X brings together our digital, data, and engineering expertise to create simple, secure experiences and deliver innovative solutions that help the bank move faster and make banking better for everyone.\n\nAs a Customer Service Apprentice, youâll be helping protect our customers and supporting our fraud prevention teams. Youâll learn how to process and investigate customer transactions, follow service level targets, and gather the right information to help deliver great outcomes for …",https://www.adzuna.co.uk/jobs/details/5794390646?utm_medium=api&utm_source=c0698c3f,data engineer,Edinburgh
5766916290,Senior Quality Engineer,Opus 2,"Edinburgh, Scotland","UK, Scotland, Edinburgh",50000,60000,0,,full_time,IT Jobs,2026-06-17T17:09:27Z,"Senior quality engineering at Opus 2 is hands-on, high-trust, and works across teams. You'll lead complex, often ambiguous quality work from problem to production, coach squads to own their own quality, raise the bar on the engineers around you, and help shape how we build software in a moment where AI is changing the work week to week. You'll build quality into how multiple squads, and the wider organisation, design, ship, and operate software, as part of the Quality Engineering enablement fun…",https://www.adzuna.co.uk/jobs/details/5766916290?utm_medium=api&utm_source=c0698c3f,data engineer,Edinburgh
5756436085,Head of Data,Sword Group,"Edinburgh, Scotland","UK, Scotland, Edinburgh",81000.98,81000.98,1,,full_time,IT Jobs,2026-06-08T18:24:31Z,"Sword is a leading provider of business technology solutions within the Energy, Public and Finance Sectors, driving transformational change within our clients. We use proven technology, specialist teams and domain expertise to build solid technical foundations across platforms, data, and business applications. We have a passion for using technology to solve business problems, working in partnership with our clients to help in achieving their goals. This is a pivotal leadership role at a time of…",https://www.adzuna.co.uk/jobs/details/5756436085?utm_medium=api&utm_source=c0698c3f,data engineer,Edinburgh
5727328995,Customer Service Apprentice,NatWest Group,"Edinburgh, Scotland","UK, Scotland, Edinburgh",22631.84,22631.84,1,,full_time,Admin Jobs,2026-05-12T22:12:19Z,"Progress as unique as you are Apprenticeship – Digital X Starting October 2026. Digital X brings together our digital, data, and engineering expertise to create simple, secure experiences and deliver innovative solutions that help the bank move faster and make banking better for everyone. Programme length: 15 months Salary: £25,785 Qualification gained: Providing Financial Services Level 6 Location: Edinburgh This job is telephony based Our people work in different ways depending on their roles…",https://www.adzuna.co.uk/jobs/details/5727328995?utm_medium=api&utm_source=c0698c3f,data engineer,Edinburgh
5799015933,Senior Mechanical Design Engineer,Peace Recruitment,"Edinburgh, Scotland","UK, Scotland, Edinburgh",50000,50000,0,,,Engineering Jobs,2026-07-13T20:11:00Z,"Senior Mechanical Engineer – Data Centres About the role An international engineering consultancy is seeking a Senior Mechanical Engineer to support the delivery of technically complex, mission-critical data centre projects . This role is ideal for an experienced building services engineer who enjoys leading design packages, supporting junior engineers, and working closely with clients and multidisciplinary teams. You will play a key role in delivering high-performance mechanical systems that p…",https://www.adzuna.co.uk/jobs/details/5799015933?utm_medium=api&utm_source=c0698c3f,data engineer,Edinburgh
5809546087,Data Analyst Placement Programme No Experience Needed,IT Online Learning,"Edinburgh, Scotland","UK, Scotland, Edinburgh",65000,65000,0,permanent,,IT Jobs,2026-07-21T17:55:38Z,"Data Analyst Placement Programme no experience needed From £30,000 to £65,000 per annum Trainee Data Analyst £30,000£65,000 Job Programme This is a self-funded programme that leads to employment, fees apply. Job Guarantee Complete the programme and get a job, or get your course fees back. Location: UK Wide (Remote Opportunities Available) Looking to start a career in Data Analysis? We are offering a structured pathway into Data Analysis, designed to help you enter the industry with no prior exp…",https://www.adzuna.co.uk/jobs/land/ad/5809546087?se=OsDwqg6G8RGJg-uPs_L7lA&utm_medium=api&utm_source=c0698c3f&v=8D8DCF88CC127109309DAA502D7DF0688487147B,data analyst,Edinburgh
5804704720,Data Analyst Placement Programme,IT Online Learning,"Edinburgh, Scotland","UK, Scotland, Edinburgh",65000,65000,0,,full_time,IT Jobs,2026-07-17T10:45:24Z,"Salary: £65,000 - 65,000 per year Requirements: We are looking for candidates with no prior experience required, as this programme is designed to help you start a career in data analysis. We are seeking people who are motivated to train online at their own pace and become job-ready in as little as a few weeks. We require candidates to complete the programme and pass all required qualifications. We expect candidates to actively engage with our recruitment process. We are looking for people who c…",https://www.adzuna.co.uk/jobs/details/5804704720?utm_medium=api&utm_source=c0698c3f,data analyst,Edinburgh
5810688129,Data Analyst (Actuarial Modelling),Prudential UK Services,"Edinburgh, Scotland","UK, Scotland, Edinburgh",46551.12,46551.12,1,,full_time,Accounting & Finance Jobs,2026-07-22T10:44:25Z,"At M&G, our purpose is to give everyone real confidence to put their money to work. With a heritage dating back more than 175 years, we have a long history of innovation in savings and investments, combining asset management and insurance expertise to offer a wide range of solutions. Our two distinct operating segments, Asset Management and Life, work together to provide access to balanced, long-term investment and savings solutions. Through telling it like it is, owning it now and moving it fo…",https://www.adzuna.co.uk/jobs/details/5810688129?utm_medium=api&utm_source=c0698c3f,data analyst,Edinburgh
5717302560,Alts Data Ops Analyst,Addepar,"Edinburgh, Scotland","UK, Scotland, Edinburgh",53277.75,53277.75,1,,,Accounting & Finance Jobs,2026-05-02T22:00:25Z,"Who We Are Addepar is a global data and AI platform empowering investment professionals to turn complex financial information into actionable intelligence. Addepar unifies portfolio, market and client data in a total portfolio view and delivers AI-powered insights within investment and client workflows. More than 1,400 firms in nearly 60 countries use Addepar to manage and advise on nearly $9 trillion in assets. Its open platform integrates with nearly 650 software, data and consulting partners…",https://www.adzuna.co.uk/jobs/details/5717302560?utm_medium=api&utm_source=c0698c3f,data analyst,Edinburgh
5665221830,Portfolio Data Operations Analyst,Addepar,"Edinburgh, Scotland","UK, Scotland, Edinburgh",42045.32,42045.32,1,,,IT Jobs,2026-03-14T10:16:30Z,"Who We Are Addepar is a global data and AI platform empowering investment professionals to turn complex financial information into actionable intelligence. Addepar unifies portfolio, market and client data in a total portfolio view and delivers AI-powered insights within investment and client workflows. More than 1,400 firms in nearly 60 countries use Addepar to manage and advise on nearly $9 trillion in assets. Its open platform integrates with nearly 650 software, data and consulting partners…",https://www.adzuna.co.uk/jobs/details/5665221830?utm_medium=api&utm_source=c0698c3f,data analyst,Edinburgh
5730277129,Sr. Data Projects Analyst,Addepar,"Edinburgh, Scotland","UK, Scotland, Edinburgh",43646.81,43646.81,1,contract,,IT Jobs,2026-05-15T12:52:51Z,"Who We Are Addepar is a global data and AI platform empowering investment professionals to turn complex financial information into actionable intelligence. Addepar unifies portfolio, market and client data in a total portfolio view and delivers AI-powered insights within investment and client workflows. More than 1,400 firms in nearly 60 countries use Addepar to manage and advise on nearly $9 trillion in assets. Its open platform integrates with nearly 650 software, data and consulting partners…",https://www.adzuna.co.uk/jobs/details/5730277129?utm_medium=api&utm_source=c0698c3f,data analyst,Edinburgh
5798991181,Data and Reporting Analyst,Teacheroo,"Edinburgh City Centre, Edinburgh","UK, Scotland, Edinburgh, Edinburgh City Centre",40221.75,40221.75,1,permanent,full_time,Admin Jobs,2026-07-13T19:17:49Z,"Package Description: Erskine Stewart Melville are currently recruiting for an Data and Reporting Analyst to join the ICT Team on a permanent basis as soon as possible (subject to satisfactory pre-employment checks). The role is full-time, working 36.25 hours per week. The salary range for the role is £34,023 to £37,690 per annum, dependant on skills and experience. The role is based across the Queensferry Road and Ravelston sites. The purpose of the role is to support the school's data systems …",https://www.adzuna.co.uk/jobs/details/5798991181?utm_medium=api&utm_source=c0698c3f,data analyst,Edinburgh
5783907146,HR Data and Reporting Analyst,The Progeny Group Limited,"Edinburgh City Centre, Edinburgh","UK, Scotland, Edinburgh, Edinburgh City Centre",54798.34,54798.34,1,contract,,IT Jobs,2026-07-01T16:45:31Z,"Role Profile The HR Data Analyst plays a key role in delivering high-quality people data, insights and reporting to support strategic decision making across the organisation. The role focuses on developing robust data analysis, reporting and governance practices across the full employee lifecycle, enabling the People team and business leaders to make informed, evidence-based decisions. While the primary focus of the role is broader people analytics, the role also provides analytical support acr…",https://www.adzuna.co.uk/jobs/details/5783907146?utm_medium=api&utm_source=c0698c3f,data analyst,Edinburgh
5810688869,Actuarial Analyst (Policyholder Data),Prudential UK Services,"Edinburgh, Scotland","UK, Scotland, Edinburgh",51007.86,51007.86,1,,full_time,IT Jobs,2026-07-22T10:44:54Z,"At M&G, our purpose is to give everyone real confidence to put their money to work. With a heritage dating back more than 175 years, we have a long history of innovation in savings and investments, combining asset management and insurance expertise to offer a wide range of solutions. Our two distinct operating segments, Asset Management and Life, work together to provide access to balanced, long-term investment and savings solutions. Through telling it like it is, owning it now and moving it fo…",https://www.adzuna.co.uk/jobs/details/5810688869?utm_medium=api&utm_source=c0698c3f,data analyst,Edinburgh
5759899512,Product Manager - Reference Data,Addepar,"Edinburgh, Scotland","UK, Scotland, Edinburgh",46943.07,46943.07,1,,,IT Jobs,2026-06-11T13:02:04Z,"Who We Are Addepar is a global data and AI platform empowering investment professionals to turn complex financial information into actionable intelligence. Addepar unifies portfolio, market and client data in a total portfolio view and delivers AI-powered insights within investment and client workflows. More than 1,400 firms in nearly 60 countries use Addepar to manage and advise on nearly $9 trillion in assets. Its open platform integrates with nearly 650 software, data and consulting partners…",https://www.adzuna.co.uk/jobs/details/5759899512?utm_medium=api&utm_source=c0698c3f,data analyst,Edinburgh
5805173378,Data & Tooling Lead,Royal London Group,"Edinburgh, Scotland","UK, Scotland, Edinburgh",46613.89,46613.89,1,contract,,IT Jobs,2026-07-17T21:53:00Z,"Contract type: Fixed Term Location: Alderley Park Working style: Hybrid 50% home/office based As part of the Data & Tooling team, supporting the Data & Tooling Manager. The primary objective of this role is to support on the operational execution and development of our suite of Portfolio reporting and Tooling capability and service offering. You will work as part of a small team for Data, Tooling & Reporting PMO Analysts. Maintaining a close relationship and collaborating with the Enterprise Po…",https://www.adzuna.co.uk/jobs/details/5805173378?utm_medium=api&utm_source=c0698c3f,data analyst,Edinburgh
5785834686,Junior Ethical Hacker Placement Programme - no experience needed,IT Online Learning,"Edinburgh, Scotland","UK, Scotland, Edinburgh",65000,65000,0,,,IT Jobs,2026-07-02T21:45:36Z,"This is a self-funded training programme, and fees do apply. Trainee Ethical Hacker £35,000£65,000 Job Programme This is a self-funded programme that leads to employment, fees apply. Job Guarantee Complete the programme and get a job, or get your course fees back. IMPORTANT: *Please note: this is a self-funded programme costing around £170 per month. If this is not feasible, please do not apply. Looking to start a career in Cyber Security? We are offering a structured pathway into Cyber Securit…",https://www.adzuna.co.uk/jobs/details/5785834686?utm_medium=api&utm_source=c0698c3f,data analyst,Edinburgh
5791473579,DevOps Engineer,Bright Purple Resourcing,"Edinburgh, Scotland","UK, Scotland, Edinburgh",60000,60000,0,,,IT Jobs,2026-07-07T23:20:36Z,"DevOps Engineer - Edinburgh, Hybrid Delighted to be working with a Space-Tech company that's quietly becoming one of the UK's standout technology success stories. Close to doubling in size in 2026/27, this is the chance to be part of a truly ambitious and pioneering story. Their platform is helping reshape how complex space systems are built and operated, and demand is growing fast across international markets. As a result, they're scaling at pace, with this role forming part of a significant g…",https://www.adzuna.co.uk/jobs/details/5791473579?utm_medium=api&utm_source=c0698c3f,devops engineer,Edinburgh
5791063231,DevOps Engineer,Bright Purple Resourcing,"Edinburgh, Scotland","UK, Scotland, Edinburgh",60000,60000,0,,,IT Jobs,2026-07-07T15:05:29Z,"DevOps Engineer Edinburgh, Hybrid Delighted to be working with a Space-Tech company that's quietly becoming one of the UK's standout technology success stories. Close to doubling in size in 2026/27, this is the chance to be part of a truly ambitious and pioneering story. Their platform is helping reshape how complex space systems are built and operated, and demand is growing fast across international markets. As a result, they're scaling at pace, with this role forming part of a significant gro…",https://www.adzuna.co.uk/jobs/details/5791063231?utm_medium=api&utm_source=c0698c3f,devops engineer,Edinburgh
5773742094,Security Engineer - AVP,Barclays,"Edinburgh, Scotland","UK, Scotland, Edinburgh",53213.57,53213.57,1,,full_time,IT Jobs,2026-06-23T17:11:42Z,"Join Barclays as a Security Engineer — and help protect and power the next generation of digital banking. You’ll take ownership of securing AWS platforms at scale, driving DevSecOps innovation, and embedding security into the fabric of engineering. This is a high-impact role where you’ll influence how teams build, deliver, and operate — raising the bar on resilience, speed, and security across the organisation. To be successful as a Security Engineer, you should have experience with Cloud Appli…",https://www.adzuna.co.uk/jobs/details/5773742094?utm_medium=api&utm_source=c0698c3f,devops engineer,Edinburgh
5789988946,Security Engineer - AVP,Barclays,"Edinburgh, Scotland","UK, Scotland, Edinburgh",51593.57,51593.57,1,,,IT Jobs,2026-07-06T16:39:37Z,"hackajob is collaborating with Barclays to connect them with exceptional professionals for this role. Join Barclays as a Security Engineer — and help protect and power the next generation of digital banking. You’ll take ownership of securing AWS platforms at scale, driving DevSecOps innovation, and embedding security into the fabric of engineering. This is a high-impact role where you’ll influence how teams build, deliver, and operate — raising the bar on resilience, speed, and security across …",https://www.adzuna.co.uk/jobs/land/ad/5789988946?se=XMgVrA6G8RGa14EqyXoy-w&utm_medium=api&utm_source=c0698c3f&v=77D029468A0C80B8E2A9B0DB0AFDCF57D70B71EE,devops engineer,Edinburgh
5794306699,Lead Site Reliability Engineer (SRE Squad Lead),Inspire People,"Edinburgh, Scotland","UK, Scotland, Edinburgh",80000,80000,0,permanent,part_time,IT Jobs,2026-07-09T17:57:31Z,"Become part of a mission-driven digital team helping to build reliable, secure and scalable digital services that support economic growth across the UK. The Department for Business and Trade (DBT), in partnership with Inspire People, is seeking a Senior SRE Squad Lead with experience leading and developing engineers, strong DevOps and Site Reliability Engineering expertise, cloud platform experience, infrastructure-as-code capability and a passion for building resilient distributed systems. Bas…",https://www.adzuna.co.uk/jobs/land/ad/5794306699?se=XMgVrA6G8RGa14EqyXoy-w&utm_medium=api&utm_source=c0698c3f&v=E42282F81BB040D8B9778B90A6DFB0D79C1CD711,devops engineer,Edinburgh
5774363385,"Lead Azure Platform Engineer, PaaS, Home Based",Fdo Consulting Limited,"Edinburgh, Scotland","UK, Scotland, Edinburgh",100000,100000,0,,,IT Jobs,2026-06-24T05:38:53Z,"Lead Azure Cloud Platform Engineer, Financial Service environment, Azure platform leadership across enterprise PaaS, Fully Home Based, c £ 90000 - 100000 bonus benefits. Financial Service client is looking for a stand alone lead Azure Cloud Platform Engineer with excellent knowledge of Terrafrom and proven Azure platform leadership across enterprise scale PaaS. This is a Lead hands-on Cloud engineering role where you will be responsible for the design, build, automation and continuous improve…",https://www.adzuna.co.uk/jobs/details/5774363385?utm_medium=api&utm_source=c0698c3f,devops engineer,Edinburgh
5789179836,Senior Cloud Platform Engineer,CreateFuture,"Edinburgh, Scotland","UK, Scotland, Edinburgh",70790.12,70790.12,1,,,IT Jobs,2026-07-05T15:33:24Z,"Working at CreateFuture CreateFuture is an AI-native consulting partner where people do work that matters and are supported to do it well. We work alongside organisations such as PayPal, adidas, NatWest, FanDuel and Money Saving Expert, building digital products and services that make a difference while always putting people first. We’re a team of creators. We write code, shape delivery, build go-to-market strategies, develop AI solutions and create the practices that support our people. We wor…",https://www.adzuna.co.uk/jobs/details/5789179836?utm_medium=api&utm_source=c0698c3f,devops engineer,Edinburgh
5789180337,Lead Cloud Platform Engineer,CreateFuture,"Edinburgh, Scotland","UK, Scotland, Edinburgh",79841.21,79841.21,1,,,IT Jobs,2026-07-05T15:35:42Z,"Working at CreateFuture CreateFuture is an AI-native consulting partner where people do work that matters and are supported to do it well. We work alongside organisations such as PayPal, adidas, NatWest, FanDuel and Money Saving Expert, building digital products and services that make a difference while always putting people first. We’re a team of creators. We write code, shape delivery, build go-to-market strategies, develop AI solutions and create the practices that support our people. We wor…",https://www.adzuna.co.uk/jobs/details/5789180337?utm_medium=api&utm_source=c0698c3f,devops engineer,Edinburgh
5719888186,"Applied Scientist, Intelligent Talent Acquisition - Lead Generation & Detection Services",Amazon,"Edinburgh, Scotland","UK, Scotland, Edinburgh",57039.21,57039.21,1,,,Scientific & QA Jobs,2026-05-06T01:13:23Z,"Description Do you want to make a real difference to real people's lives? Want to design and build fair and explainable systems which automate recruitment processes across Amazon? Come and be part of a team that develops new machine learning (ML) technologies, which help Amazon scale for its customers by recruiting diverse teams. Join our Recommendations team within Intelligent Talent Acquisition (ITA) where you'll build machine learning products that transform how job seekers find opportunitie…",https://www.adzuna.co.uk/jobs/details/5719888186?utm_medium=api&utm_source=c0698c3f,machine learning engineer,Edinburgh
5657681439,Principal Backend Developer (Java),Capco,"Edinburgh, Scotland","UK, Scotland, Edinburgh",83559.71,83559.71,1,permanent,,IT Jobs,2026-03-07T16:01:49Z,"Principal Backend Engineer – Java Location: Edinburgh (Hybrid) | Practice Area : Technology & Engineering | Type: Permanent Architect the next generation of financial platforms. Lead with Java expertise. Deliver impact at scale. The Role We’re looking for a Principal Backend Engineer (Java) to join our Technology & Engineering team. This leadership-level role calls for deep technical acumen, a security-first mindset, and strong coaching capabilities. You’ll architect cloud-native backend system…",https://www.adzuna.co.uk/jobs/details/5657681439?utm_medium=api&utm_source=c0698c3f,backend developer,Edinburgh
5725396456,Senior AI Engineer,Capco,"Edinburgh, Scotland","UK, Scotland, Edinburgh",72722.8,72722.8,1,permanent,,IT Jobs,2026-05-10T22:11:08Z,"Senior AI Engineer Location: Scotland (Edinburgh Hybrid) | Practice Area: Technology & Engineering | Type: Permanent Shape the future of AI-powered financial services through cutting-edge generative AI engineering and enterprise-scale innovation. The Role We’re looking for a Senior AI Engineer (Senior/Principal Consultant) to join our Technology Delivery team. In this role, you’ll combine deep expertise in AI/ML engineering and software development to design, build, and deploy advanced generati…",https://www.adzuna.co.uk/jobs/details/5725396456?utm_medium=api&utm_source=c0698c3f,backend developer,Edinburgh
5805929187,"Chatbot Developer (WhatsApp, Telegram, Discord) - Freelance",Mindrift,"Edinburgh, Scotland","UK, Scotland, Edinburgh",102334.99,102334.99,1,contract,part_time,IT Jobs,2026-07-18T08:59:56Z,"Mindrift is looking for skilled Bot Developers (WhatsApp Business API, Telegram Bot API, Discord API) to join the Tendem project ( https://tendem.ai/ ) and build conversational bots and messaging-platform integrations within our hybrid AI human environment. In this role, as an AI Pilot – that's how we refer to this position at Mindrift – you'll collaborate with Tendem Agents that handle repetitive tasks, while you provide bot engineering expertise, conversational design judgment, and quality c…",https://www.adzuna.co.uk/jobs/details/5805929187?utm_medium=api&utm_source=c0698c3f,backend developer,Edinburgh
5730500031,Design Engineer,Quorum Cyber,"Edinburgh, Scotland","UK, Scotland, Edinburgh",64037.34,64037.34,1,permanent,full_time,IT Jobs,2026-05-15T19:34:28Z,"Company Description: At Quorum Cyber, we're on a mission to help good people win. Founded in Edinburgh in 2016, we're one of the fastest growing cyber security companies in the UK and North America, serving over 400 customers on four continents. We protect organisations against the rising threat of cyber-attacks, enabling them to thrive in an increasingly unpredictable and inhospitable digital landscape. As a Microsoft-only security house, a Microsoft Solutions Partner for Security, a member of…",https://www.adzuna.co.uk/jobs/details/5730500031?utm_medium=api&utm_source=c0698c3f,frontend developer,Edinburgh
5792092142,Lead Frontend Engineer,Ember,"Edinburgh City Centre, Edinburgh","UK, Scotland, Edinburgh, Edinburgh City Centre",70000,110000,0,permanent,full_time,IT Jobs,2026-07-08T06:49:19Z,"We’re looking for a Lead Frontend Engineer to set the technical direction for Ember’s frontend while building products used by passengers, drivers and internal teams. This is a senior individual contributor role, not a line management role. You’ll own how our frontend works: architecture, framework choices, component patterns, styling, testing, performance, accessibility and maintainability. Most of your work will be hands-on frontend product development, across customer-facing products and the…",https://www.adzuna.co.uk/jobs/details/5792092142?utm_medium=api&utm_source=c0698c3f,frontend developer,Edinburgh
5790988227,Web Developer,Heriot-Watt University,"Hermiston, Currie","UK, Scotland, Edinburgh, Currie, Hermiston",37694,47389,0,,full_time,IT Jobs,2026-07-07T14:42:37Z,"Description Role : Web Developer Grade and Salary: Grade 7 - £37,694 - £47,389 per annum Contract Type: Full Time, Open Ended Organisation Name: Global Information Services Directorate Holiday Entitlement: 33 days annual leave plus 9 buildings closed days. About our Directorate and Team The Global Information Services directorate provides a range of services to support, promote and supply information, information skills and infrastructure to support a modern research-intensive university in a g…",https://www.adzuna.co.uk/jobs/land/ad/5790988227?se=ApZxrw6G8RGJg-uPs_L7lA&utm_medium=api&utm_source=c0698c3f&v=F411A91F3844C7FC6269B6E829195C9048C58A36,frontend developer,Edinburgh
5804856103,Back End - PHP Laravel Developer,Cyberhawk,"Edinburgh City Centre, Edinburgh","UK, Scotland, Edinburgh, Edinburgh City Centre",46889.03,46889.03,1,contract,,IT Jobs,2026-07-17T13:43:18Z,"PHP Laravel Software Engineer - Back End / Full Stack - 9 month Contract This is a full remote opportunity but you do need to live /- 3 hours from GMT (UK time) for communication with the team. Cyberhawk pairs expert drone inspection services with our powerful iHawk aerial data management platform to provide reliable insight for our energy and large capital project clients. Ultimately, our software helps keep people out of danger whilst helping our clients make smarter decisions and reduce thei…",https://www.adzuna.co.uk/jobs/details/5804856103?utm_medium=api&utm_source=c0698c3f,full stack developer,Edinburgh
